                                      1 ;--------------------------------------------------------
                                      2 ; File Created by SDCC : free open source ISO C Compiler
                                      3 ; Version 4.6.0 #16555 (MINGW64)
                                      4 ;--------------------------------------------------------
                                      5 	.module bluebakas
                                      6 	
                                      7 	.optsdcc -mz80 sdcccall(1)
                                      8 ;--------------------------------------------------------
                                      9 ; Public variables in this module
                                     10 ;--------------------------------------------------------
                                     11 	.globl _main
                                     12 	.globl _DrawInt4At
                                     13 	.globl _ShowTitleScreen
                                     14 	.globl _UpdateMeanie
                                     15 	.globl _UpdateOneMeanie
                                     16 	.globl _CheckMeanieCrashAt
                                     17 	.globl _CheckMeaniePoint
                                     18 	.globl _TrySpawnMeanie
                                     19 	.globl _SpawnMeanie
                                     20 	.globl _PickMeanieSideMove
                                     21 	.globl _UpdateActiveLaser
                                     22 	.globl _StartLaser
                                     23 	.globl _CanFireLaser
                                     24 	.globl _HasLaserOnScreen
                                     25 	.globl _UpdateRepairRobot
                                     26 	.globl _RepairRobotTile
                                     27 	.globl _MoveRepairRobot
                                     28 	.globl _InitRepairRobot
                                     29 	.globl _IsDestroyableTile
                                     30 	.globl _SetMapTile
                                     31 	.globl _GetMapIndex
                                     32 	.globl _InitMeanie
                                     33 	.globl _PlaySFX
                                     34 	.globl _InitSound
                                     35 	.globl _VBlankHook
                                     36 	.globl _InitGraphics
                                     37 	.globl _ayFX_Update
                                     38 	.globl _ayFX_Mute
                                     39 	.globl _ayFX_PlayBank
                                     40 	.globl _ayFX_InitBank
                                     41 	.globl _Pawn_Draw
                                     42 	.globl _Pawn_Update
                                     43 	.globl _Pawn_SetEnable
                                     44 	.globl _Pawn_SetPosition
                                     45 	.globl _Pawn_Initialize
                                     46 	.globl _PSG_Apply
                                     47 	.globl _PSG_Mute
                                     48 	.globl _Print_DrawInt
                                     49 	.globl _Print_DrawText
                                     50 	.globl _Print_SetTextFont
                                     51 	.globl _VDP_Poke_16K
                                     52 	.globl _VDP_FillVRAM_16K
                                     53 	.globl _VDP_WriteVRAM_16K
                                     54 	.globl _VDP_RegWriteBakMask
                                     55 	.globl _VDP_RegWrite
                                     56 	.globl _VDP_SetMode
                                     57 	.globl _VDP_ClearVRAM
                                     58 	.globl _BIOS_SetHookCallback
                                     59 	.globl _Keyboard_Read
                                     60 	.globl _g_KeyRow5Prev
                                     61 	.globl _g_KeyRow4Prev
                                     62 	.globl _g_KeyRow2Prev
                                     63 	.globl _g_LaserStepDelay
                                     64 	.globl _g_LaserDir
                                     65 	.globl _g_LaserTile
                                     66 	.globl _g_LaserTileY
                                     67 	.globl _g_LaserTileX
                                     68 	.globl _g_hasHUDChanged
                                     69 	.globl _g_ShowGoodHit
                                     70 	.globl _g_LaserErasing
                                     71 	.globl _g_LaserActive
                                     72 	.globl _g_RobotMoveDelay
                                     73 	.globl _g_KeyRow8Prev
                                     74 	.globl _g_RobotUnderTile
                                     75 	.globl _g_RobotTileY
                                     76 	.globl _g_RobotTileX
                                     77 	.globl _g_GameOverSoundDone
                                     78 	.globl _g_GameOverToTitle
                                     79 	.globl _g_FuelSoundRestart
                                     80 	.globl _g_FuelSoundWanted
                                     81 	.globl _g_Rand
                                     82 	.globl _g_FuelSpawnDelay
                                     83 	.globl _g_FuelYFix
                                     84 	.globl _g_FuelXFix
                                     85 	.globl _g_ExplosionActive
                                     86 	.globl _g_FuelActive
                                     87 	.globl _Energy
                                     88 	.globl _Score
                                     89 	.globl _g_RamMap
                                     90 	.globl _g_Explosion
                                     91 	.globl _g_Fuel
                                     92 	.globl _g_Meanies
                                     93 	.globl _g_SLTSL
                                     94 	.globl _g_GRPACY
                                     95 	.globl _g_GRPACX
                                     96 	.globl _g_LOGOPR
                                     97 	.globl _g_CMASK
                                     98 	.globl _g_CLOC
                                     99 	.globl _g_FNKSTR
                                    100 	.globl _g_GETPNT
                                    101 	.globl _g_PUTPNT
                                    102 	.globl _g_ATRBYT
                                    103 	.globl _g_BDRCLR
                                    104 	.globl _g_BAKCLR
                                    105 	.globl _g_FORCLR
                                    106 	.globl _g_CSRX
                                    107 	.globl _g_CSRY
                                    108 	.globl _g_CLIKSW
                                    109 	.globl _g_MLTPAT
                                    110 	.globl _g_MLTATR
                                    111 	.globl _g_MLTCGP
                                    112 	.globl _g_MLTCOL
                                    113 	.globl _g_MLTNAM
                                    114 	.globl _g_GRPPAT
                                    115 	.globl _g_GRPATR
                                    116 	.globl _g_GRPCGP
                                    117 	.globl _g_GRPCOL
                                    118 	.globl _g_GRPNAM
                                    119 	.globl _g_T32PAT
                                    120 	.globl _g_T32ATR
                                    121 	.globl _g_T32CGP
                                    122 	.globl _g_T32COL
                                    123 	.globl _g_T32NAM
                                    124 	.globl _g_TXTPAT
                                    125 	.globl _g_TXTATR
                                    126 	.globl _g_TXTCGP
                                    127 	.globl _g_TXTCOL
                                    128 	.globl _g_TXTNAM
                                    129 	.globl _g_CLMLST
                                    130 	.globl _g_CRTCNT
                                    131 	.globl _g_LINLEN
                                    132 	.globl _g_LINL32
                                    133 	.globl _g_LINL40
                                    134 	.globl _g_ExplosionActions
                                    135 	.globl _g_ExplosionFrames
                                    136 	.globl _g_ExplosionSprite
                                    137 	.globl _g_FuelActions
                                    138 	.globl _g_FuelFrames
                                    139 	.globl _g_FuelSprite
                                    140 	.globl _g_MeanieActions
                                    141 	.globl _g_MeanieFrames
                                    142 	.globl _g_MeanieSprite
                                    143 	.globl _g_sfx
                                    144 	.globl _g_Fuel8x8
                                    145 	.globl _g_Explosion8x8
                                    146 	.globl _g_Meanie8x8
                                    147 	.globl _g_Tiles_Patterns
                                    148 	.globl _g_Map
                                    149 	.globl _g_Font_PETSCII
                                    150 	.globl _g_BDOS
                                    151 	.globl _g_MASTER
                                    152 	.globl _g_RAMAD3
                                    153 	.globl _g_RAMAD2
                                    154 	.globl _g_RAMAD1
                                    155 	.globl _g_RAMAD0
                                    156 	.globl _g_BREAKV
                                    157 	.globl _g_DISKVE
                                    158 	.globl _g_KANJTABLE
                                    159 	.globl _g_STRSRC
                                    160 	.globl _g_SUBRID
                                    161 	.globl _g_CHAR_16
                                    162 	.globl _g_MSXMID
                                    163 	.globl _g_MSXVER
                                    164 	.globl _g_ROMVersion
                                    165 	.globl _g_BASRVN
                                    166 	.globl _g_VDP_DW
                                    167 	.globl _g_VDP_DR
                                    168 	.globl _g_CGTABL
                                    169 	.globl _g_SVFFFD
                                    170 	.globl _g_RG27SAV
                                    171 	.globl _g_RG26SAV
                                    172 	.globl _g_RG25SAV
                                    173 	.globl _g_SVFFF8
                                    174 	.globl _g_MINROM
                                    175 	.globl _g_RG23SAV
                                    176 	.globl _g_RG22SAV
                                    177 	.globl _g_RG21SAV
                                    178 	.globl _g_RG20SAV
                                    179 	.globl _g_RG19SAV
                                    180 	.globl _g_RG18SAV
                                    181 	.globl _g_RG17SAV
                                    182 	.globl _g_RG16SAV
                                    183 	.globl _g_RG15SAV
                                    184 	.globl _g_RG14SAV
                                    185 	.globl _g_RG13SAV
                                    186 	.globl _g_RG12SAV
                                    187 	.globl _g_RG11SAV
                                    188 	.globl _g_RG10SAV
                                    189 	.globl _g_RG09SAV
                                    190 	.globl _g_RG08SAV
                                    191 	.globl _g_PROCNM
                                    192 	.globl _g_SLTWRK
                                    193 	.globl _g_SLTATR
                                    194 	.globl _g_SLTTBL
                                    195 	.globl _g_EXPTBL
                                    196 	.globl _g_MNROM
                                    197 	.globl _g_DRWANG
                                    198 	.globl _g_DRWSCL
                                    199 	.globl _g_DRWFLG
                                    200 	.globl _g_GYPOS
                                    201 	.globl _g_GXPOS
                                    202 	.globl _g_BRDATR
                                    203 	.globl _g_CASPRV
                                    204 	.globl _g_OLDSCR
                                    205 	.globl _g_SCRMOD
                                    206 	.globl _g_FLBMEM
                                    207 	.globl _g_KANAMD
                                    208 	.globl _g_KANAST
                                    209 	.globl _g_CAPST
                                    210 	.globl _g_CSTYLE
                                    211 	.globl _g_CSRSW
                                    212 	.globl _g_INSFLG
                                    213 	.globl _g_ESCCNT
                                    214 	.globl _g_GRPHED
                                    215 	.globl _g_WINWID
                                    216 	.globl _g_LOWLIM
                                    217 	.globl _g_INTCNT
                                    218 	.globl _g_INTVAL
                                    219 	.globl _g_JIFFY
                                    220 	.globl _g_PADX
                                    221 	.globl _g_PADY
                                    222 	.globl _g_INTFLG
                                    223 	.globl _g_RTYCNT
                                    224 	.globl _g_TRPTBL
                                    225 	.globl _g_HIMEM
                                    226 	.globl _g_BOTTOM
                                    227 	.globl _g_PATWRK
                                    228 	.globl _g_LINWRK
                                    229 	.globl _g_KEYBUF
                                    230 	.globl _g_NEWKEY
                                    231 	.globl _g_OLDKEY
                                    232 	.globl _g_CLIKFL
                                    233 	.globl _g_ONGSBF
                                    234 	.globl _g_FNKFLG
                                    235 	.globl _g_FNKSWI
                                    236 	.globl _g_CODSAV
                                    237 	.globl _g_FSTPOS
                                    238 	.globl _g_LINTTB
                                    239 	.globl _g_BASROM
                                    240 	.globl _g_ENSTOP
                                    241 	.globl _g_VCBC
                                    242 	.globl _g_VCBB
                                    243 	.globl _g_VCBA
                                    244 	.globl _g_PLYCNT
                                    245 	.globl _g_MUSICF
                                    246 	.globl _g_QUEUEN
                                    247 	.globl _g_MCLPTR
                                    248 	.globl _g_MCLLEN
                                    249 	.globl _g_SAVVOL
                                    250 	.globl _g_VOICEN
                                    251 	.globl _g_SAVSP
                                    252 	.globl _g_PRSCNT
                                    253 	.globl _g_LSTMOD
                                    254 	.globl _g_LSTCOM
                                    255 	.globl _g_COMMSK
                                    256 	.globl _g_ESTBLS
                                    257 	.globl _g_FLAGS
                                    258 	.globl _g_ERRORS
                                    259 	.globl _g_DATCNT
                                    260 	.globl _g_DEVNUM
                                    261 	.globl _g_OLDINT
                                    262 	.globl _g_OLDSTT
                                    263 	.globl _g_MEXBIh
                                    264 	.globl _g_RSIQLN
                                    265 	.globl _g_RSFCB
                                    266 	.globl _g_TOCNT
                                    267 	.globl _g_RSTMP
                                    268 	.globl _g_YSAVE
                                    269 	.globl _g_XSAVE
                                    270 	.globl _g_NORUSE
                                    271 	.globl _g_MODE
                                    272 	.globl _g_ROMA
                                    273 	.globl _g_CHRCNT
                                    274 	.globl _g_EXBRSA
                                    275 	.globl _g_AVCSAV
                                    276 	.globl _g_ACPAGE
                                    277 	.globl _g_DPPAGE
                                    278 	.globl _g_RS2IQ
                                    279 	.globl _g_VOICCQ
                                    280 	.globl _g_VOICBQ
                                    281 	.globl _g_VOICAQ
                                    282 	.globl _g_QUEBAK
                                    283 	.globl _g_QUETAB
                                    284 	.globl _g_ASPCT2
                                    285 	.globl _g_ASPCT1
                                    286 	.globl _g_HEADER
                                    287 	.globl _g_HIGH
                                    288 	.globl _g_LOW
                                    289 	.globl _g_CS240
                                    290 	.globl _g_CS120
                                    291 	.globl _g_REPCNT
                                    292 	.globl _g_SCNCNT
                                    293 	.globl _g_FRCNEW
                                    294 	.globl _g_QUEUES
                                    295 	.globl _g_MINUPD
                                    296 	.globl _g_MAXUPD
                                    297 	.globl _g_TRGFLG
                                    298 	.globl _g_STATFL
                                    299 	.globl _g_RG7SAV
                                    300 	.globl _g_RG6SAV
                                    301 	.globl _g_RG5SAV
                                    302 	.globl _g_RG4SAV
                                    303 	.globl _g_RG3SAV
                                    304 	.globl _g_RG2SAV
                                    305 	.globl _g_RG1SAV
                                    306 	.globl _g_RG0SAV
                                    307 	.globl _g_CNSDFG
                                    308 	.globl _g_USRTAB
                                    309 	.globl _g_CLPRIM
                                    310 	.globl _g_WRPRIM
                                    311 	.globl _g_RDPRIM
                                    312 	.globl _OnSFXFinished
                                    313 	.globl _ResetGameplayFlags
                                    314 	.globl _AnyKeyDown
                                    315 	.globl _WaitForCleanKeyPress
                                    316 	.globl _InitFuel
                                    317 	.globl _SpawnFuel
                                    318 	.globl _DespawnFuel
                                    319 	.globl _TrySpawnFuel
                                    320 	.globl _FuelHitsSolidTile
                                    321 	.globl _UpdateFuel
                                    322 	.globl _UpdateFuelSound
                                    323 	.globl _PickFuelRespawnDelay
                                    324 	.globl _InitExplosion
                                    325 	.globl _StartExplosion
                                    326 	.globl _UpdateExplosion
                                    327 	.globl _GetMapTile
                                    328 	.globl _GetOriginalMapTile
                                    329 	.globl _IsExplosionDestroyableTile
                                    330 	.globl _ExplosionDestroyTilesAt
                                    331 	.globl _LaserHitsFuelAtTile
                                    332 	.globl _LaserHitsMeanieAtTile
                                    333 	.globl _UpdateLaser
                                    334 	.globl _Rand16
                                    335 	.globl _Rand8
                                    336 	.globl _RandRange
                                    337 	.globl _DestroyMapTile
                                    338 	.globl _ShowMeanerScreen
                                    339 	.globl _LoadMap
                                    340 	.globl _LoadLevel
                                    341 	.globl _DrawHUD
                                    342 ;--------------------------------------------------------
                                    343 ; special function registers
                                    344 ;--------------------------------------------------------
                         000000A0   345 _g_PSG_RegPort	=	0x00a0
                         000000A1   346 _g_PSG_DataPort	=	0x00a1
                         000000A2   347 _g_PSG_StatPort	=	0x00a2
                         00000010   348 _g_PSG_Ext_RegPort	=	0x0010
                         00000011   349 _g_PSG_Ext_DataPort	=	0x0011
                         00000012   350 _g_PSG_Ext_StatPort	=	0x0012
                         00000090   351 _g_Printer_ControlPort	=	0x0090
                         00000091   352 _g_Printer_DataPort	=	0x0091
                         0000007C   353 _g_MSXMusic_IndexPort	=	0x007c
                         0000007D   354 _g_MSXMusic_DataPort	=	0x007d
                         00000098   355 _g_VDP_DataPort	=	0x0098
                         00000099   356 _g_VDP_RegPort	=	0x0099
                         00000099   357 _g_VDP_AddrPort	=	0x0099
                         00000099   358 _g_VDP_StatPort	=	0x0099
                         000000A8   359 _g_PortPrimarySlot	=	0x00a8
                         000000A9   360 _g_PortReadKeyboard	=	0x00a9
                         000000AA   361 _g_PortAccessKeyboard	=	0x00aa
                         000000AB   362 _g_PortControl	=	0x00ab
                         000000B4   363 _g_RTC_AddrPort	=	0x00b4
                         000000B5   364 _g_RTC_DataPort	=	0x00b5
                         000000C0   365 _g_MSXAudio_IndexPort	=	0x00c0
                         000000C1   366 _g_MSXAudio_DataPort	=	0x00c1
                         000000C2   367 _g_MSXAudio_IndexPort2	=	0x00c2
                         000000C3   368 _g_MSXAudio_DataPort2	=	0x00c3
                         000000D8   369 _g_Kanji_Level1LowPort	=	0x00d8
                         000000D9   370 _g_Kanji_Level1HighPort	=	0x00d9
                         000000DA   371 _g_Kanji_Level2LowPort	=	0x00da
                         000000DB   372 _g_Kanji_Level2HighPort	=	0x00db
                                    373 ;--------------------------------------------------------
                                    374 ; ram data
                                    375 ;--------------------------------------------------------
                                    376 	.area _DATA
                         0000F3AE   377 _g_LINL40	=	0xf3ae
                         0000F3AF   378 _g_LINL32	=	0xf3af
                         0000F3B0   379 _g_LINLEN	=	0xf3b0
                         0000F3B1   380 _g_CRTCNT	=	0xf3b1
                         0000F3B2   381 _g_CLMLST	=	0xf3b2
                         0000F3B3   382 _g_TXTNAM	=	0xf3b3
                         0000F3B5   383 _g_TXTCOL	=	0xf3b5
                         0000F3B7   384 _g_TXTCGP	=	0xf3b7
                         0000F3B9   385 _g_TXTATR	=	0xf3b9
                         0000F3BB   386 _g_TXTPAT	=	0xf3bb
                         0000F3BD   387 _g_T32NAM	=	0xf3bd
                         0000F3BF   388 _g_T32COL	=	0xf3bf
                         0000F3C1   389 _g_T32CGP	=	0xf3c1
                         0000F3C3   390 _g_T32ATR	=	0xf3c3
                         0000F3C5   391 _g_T32PAT	=	0xf3c5
                         0000F3C7   392 _g_GRPNAM	=	0xf3c7
                         0000F3C9   393 _g_GRPCOL	=	0xf3c9
                         0000F3CB   394 _g_GRPCGP	=	0xf3cb
                         0000F3CD   395 _g_GRPATR	=	0xf3cd
                         0000F3CF   396 _g_GRPPAT	=	0xf3cf
                         0000F3D1   397 _g_MLTNAM	=	0xf3d1
                         0000F3D3   398 _g_MLTCOL	=	0xf3d3
                         0000F3D5   399 _g_MLTCGP	=	0xf3d5
                         0000F3D7   400 _g_MLTATR	=	0xf3d7
                         0000F3D9   401 _g_MLTPAT	=	0xf3d9
                         0000F3DB   402 _g_CLIKSW	=	0xf3db
                         0000F3DC   403 _g_CSRY	=	0xf3dc
                         0000F3DD   404 _g_CSRX	=	0xf3dd
                         0000F3E9   405 _g_FORCLR	=	0xf3e9
                         0000F3EA   406 _g_BAKCLR	=	0xf3ea
                         0000F3EB   407 _g_BDRCLR	=	0xf3eb
                         0000F3F2   408 _g_ATRBYT	=	0xf3f2
                         0000F3F8   409 _g_PUTPNT	=	0xf3f8
                         0000F3FA   410 _g_GETPNT	=	0xf3fa
                         0000F87F   411 _g_FNKSTR	=	0xf87f
                         0000F92A   412 _g_CLOC	=	0xf92a
                         0000F92C   413 _g_CMASK	=	0xf92c
                         0000FB02   414 _g_LOGOPR	=	0xfb02
                         0000FCB7   415 _g_GRPACX	=	0xfcb7
                         0000FCB9   416 _g_GRPACY	=	0xfcb9
                         0000FFFF   417 _g_SLTSL	=	0xffff
    00000000                        418 _g_Meanies::
    00000000                        419 	.ds 70
    00000046                        420 _g_Fuel::
    00000046                        421 	.ds 23
    0000005D                        422 _g_Explosion::
    0000005D                        423 	.ds 23
    00000074                        424 _g_RamMap::
    00000074                        425 	.ds 704
                                    426 ;--------------------------------------------------------
                                    427 ; ram data
                                    428 ;--------------------------------------------------------
                                    429 	.area _INITIALIZED
    00000000                        430 _Score::
    00000000                        431 	.ds 1
    00000001                        432 _Energy::
    00000001                        433 	.ds 2
    00000003                        434 _g_FuelActive::
    00000003                        435 	.ds 1
    00000004                        436 _g_ExplosionActive::
    00000004                        437 	.ds 1
    00000005                        438 _g_FuelXFix::
    00000005                        439 	.ds 2
    00000007                        440 _g_FuelYFix::
    00000007                        441 	.ds 2
    00000009                        442 _g_FuelSpawnDelay::
    00000009                        443 	.ds 2
    0000000B                        444 _g_Rand::
    0000000B                        445 	.ds 2
    0000000D                        446 _g_FuelSoundWanted::
    0000000D                        447 	.ds 1
    0000000E                        448 _g_FuelSoundRestart::
    0000000E                        449 	.ds 1
    0000000F                        450 _g_GameOverToTitle::
    0000000F                        451 	.ds 1
    00000010                        452 _g_GameOverSoundDone::
    00000010                        453 	.ds 1
    00000011                        454 _g_RobotTileX::
    00000011                        455 	.ds 1
    00000012                        456 _g_RobotTileY::
    00000012                        457 	.ds 1
    00000013                        458 _g_RobotUnderTile::
    00000013                        459 	.ds 1
    00000014                        460 _g_KeyRow8Prev::
    00000014                        461 	.ds 1
    00000015                        462 _g_RobotMoveDelay::
    00000015                        463 	.ds 1
    00000016                        464 _g_LaserActive::
    00000016                        465 	.ds 1
    00000017                        466 _g_LaserErasing::
    00000017                        467 	.ds 1
    00000018                        468 _g_ShowGoodHit::
    00000018                        469 	.ds 1
    00000019                        470 _g_hasHUDChanged::
    00000019                        471 	.ds 1
    0000001A                        472 _g_LaserTileX::
    0000001A                        473 	.ds 1
    0000001B                        474 _g_LaserTileY::
    0000001B                        475 	.ds 1
    0000001C                        476 _g_LaserTile::
    0000001C                        477 	.ds 1
    0000001D                        478 _g_LaserDir::
    0000001D                        479 	.ds 1
    0000001E                        480 _g_LaserStepDelay::
    0000001E                        481 	.ds 1
    0000001F                        482 _g_KeyRow2Prev::
    0000001F                        483 	.ds 1
    00000020                        484 _g_KeyRow4Prev::
    00000020                        485 	.ds 1
    00000021                        486 _g_KeyRow5Prev::
    00000021                        487 	.ds 1
                                    488 ;--------------------------------------------------------
                                    489 ; absolute ram data
                                    490 ;--------------------------------------------------------
                                    491 	.area _DABS (ABS)
                                    492 	.area _DABS (ABS)
                                    493 ;--------------------------------------------------------
                                    494 ; global & static initialisations
                                    495 ;--------------------------------------------------------
                                    496 	.area _HOME
                                    497 	.area _GSINIT
                                    498 	.area _GSFINAL
                                    499 	.area _GSINIT
                                    500 ;--------------------------------------------------------
                                    501 ; Home
                                    502 ;--------------------------------------------------------
                                    503 	.area _HOME
                                    504 	.area _HOME
                                    505 ;--------------------------------------------------------
                                    506 ; code
                                    507 ;--------------------------------------------------------
                                    508 	.area _CODE
                                    509 ;./bluebakas.c:227: void InitGraphics() {
                                    510 ;	---------------------------------
                                    511 ; Function InitGraphics
                                    512 ; ---------------------------------
    00000000                        513 _InitGraphics::
                                    514 ;./bluebakas.c:228: VDP_SetMode(VDP_MODE_SCREEN1);
    00000000 3E 02            [ 7]  515 	ld	a, #0x02
    00000002 CDr00r00         [17]  516 	call	_VDP_SetMode
                                    517 ;./bluebakas.c:229: VDP_ClearVRAM();
    00000005 CDr00r00         [17]  518 	call	_VDP_ClearVRAM
                                    519 ;C:\Users\Jummy\Downloads\MSXgl-1.5.0b\engine/src/vdp.h:724: inline void VDP_SetColor(u8 color) { VDP_RegWrite(7, color); }
    00000008 2E 01            [ 7]  520 	ld	l, #0x01
    0000000A 3E 07            [ 7]  521 	ld	a, #0x07
    0000000C CDr00r00         [17]  522 	call	_VDP_RegWrite
                                    523 ;C:\Users\Jummy\Downloads\MSXgl-1.5.0b\engine/src/vdp.h:1099: inline void VDP_SetSpriteFlag(u8 flag) { VDP_RegWriteBakMask(1, (u8)~(R01_ST|R01_MAG), flag); }
    0000000F AF               [ 4]  524 	xor	a, a
    00000010 F5               [11]  525 	push	af
    00000011 33               [ 6]  526 	inc	sp
    00000012 2E FC            [ 7]  527 	ld	l, #0xfc
    00000014 3E 01            [ 7]  528 	ld	a, #0x01
    00000016 CDr00r00         [17]  529 	call	_VDP_RegWriteBakMask
                                    530 ;C:\Users\Jummy\Downloads\MSXgl-1.5.0b\engine/src/vdp.h:1057: inline VADDR VDP_GetSpritePatternTable() { return VADDR_GET(g_SpritePatternLow, g_SpritePatternHigh); }
    00000019 ED 5Br00r00      [20]  531 	ld	de, (_g_SpritePatternLow)
                                    532 ;./bluebakas.c:236: g_Meanie8x8,
    0000001D 21 08 00         [10]  533 	ld	hl, #0x0008
    00000020 E5               [11]  534 	push	hl
    00000021 21r5Er07         [10]  535 	ld	hl, #_g_Meanie8x8
    00000024 CDr00r00         [17]  536 	call	_VDP_WriteVRAM_16K
                                    537 ;./bluebakas.c:243: VDP_GetSpritePatternTable() + (SPR_PAT_FUEL * 8),
    00000027 2Ar00r00         [16]  538 	ld	hl, (_g_SpritePatternLow)
    0000002A 01 08 00         [10]  539 	ld	bc, #0x0008
    0000002D 09               [11]  540 	add	hl, bc
    0000002E EB               [ 4]  541 	ex	de, hl
                                    542 ;./bluebakas.c:242: g_Fuel8x8,
    0000002F 21 08 00         [10]  543 	ld	hl, #0x0008
    00000032 E5               [11]  544 	push	hl
    00000033 21r86r07         [10]  545 	ld	hl, #_g_Fuel8x8
    00000036 CDr00r00         [17]  546 	call	_VDP_WriteVRAM_16K
                                    547 ;./bluebakas.c:249: VDP_GetSpritePatternTable() + (SPR_PAT_EXPLOSION * 8),
    00000039 2Ar00r00         [16]  548 	ld	hl, (_g_SpritePatternLow)
    0000003C 01 10 00         [10]  549 	ld	bc, #0x0010
    0000003F 09               [11]  550 	add	hl, bc
    00000040 EB               [ 4]  551 	ex	de, hl
                                    552 ;./bluebakas.c:248: g_Explosion8x8,
    00000041 21 20 00         [10]  553 	ld	hl, #0x0020
    00000044 E5               [11]  554 	push	hl
    00000045 21r66r07         [10]  555 	ld	hl, #_g_Explosion8x8
    00000048 CDr00r00         [17]  556 	call	_VDP_WriteVRAM_16K
                                    557 ;./bluebakas.c:255: g_Tiles_Patterns,
    0000004B 21 00 01         [10]  558 	ld	hl, #0x0100
    0000004E E5               [11]  559 	push	hl
    0000004F ED 5Br00r00      [20]  560 	ld	de, (_g_ScreenPatternLow)
    00000053 21r5Er06         [10]  561 	ld	hl, #_g_Tiles_Patterns
    00000056 CDr00r00         [17]  562 	call	_VDP_WriteVRAM_16K
                                    563 ;./bluebakas.c:263: Print_SetTextFont(g_Font_PETSCII, 32);
    00000059 3E 20            [ 7]  564 	ld	a, #0x20
    0000005B F5               [11]  565 	push	af
    0000005C 33               [ 6]  566 	inc	sp
    0000005D 21r9Ar00         [10]  567 	ld	hl, #_g_Font_PETSCII
    00000060 CDr00r00         [17]  568 	call	_Print_SetTextFont
                                    569 ;./bluebakas.c:268: VDP_FillVRAM_16K(0xF0, g_ScreenColorLow, 32);
    00000063 21 20 00         [10]  570 	ld	hl, #0x0020
    00000066 E5               [11]  571 	push	hl
    00000067 ED 5Br00r00      [20]  572 	ld	de, (_g_ScreenColorLow)
    0000006B 3E F0            [ 7]  573 	ld	a, #0xf0
    0000006D CDr00r00         [17]  574 	call	_VDP_FillVRAM_16K
                                    575 ;./bluebakas.c:269: VDP_Poke_16K(0x20, g_ScreenColorLow + 0); // patterns  0-7:  green / backdrop
    00000070 ED 5Br00r00      [20]  576 	ld	de, (_g_ScreenColorLow)
    00000074 3E 20            [ 7]  577 	ld	a, #0x20
    00000076 CDr00r00         [17]  578 	call	_VDP_Poke_16K
                                    579 ;./bluebakas.c:270: VDP_Poke_16K(0xF0, g_ScreenColorLow + 1); // patterns  8-15: white / backdrop
    00000079 ED 5Br00r00      [20]  580 	ld	de, (_g_ScreenColorLow)
    0000007D 13               [ 6]  581 	inc	de
    0000007E 3E F0            [ 7]  582 	ld	a, #0xf0
    00000080 CDr00r00         [17]  583 	call	_VDP_Poke_16K
                                    584 ;./bluebakas.c:271: VDP_Poke_16K(0xA0, g_ScreenColorLow + 2); // patterns 16-23: yellow / backdrop
    00000083 ED 5Br00r00      [20]  585 	ld	de, (_g_ScreenColorLow)
    00000087 13               [ 6]  586 	inc	de
    00000088 13               [ 6]  587 	inc	de
    00000089 3E A0            [ 7]  588 	ld	a, #0xa0
    0000008B CDr00r00         [17]  589 	call	_VDP_Poke_16K
                                    590 ;./bluebakas.c:272: VDP_Poke_16K(0x70, g_ScreenColorLow + 3); // patterns 24-31: cyan / backdrop
    0000008E ED 5Br00r00      [20]  591 	ld	de, (_g_ScreenColorLow)
    00000092 13               [ 6]  592 	inc	de
    00000093 13               [ 6]  593 	inc	de
    00000094 13               [ 6]  594 	inc	de
    00000095 3E 70            [ 7]  595 	ld	a, #0x70
                                    596 ;./bluebakas.c:273: }
    00000097 C3r00r00         [10]  597 	jp	_VDP_Poke_16K
                         0000F380   598 _g_RDPRIM	=	0xf380
                         0000F385   599 _g_WRPRIM	=	0xf385
                         0000F38C   600 _g_CLPRIM	=	0xf38c
                         0000F39A   601 _g_USRTAB	=	0xf39a
                         0000F3DE   602 _g_CNSDFG	=	0xf3de
                         0000F3DF   603 _g_RG0SAV	=	0xf3df
                         0000F3E0   604 _g_RG1SAV	=	0xf3e0
                         0000F3E1   605 _g_RG2SAV	=	0xf3e1
                         0000F3E2   606 _g_RG3SAV	=	0xf3e2
                         0000F3E3   607 _g_RG4SAV	=	0xf3e3
                         0000F3E4   608 _g_RG5SAV	=	0xf3e4
                         0000F3E5   609 _g_RG6SAV	=	0xf3e5
                         0000F3E6   610 _g_RG7SAV	=	0xf3e6
                         0000F3E7   611 _g_STATFL	=	0xf3e7
                         0000F3E8   612 _g_TRGFLG	=	0xf3e8
                         0000F3EC   613 _g_MAXUPD	=	0xf3ec
                         0000F3EF   614 _g_MINUPD	=	0xf3ef
                         0000F3F3   615 _g_QUEUES	=	0xf3f3
                         0000F3F5   616 _g_FRCNEW	=	0xf3f5
                         0000F3F6   617 _g_SCNCNT	=	0xf3f6
                         0000F3F7   618 _g_REPCNT	=	0xf3f7
                         0000F3FC   619 _g_CS120	=	0xf3fc
                         0000F401   620 _g_CS240	=	0xf401
                         0000F406   621 _g_LOW	=	0xf406
                         0000F408   622 _g_HIGH	=	0xf408
                         0000F40A   623 _g_HEADER	=	0xf40a
                         0000F40B   624 _g_ASPCT1	=	0xf40b
                         0000F40D   625 _g_ASPCT2	=	0xf40d
                         0000F959   626 _g_QUETAB	=	0xf959
                         0000F971   627 _g_QUEBAK	=	0xf971
                         0000F975   628 _g_VOICAQ	=	0xf975
                         0000F9F5   629 _g_VOICBQ	=	0xf9f5
                         0000FA75   630 _g_VOICCQ	=	0xfa75
                         0000FAF5   631 _g_RS2IQ	=	0xfaf5
                         0000FAF5   632 _g_DPPAGE	=	0xfaf5
                         0000FAF6   633 _g_ACPAGE	=	0xfaf6
                         0000FAF7   634 _g_AVCSAV	=	0xfaf7
                         0000FAF8   635 _g_EXBRSA	=	0xfaf8
                         0000FAF9   636 _g_CHRCNT	=	0xfaf9
                         0000FAFA   637 _g_ROMA	=	0xfafa
                         0000FAFC   638 _g_MODE	=	0xfafc
                         0000FAFD   639 _g_NORUSE	=	0xfafd
                         0000FAFE   640 _g_XSAVE	=	0xfafe
                         0000FB00   641 _g_YSAVE	=	0xfb00
                         0000FB03   642 _g_RSTMP	=	0xfb03
                         0000FB03   643 _g_TOCNT	=	0xfb03
                         0000FB04   644 _g_RSFCB	=	0xfb04
                         0000FB06   645 _g_RSIQLN	=	0xfb06
                         0000FB07   646 _g_MEXBIh	=	0xfb07
                         0000FB0C   647 _g_OLDSTT	=	0xfb0c
                         0000FB0C   648 _g_OLDINT	=	0xfb0c
                         0000FB16   649 _g_DEVNUM	=	0xfb16
                         0000FB17   650 _g_DATCNT	=	0xfb17
                         0000FB1A   651 _g_ERRORS	=	0xfb1a
                         0000FB1B   652 _g_FLAGS	=	0xfb1b
                         0000FB1C   653 _g_ESTBLS	=	0xfb1c
                         0000FB1D   654 _g_COMMSK	=	0xfb1d
                         0000FB1E   655 _g_LSTCOM	=	0xfb1e
                         0000FB1F   656 _g_LSTMOD	=	0xfb1f
                         0000FB35   657 _g_PRSCNT	=	0xfb35
                         0000FB36   658 _g_SAVSP	=	0xfb36
                         0000FB38   659 _g_VOICEN	=	0xfb38
                         0000FB39   660 _g_SAVVOL	=	0xfb39
                         0000FB3B   661 _g_MCLLEN	=	0xfb3b
                         0000FB3C   662 _g_MCLPTR	=	0xfb3c
                         0000FB3E   663 _g_QUEUEN	=	0xfb3e
                         0000FB3F   664 _g_MUSICF	=	0xfb3f
                         0000FB40   665 _g_PLYCNT	=	0xfb40
                         0000FB41   666 _g_VCBA	=	0xfb41
                         0000FB66   667 _g_VCBB	=	0xfb66
                         0000FB8B   668 _g_VCBC	=	0xfb8b
                         0000FBB0   669 _g_ENSTOP	=	0xfbb0
                         0000FBB1   670 _g_BASROM	=	0xfbb1
                         0000FBB2   671 _g_LINTTB	=	0xfbb2
                         0000FBCA   672 _g_FSTPOS	=	0xfbca
                         0000FBCC   673 _g_CODSAV	=	0xfbcc
                         0000FBCD   674 _g_FNKSWI	=	0xfbcd
                         0000FBCE   675 _g_FNKFLG	=	0xfbce
                         0000FBD8   676 _g_ONGSBF	=	0xfbd8
                         0000FBD9   677 _g_CLIKFL	=	0xfbd9
                         0000FBDA   678 _g_OLDKEY	=	0xfbda
                         0000FBE5   679 _g_NEWKEY	=	0xfbe5
                         0000FBF0   680 _g_KEYBUF	=	0xfbf0
                         0000FC18   681 _g_LINWRK	=	0xfc18
                         0000FC40   682 _g_PATWRK	=	0xfc40
                         0000FC48   683 _g_BOTTOM	=	0xfc48
                         0000FC4A   684 _g_HIMEM	=	0xfc4a
                         0000FC4C   685 _g_TRPTBL	=	0xfc4c
                         0000FC9A   686 _g_RTYCNT	=	0xfc9a
                         0000FC9B   687 _g_INTFLG	=	0xfc9b
                         0000FC9C   688 _g_PADY	=	0xfc9c
                         0000FC9D   689 _g_PADX	=	0xfc9d
                         0000FC9E   690 _g_JIFFY	=	0xfc9e
                         0000FCA0   691 _g_INTVAL	=	0xfca0
                         0000FCA2   692 _g_INTCNT	=	0xfca2
                         0000FCA4   693 _g_LOWLIM	=	0xfca4
                         0000FCA5   694 _g_WINWID	=	0xfca5
                         0000FCA6   695 _g_GRPHED	=	0xfca6
                         0000FCA7   696 _g_ESCCNT	=	0xfca7
                         0000FCA8   697 _g_INSFLG	=	0xfca8
                         0000FCA9   698 _g_CSRSW	=	0xfca9
                         0000FCAA   699 _g_CSTYLE	=	0xfcaa
                         0000FCAB   700 _g_CAPST	=	0xfcab
                         0000FCAC   701 _g_KANAST	=	0xfcac
                         0000FCAD   702 _g_KANAMD	=	0xfcad
                         0000FCAE   703 _g_FLBMEM	=	0xfcae
                         0000FCAF   704 _g_SCRMOD	=	0xfcaf
                         0000FCB0   705 _g_OLDSCR	=	0xfcb0
                         0000FCB1   706 _g_CASPRV	=	0xfcb1
                         0000FCB2   707 _g_BRDATR	=	0xfcb2
                         0000FCB3   708 _g_GXPOS	=	0xfcb3
                         0000FCB5   709 _g_GYPOS	=	0xfcb5
                         0000FCBB   710 _g_DRWFLG	=	0xfcbb
                         0000FCBC   711 _g_DRWSCL	=	0xfcbc
                         0000FCBD   712 _g_DRWANG	=	0xfcbd
                         0000FCC1   713 _g_MNROM	=	0xfcc1
                         0000FCC1   714 _g_EXPTBL	=	0xfcc1
                         0000FCC5   715 _g_SLTTBL	=	0xfcc5
                         0000FCC9   716 _g_SLTATR	=	0xfcc9
                         0000FD09   717 _g_SLTWRK	=	0xfd09
                         0000FD89   718 _g_PROCNM	=	0xfd89
                         0000FFE7   719 _g_RG08SAV	=	0xffe7
                         0000FFE8   720 _g_RG09SAV	=	0xffe8
                         0000FFE9   721 _g_RG10SAV	=	0xffe9
                         0000FFEA   722 _g_RG11SAV	=	0xffea
                         0000FFEB   723 _g_RG12SAV	=	0xffeb
                         0000FFEC   724 _g_RG13SAV	=	0xffec
                         0000FFED   725 _g_RG14SAV	=	0xffed
                         0000FFEE   726 _g_RG15SAV	=	0xffee
                         0000FFEF   727 _g_RG16SAV	=	0xffef
                         0000FFF0   728 _g_RG17SAV	=	0xfff0
                         0000FFF1   729 _g_RG18SAV	=	0xfff1
                         0000FFF2   730 _g_RG19SAV	=	0xfff2
                         0000FFF3   731 _g_RG20SAV	=	0xfff3
                         0000FFF4   732 _g_RG21SAV	=	0xfff4
                         0000FFF5   733 _g_RG22SAV	=	0xfff5
                         0000FFF6   734 _g_RG23SAV	=	0xfff6
                         0000FFF7   735 _g_MINROM	=	0xfff7
                         0000FFF8   736 _g_SVFFF8	=	0xfff8
                         0000FFFA   737 _g_RG25SAV	=	0xfffa
                         0000FFFB   738 _g_RG26SAV	=	0xfffb
                         0000FFFC   739 _g_RG27SAV	=	0xfffc
                         0000FFFD   740 _g_SVFFFD	=	0xfffd
                         00000004   741 _g_CGTABL	=	0x0004
                         00000006   742 _g_VDP_DR	=	0x0006
                         00000007   743 _g_VDP_DW	=	0x0007
                         0000002B   744 _g_BASRVN	=	0x002b
                         0000002B   745 _g_ROMVersion	=	0x002b
                         0000002D   746 _g_MSXVER	=	0x002d
                         0000002E   747 _g_MSXMID	=	0x002e
                         00000034   748 _g_CHAR_16	=	0x0034
                         00000000   749 _g_SUBRID	=	0x0000
                         00000002   750 _g_STRSRC	=	0x0002
                         0000F30F   751 _g_KANJTABLE	=	0xf30f
                         0000F323   752 _g_DISKVE	=	0xf323
                         0000F325   753 _g_BREAKV	=	0xf325
                         0000F341   754 _g_RAMAD0	=	0xf341
                         0000F342   755 _g_RAMAD1	=	0xf342
                         0000F343   756 _g_RAMAD2	=	0xf343
                         0000F344   757 _g_RAMAD3	=	0xf344
                         0000F348   758 _g_MASTER	=	0xf348
                         0000F37D   759 _g_BDOS	=	0xf37d
    0000009A                        760 _g_Font_PETSCII:
    0000009A 88                     761 	.db #0x88	; 136
    0000009B 88                     762 	.db #0x88	; 136
    0000009C 20                     763 	.db #0x20	; 32
    0000009D 7F                     764 	.db #0x7f	; 127
    0000009E 00                     765 	.db #0x00	; 0
    0000009F 00                     766 	.db #0x00	; 0
    000000A0 00                     767 	.db #0x00	; 0
    000000A1 00                     768 	.db #0x00	; 0
    000000A2 00                     769 	.db #0x00	; 0
    000000A3 00                     770 	.db #0x00	; 0
    000000A4 00                     771 	.db #0x00	; 0
    000000A5 00                     772 	.db #0x00	; 0
    000000A6 08                     773 	.db #0x08	; 8
    000000A7 08                     774 	.db #0x08	; 8
    000000A8 08                     775 	.db #0x08	; 8
    000000A9 08                     776 	.db #0x08	; 8
    000000AA 00                     777 	.db #0x00	; 0
    000000AB 00                     778 	.db #0x00	; 0
    000000AC 08                     779 	.db #0x08	; 8
    000000AD 00                     780 	.db #0x00	; 0
    000000AE 24                     781 	.db #0x24	; 36
    000000AF 24                     782 	.db #0x24	; 36
    000000B0 24                     783 	.db #0x24	; 36
    000000B1 00                     784 	.db #0x00	; 0
    000000B2 00                     785 	.db #0x00	; 0
    000000B3 00                     786 	.db #0x00	; 0
    000000B4 00                     787 	.db #0x00	; 0
    000000B5 00                     788 	.db #0x00	; 0
    000000B6 24                     789 	.db #0x24	; 36
    000000B7 24                     790 	.db #0x24	; 36
    000000B8 7E                     791 	.db #0x7e	; 126
    000000B9 24                     792 	.db #0x24	; 36
    000000BA 7E                     793 	.db #0x7e	; 126
    000000BB 24                     794 	.db #0x24	; 36
    000000BC 24                     795 	.db #0x24	; 36
    000000BD 00                     796 	.db #0x00	; 0
    000000BE 08                     797 	.db #0x08	; 8
    000000BF 1E                     798 	.db #0x1e	; 30
    000000C0 28                     799 	.db #0x28	; 40
    000000C1 1C                     800 	.db #0x1c	; 28
    000000C2 0A                     801 	.db #0x0a	; 10
    000000C3 3C                     802 	.db #0x3c	; 60
    000000C4 08                     803 	.db #0x08	; 8
    000000C5 00                     804 	.db #0x00	; 0
    000000C6 00                     805 	.db #0x00	; 0
    000000C7 62                     806 	.db #0x62	; 98	'b'
    000000C8 64                     807 	.db #0x64	; 100	'd'
    000000C9 08                     808 	.db #0x08	; 8
    000000CA 10                     809 	.db #0x10	; 16
    000000CB 26                     810 	.db #0x26	; 38
    000000CC 46                     811 	.db #0x46	; 70	'F'
    000000CD 00                     812 	.db #0x00	; 0
    000000CE 30                     813 	.db #0x30	; 48	'0'
    000000CF 48                     814 	.db #0x48	; 72	'H'
    000000D0 48                     815 	.db #0x48	; 72	'H'
    000000D1 30                     816 	.db #0x30	; 48	'0'
    000000D2 4A                     817 	.db #0x4a	; 74	'J'
    000000D3 44                     818 	.db #0x44	; 68	'D'
    000000D4 3A                     819 	.db #0x3a	; 58
    000000D5 00                     820 	.db #0x00	; 0
    000000D6 04                     821 	.db #0x04	; 4
    000000D7 08                     822 	.db #0x08	; 8
    000000D8 10                     823 	.db #0x10	; 16
    000000D9 00                     824 	.db #0x00	; 0
    000000DA 00                     825 	.db #0x00	; 0
    000000DB 00                     826 	.db #0x00	; 0
    000000DC 00                     827 	.db #0x00	; 0
    000000DD 00                     828 	.db #0x00	; 0
    000000DE 04                     829 	.db #0x04	; 4
    000000DF 08                     830 	.db #0x08	; 8
    000000E0 10                     831 	.db #0x10	; 16
    000000E1 10                     832 	.db #0x10	; 16
    000000E2 10                     833 	.db #0x10	; 16
    000000E3 08                     834 	.db #0x08	; 8
    000000E4 04                     835 	.db #0x04	; 4
    000000E5 00                     836 	.db #0x00	; 0
    000000E6 20                     837 	.db #0x20	; 32
    000000E7 10                     838 	.db #0x10	; 16
    000000E8 08                     839 	.db #0x08	; 8
    000000E9 08                     840 	.db #0x08	; 8
    000000EA 08                     841 	.db #0x08	; 8
    000000EB 10                     842 	.db #0x10	; 16
    000000EC 20                     843 	.db #0x20	; 32
    000000ED 00                     844 	.db #0x00	; 0
    000000EE 08                     845 	.db #0x08	; 8
    000000EF 2A                     846 	.db #0x2a	; 42
    000000F0 1C                     847 	.db #0x1c	; 28
    000000F1 3E                     848 	.db #0x3e	; 62
    000000F2 1C                     849 	.db #0x1c	; 28
    000000F3 2A                     850 	.db #0x2a	; 42
    000000F4 08                     851 	.db #0x08	; 8
    000000F5 00                     852 	.db #0x00	; 0
    000000F6 00                     853 	.db #0x00	; 0
    000000F7 08                     854 	.db #0x08	; 8
    000000F8 08                     855 	.db #0x08	; 8
    000000F9 3E                     856 	.db #0x3e	; 62
    000000FA 08                     857 	.db #0x08	; 8
    000000FB 08                     858 	.db #0x08	; 8
    000000FC 00                     859 	.db #0x00	; 0
    000000FD 00                     860 	.db #0x00	; 0
    000000FE 00                     861 	.db #0x00	; 0
    000000FF 00                     862 	.db #0x00	; 0
    00000100 00                     863 	.db #0x00	; 0
    00000101 00                     864 	.db #0x00	; 0
    00000102 00                     865 	.db #0x00	; 0
    00000103 08                     866 	.db #0x08	; 8
    00000104 08                     867 	.db #0x08	; 8
    00000105 10                     868 	.db #0x10	; 16
    00000106 00                     869 	.db #0x00	; 0
    00000107 00                     870 	.db #0x00	; 0
    00000108 00                     871 	.db #0x00	; 0
    00000109 7E                     872 	.db #0x7e	; 126
    0000010A 00                     873 	.db #0x00	; 0
    0000010B 00                     874 	.db #0x00	; 0
    0000010C 00                     875 	.db #0x00	; 0
    0000010D 00                     876 	.db #0x00	; 0
    0000010E 00                     877 	.db #0x00	; 0
    0000010F 00                     878 	.db #0x00	; 0
    00000110 00                     879 	.db #0x00	; 0
    00000111 00                     880 	.db #0x00	; 0
    00000112 00                     881 	.db #0x00	; 0
    00000113 18                     882 	.db #0x18	; 24
    00000114 18                     883 	.db #0x18	; 24
    00000115 00                     884 	.db #0x00	; 0
    00000116 00                     885 	.db #0x00	; 0
    00000117 02                     886 	.db #0x02	; 2
    00000118 04                     887 	.db #0x04	; 4
    00000119 08                     888 	.db #0x08	; 8
    0000011A 10                     889 	.db #0x10	; 16
    0000011B 20                     890 	.db #0x20	; 32
    0000011C 40                     891 	.db #0x40	; 64
    0000011D 00                     892 	.db #0x00	; 0
    0000011E 3C                     893 	.db #0x3c	; 60
    0000011F 42                     894 	.db #0x42	; 66	'B'
    00000120 46                     895 	.db #0x46	; 70	'F'
    00000121 5A                     896 	.db #0x5a	; 90	'Z'
    00000122 62                     897 	.db #0x62	; 98	'b'
    00000123 42                     898 	.db #0x42	; 66	'B'
    00000124 3C                     899 	.db #0x3c	; 60
    00000125 00                     900 	.db #0x00	; 0
    00000126 08                     901 	.db #0x08	; 8
    00000127 18                     902 	.db #0x18	; 24
    00000128 28                     903 	.db #0x28	; 40
    00000129 08                     904 	.db #0x08	; 8
    0000012A 08                     905 	.db #0x08	; 8
    0000012B 08                     906 	.db #0x08	; 8
    0000012C 3E                     907 	.db #0x3e	; 62
    0000012D 00                     908 	.db #0x00	; 0
    0000012E 3C                     909 	.db #0x3c	; 60
    0000012F 42                     910 	.db #0x42	; 66	'B'
    00000130 02                     911 	.db #0x02	; 2
    00000131 0C                     912 	.db #0x0c	; 12
    00000132 30                     913 	.db #0x30	; 48	'0'
    00000133 40                     914 	.db #0x40	; 64
    00000134 7E                     915 	.db #0x7e	; 126
    00000135 00                     916 	.db #0x00	; 0
    00000136 3C                     917 	.db #0x3c	; 60
    00000137 42                     918 	.db #0x42	; 66	'B'
    00000138 02                     919 	.db #0x02	; 2
    00000139 1C                     920 	.db #0x1c	; 28
    0000013A 02                     921 	.db #0x02	; 2
    0000013B 42                     922 	.db #0x42	; 66	'B'
    0000013C 3C                     923 	.db #0x3c	; 60
    0000013D 00                     924 	.db #0x00	; 0
    0000013E 04                     925 	.db #0x04	; 4
    0000013F 0C                     926 	.db #0x0c	; 12
    00000140 14                     927 	.db #0x14	; 20
    00000141 24                     928 	.db #0x24	; 36
    00000142 7E                     929 	.db #0x7e	; 126
    00000143 04                     930 	.db #0x04	; 4
    00000144 04                     931 	.db #0x04	; 4
    00000145 00                     932 	.db #0x00	; 0
    00000146 7E                     933 	.db #0x7e	; 126
    00000147 40                     934 	.db #0x40	; 64
    00000148 78                     935 	.db #0x78	; 120	'x'
    00000149 04                     936 	.db #0x04	; 4
    0000014A 02                     937 	.db #0x02	; 2
    0000014B 44                     938 	.db #0x44	; 68	'D'
    0000014C 38                     939 	.db #0x38	; 56	'8'
    0000014D 00                     940 	.db #0x00	; 0
    0000014E 1C                     941 	.db #0x1c	; 28
    0000014F 20                     942 	.db #0x20	; 32
    00000150 40                     943 	.db #0x40	; 64
    00000151 7C                     944 	.db #0x7c	; 124
    00000152 42                     945 	.db #0x42	; 66	'B'
    00000153 42                     946 	.db #0x42	; 66	'B'
    00000154 3C                     947 	.db #0x3c	; 60
    00000155 00                     948 	.db #0x00	; 0
    00000156 7E                     949 	.db #0x7e	; 126
    00000157 42                     950 	.db #0x42	; 66	'B'
    00000158 04                     951 	.db #0x04	; 4
    00000159 08                     952 	.db #0x08	; 8
    0000015A 10                     953 	.db #0x10	; 16
    0000015B 10                     954 	.db #0x10	; 16
    0000015C 10                     955 	.db #0x10	; 16
    0000015D 00                     956 	.db #0x00	; 0
    0000015E 3C                     957 	.db #0x3c	; 60
    0000015F 42                     958 	.db #0x42	; 66	'B'
    00000160 42                     959 	.db #0x42	; 66	'B'
    00000161 3C                     960 	.db #0x3c	; 60
    00000162 42                     961 	.db #0x42	; 66	'B'
    00000163 42                     962 	.db #0x42	; 66	'B'
    00000164 3C                     963 	.db #0x3c	; 60
    00000165 00                     964 	.db #0x00	; 0
    00000166 3C                     965 	.db #0x3c	; 60
    00000167 42                     966 	.db #0x42	; 66	'B'
    00000168 42                     967 	.db #0x42	; 66	'B'
    00000169 3E                     968 	.db #0x3e	; 62
    0000016A 02                     969 	.db #0x02	; 2
    0000016B 04                     970 	.db #0x04	; 4
    0000016C 38                     971 	.db #0x38	; 56	'8'
    0000016D 00                     972 	.db #0x00	; 0
    0000016E 00                     973 	.db #0x00	; 0
    0000016F 00                     974 	.db #0x00	; 0
    00000170 08                     975 	.db #0x08	; 8
    00000171 00                     976 	.db #0x00	; 0
    00000172 00                     977 	.db #0x00	; 0
    00000173 08                     978 	.db #0x08	; 8
    00000174 00                     979 	.db #0x00	; 0
    00000175 00                     980 	.db #0x00	; 0
    00000176 00                     981 	.db #0x00	; 0
    00000177 00                     982 	.db #0x00	; 0
    00000178 08                     983 	.db #0x08	; 8
    00000179 00                     984 	.db #0x00	; 0
    0000017A 00                     985 	.db #0x00	; 0
    0000017B 08                     986 	.db #0x08	; 8
    0000017C 08                     987 	.db #0x08	; 8
    0000017D 10                     988 	.db #0x10	; 16
    0000017E 0E                     989 	.db #0x0e	; 14
    0000017F 18                     990 	.db #0x18	; 24
    00000180 30                     991 	.db #0x30	; 48	'0'
    00000181 60                     992 	.db #0x60	; 96
    00000182 30                     993 	.db #0x30	; 48	'0'
    00000183 18                     994 	.db #0x18	; 24
    00000184 0E                     995 	.db #0x0e	; 14
    00000185 00                     996 	.db #0x00	; 0
    00000186 00                     997 	.db #0x00	; 0
    00000187 00                     998 	.db #0x00	; 0
    00000188 7E                     999 	.db #0x7e	; 126
    00000189 00                    1000 	.db #0x00	; 0
    0000018A 7E                    1001 	.db #0x7e	; 126
    0000018B 00                    1002 	.db #0x00	; 0
    0000018C 00                    1003 	.db #0x00	; 0
    0000018D 00                    1004 	.db #0x00	; 0
    0000018E 70                    1005 	.db #0x70	; 112	'p'
    0000018F 18                    1006 	.db #0x18	; 24
    00000190 0C                    1007 	.db #0x0c	; 12
    00000191 06                    1008 	.db #0x06	; 6
    00000192 0C                    1009 	.db #0x0c	; 12
    00000193 18                    1010 	.db #0x18	; 24
    00000194 70                    1011 	.db #0x70	; 112	'p'
    00000195 00                    1012 	.db #0x00	; 0
    00000196 3C                    1013 	.db #0x3c	; 60
    00000197 42                    1014 	.db #0x42	; 66	'B'
    00000198 02                    1015 	.db #0x02	; 2
    00000199 0C                    1016 	.db #0x0c	; 12
    0000019A 10                    1017 	.db #0x10	; 16
    0000019B 00                    1018 	.db #0x00	; 0
    0000019C 10                    1019 	.db #0x10	; 16
    0000019D 00                    1020 	.db #0x00	; 0
    0000019E 1C                    1021 	.db #0x1c	; 28
    0000019F 22                    1022 	.db #0x22	; 34
    000001A0 4A                    1023 	.db #0x4a	; 74	'J'
    000001A1 56                    1024 	.db #0x56	; 86	'V'
    000001A2 4C                    1025 	.db #0x4c	; 76	'L'
    000001A3 20                    1026 	.db #0x20	; 32
    000001A4 1E                    1027 	.db #0x1e	; 30
    000001A5 00                    1028 	.db #0x00	; 0
    000001A6 18                    1029 	.db #0x18	; 24
    000001A7 24                    1030 	.db #0x24	; 36
    000001A8 42                    1031 	.db #0x42	; 66	'B'
    000001A9 7E                    1032 	.db #0x7e	; 126
    000001AA 42                    1033 	.db #0x42	; 66	'B'
    000001AB 42                    1034 	.db #0x42	; 66	'B'
    000001AC 42                    1035 	.db #0x42	; 66	'B'
    000001AD 00                    1036 	.db #0x00	; 0
    000001AE 7C                    1037 	.db #0x7c	; 124
    000001AF 22                    1038 	.db #0x22	; 34
    000001B0 22                    1039 	.db #0x22	; 34
    000001B1 3C                    1040 	.db #0x3c	; 60
    000001B2 22                    1041 	.db #0x22	; 34
    000001B3 22                    1042 	.db #0x22	; 34
    000001B4 7C                    1043 	.db #0x7c	; 124
    000001B5 00                    1044 	.db #0x00	; 0
    000001B6 1C                    1045 	.db #0x1c	; 28
    000001B7 22                    1046 	.db #0x22	; 34
    000001B8 40                    1047 	.db #0x40	; 64
    000001B9 40                    1048 	.db #0x40	; 64
    000001BA 40                    1049 	.db #0x40	; 64
    000001BB 22                    1050 	.db #0x22	; 34
    000001BC 1C                    1051 	.db #0x1c	; 28
    000001BD 00                    1052 	.db #0x00	; 0
    000001BE 78                    1053 	.db #0x78	; 120	'x'
    000001BF 24                    1054 	.db #0x24	; 36
    000001C0 22                    1055 	.db #0x22	; 34
    000001C1 22                    1056 	.db #0x22	; 34
    000001C2 22                    1057 	.db #0x22	; 34
    000001C3 24                    1058 	.db #0x24	; 36
    000001C4 78                    1059 	.db #0x78	; 120	'x'
    000001C5 00                    1060 	.db #0x00	; 0
    000001C6 7E                    1061 	.db #0x7e	; 126
    000001C7 40                    1062 	.db #0x40	; 64
    000001C8 40                    1063 	.db #0x40	; 64
    000001C9 78                    1064 	.db #0x78	; 120	'x'
    000001CA 40                    1065 	.db #0x40	; 64
    000001CB 40                    1066 	.db #0x40	; 64
    000001CC 7E                    1067 	.db #0x7e	; 126
    000001CD 00                    1068 	.db #0x00	; 0
    000001CE 7E                    1069 	.db #0x7e	; 126
    000001CF 40                    1070 	.db #0x40	; 64
    000001D0 40                    1071 	.db #0x40	; 64
    000001D1 78                    1072 	.db #0x78	; 120	'x'
    000001D2 40                    1073 	.db #0x40	; 64
    000001D3 40                    1074 	.db #0x40	; 64
    000001D4 40                    1075 	.db #0x40	; 64
    000001D5 00                    1076 	.db #0x00	; 0
    000001D6 1C                    1077 	.db #0x1c	; 28
    000001D7 22                    1078 	.db #0x22	; 34
    000001D8 40                    1079 	.db #0x40	; 64
    000001D9 4E                    1080 	.db #0x4e	; 78	'N'
    000001DA 42                    1081 	.db #0x42	; 66	'B'
    000001DB 22                    1082 	.db #0x22	; 34
    000001DC 1C                    1083 	.db #0x1c	; 28
    000001DD 00                    1084 	.db #0x00	; 0
    000001DE 42                    1085 	.db #0x42	; 66	'B'
    000001DF 42                    1086 	.db #0x42	; 66	'B'
    000001E0 42                    1087 	.db #0x42	; 66	'B'
    000001E1 7E                    1088 	.db #0x7e	; 126
    000001E2 42                    1089 	.db #0x42	; 66	'B'
    000001E3 42                    1090 	.db #0x42	; 66	'B'
    000001E4 42                    1091 	.db #0x42	; 66	'B'
    000001E5 00                    1092 	.db #0x00	; 0
    000001E6 1C                    1093 	.db #0x1c	; 28
    000001E7 08                    1094 	.db #0x08	; 8
    000001E8 08                    1095 	.db #0x08	; 8
    000001E9 08                    1096 	.db #0x08	; 8
    000001EA 08                    1097 	.db #0x08	; 8
    000001EB 08                    1098 	.db #0x08	; 8
    000001EC 1C                    1099 	.db #0x1c	; 28
    000001ED 00                    1100 	.db #0x00	; 0
    000001EE 0E                    1101 	.db #0x0e	; 14
    000001EF 04                    1102 	.db #0x04	; 4
    000001F0 04                    1103 	.db #0x04	; 4
    000001F1 04                    1104 	.db #0x04	; 4
    000001F2 04                    1105 	.db #0x04	; 4
    000001F3 44                    1106 	.db #0x44	; 68	'D'
    000001F4 38                    1107 	.db #0x38	; 56	'8'
    000001F5 00                    1108 	.db #0x00	; 0
    000001F6 42                    1109 	.db #0x42	; 66	'B'
    000001F7 44                    1110 	.db #0x44	; 68	'D'
    000001F8 48                    1111 	.db #0x48	; 72	'H'
    000001F9 70                    1112 	.db #0x70	; 112	'p'
    000001FA 48                    1113 	.db #0x48	; 72	'H'
    000001FB 44                    1114 	.db #0x44	; 68	'D'
    000001FC 42                    1115 	.db #0x42	; 66	'B'
    000001FD 00                    1116 	.db #0x00	; 0
    000001FE 40                    1117 	.db #0x40	; 64
    000001FF 40                    1118 	.db #0x40	; 64
    00000200 40                    1119 	.db #0x40	; 64
    00000201 40                    1120 	.db #0x40	; 64
    00000202 40                    1121 	.db #0x40	; 64
    00000203 40                    1122 	.db #0x40	; 64
    00000204 7E                    1123 	.db #0x7e	; 126
    00000205 00                    1124 	.db #0x00	; 0
    00000206 42                    1125 	.db #0x42	; 66	'B'
    00000207 66                    1126 	.db #0x66	; 102	'f'
    00000208 5A                    1127 	.db #0x5a	; 90	'Z'
    00000209 5A                    1128 	.db #0x5a	; 90	'Z'
    0000020A 42                    1129 	.db #0x42	; 66	'B'
    0000020B 42                    1130 	.db #0x42	; 66	'B'
    0000020C 42                    1131 	.db #0x42	; 66	'B'
    0000020D 00                    1132 	.db #0x00	; 0
    0000020E 42                    1133 	.db #0x42	; 66	'B'
    0000020F 62                    1134 	.db #0x62	; 98	'b'
    00000210 52                    1135 	.db #0x52	; 82	'R'
    00000211 4A                    1136 	.db #0x4a	; 74	'J'
    00000212 46                    1137 	.db #0x46	; 70	'F'
    00000213 42                    1138 	.db #0x42	; 66	'B'
    00000214 42                    1139 	.db #0x42	; 66	'B'
    00000215 00                    1140 	.db #0x00	; 0
    00000216 18                    1141 	.db #0x18	; 24
    00000217 24                    1142 	.db #0x24	; 36
    00000218 42                    1143 	.db #0x42	; 66	'B'
    00000219 42                    1144 	.db #0x42	; 66	'B'
    0000021A 42                    1145 	.db #0x42	; 66	'B'
    0000021B 24                    1146 	.db #0x24	; 36
    0000021C 18                    1147 	.db #0x18	; 24
    0000021D 00                    1148 	.db #0x00	; 0
    0000021E 7C                    1149 	.db #0x7c	; 124
    0000021F 42                    1150 	.db #0x42	; 66	'B'
    00000220 42                    1151 	.db #0x42	; 66	'B'
    00000221 7C                    1152 	.db #0x7c	; 124
    00000222 40                    1153 	.db #0x40	; 64
    00000223 40                    1154 	.db #0x40	; 64
    00000224 40                    1155 	.db #0x40	; 64
    00000225 00                    1156 	.db #0x00	; 0
    00000226 18                    1157 	.db #0x18	; 24
    00000227 24                    1158 	.db #0x24	; 36
    00000228 42                    1159 	.db #0x42	; 66	'B'
    00000229 42                    1160 	.db #0x42	; 66	'B'
    0000022A 4A                    1161 	.db #0x4a	; 74	'J'
    0000022B 24                    1162 	.db #0x24	; 36
    0000022C 1A                    1163 	.db #0x1a	; 26
    0000022D 00                    1164 	.db #0x00	; 0
    0000022E 7C                    1165 	.db #0x7c	; 124
    0000022F 42                    1166 	.db #0x42	; 66	'B'
    00000230 42                    1167 	.db #0x42	; 66	'B'
    00000231 7C                    1168 	.db #0x7c	; 124
    00000232 48                    1169 	.db #0x48	; 72	'H'
    00000233 44                    1170 	.db #0x44	; 68	'D'
    00000234 42                    1171 	.db #0x42	; 66	'B'
    00000235 00                    1172 	.db #0x00	; 0
    00000236 3C                    1173 	.db #0x3c	; 60
    00000237 42                    1174 	.db #0x42	; 66	'B'
    00000238 40                    1175 	.db #0x40	; 64
    00000239 3C                    1176 	.db #0x3c	; 60
    0000023A 02                    1177 	.db #0x02	; 2
    0000023B 42                    1178 	.db #0x42	; 66	'B'
    0000023C 3C                    1179 	.db #0x3c	; 60
    0000023D 00                    1180 	.db #0x00	; 0
    0000023E 3E                    1181 	.db #0x3e	; 62
    0000023F 08                    1182 	.db #0x08	; 8
    00000240 08                    1183 	.db #0x08	; 8
    00000241 08                    1184 	.db #0x08	; 8
    00000242 08                    1185 	.db #0x08	; 8
    00000243 08                    1186 	.db #0x08	; 8
    00000244 08                    1187 	.db #0x08	; 8
    00000245 00                    1188 	.db #0x00	; 0
    00000246 42                    1189 	.db #0x42	; 66	'B'
    00000247 42                    1190 	.db #0x42	; 66	'B'
    00000248 42                    1191 	.db #0x42	; 66	'B'
    00000249 42                    1192 	.db #0x42	; 66	'B'
    0000024A 42                    1193 	.db #0x42	; 66	'B'
    0000024B 42                    1194 	.db #0x42	; 66	'B'
    0000024C 3C                    1195 	.db #0x3c	; 60
    0000024D 00                    1196 	.db #0x00	; 0
    0000024E 42                    1197 	.db #0x42	; 66	'B'
    0000024F 42                    1198 	.db #0x42	; 66	'B'
    00000250 42                    1199 	.db #0x42	; 66	'B'
    00000251 24                    1200 	.db #0x24	; 36
    00000252 24                    1201 	.db #0x24	; 36
    00000253 18                    1202 	.db #0x18	; 24
    00000254 18                    1203 	.db #0x18	; 24
    00000255 00                    1204 	.db #0x00	; 0
    00000256 42                    1205 	.db #0x42	; 66	'B'
    00000257 42                    1206 	.db #0x42	; 66	'B'
    00000258 42                    1207 	.db #0x42	; 66	'B'
    00000259 5A                    1208 	.db #0x5a	; 90	'Z'
    0000025A 5A                    1209 	.db #0x5a	; 90	'Z'
    0000025B 66                    1210 	.db #0x66	; 102	'f'
    0000025C 42                    1211 	.db #0x42	; 66	'B'
    0000025D 00                    1212 	.db #0x00	; 0
    0000025E 42                    1213 	.db #0x42	; 66	'B'
    0000025F 42                    1214 	.db #0x42	; 66	'B'
    00000260 24                    1215 	.db #0x24	; 36
    00000261 18                    1216 	.db #0x18	; 24
    00000262 24                    1217 	.db #0x24	; 36
    00000263 42                    1218 	.db #0x42	; 66	'B'
    00000264 42                    1219 	.db #0x42	; 66	'B'
    00000265 00                    1220 	.db #0x00	; 0
    00000266 22                    1221 	.db #0x22	; 34
    00000267 22                    1222 	.db #0x22	; 34
    00000268 22                    1223 	.db #0x22	; 34
    00000269 1C                    1224 	.db #0x1c	; 28
    0000026A 08                    1225 	.db #0x08	; 8
    0000026B 08                    1226 	.db #0x08	; 8
    0000026C 08                    1227 	.db #0x08	; 8
    0000026D 00                    1228 	.db #0x00	; 0
    0000026E 7E                    1229 	.db #0x7e	; 126
    0000026F 02                    1230 	.db #0x02	; 2
    00000270 04                    1231 	.db #0x04	; 4
    00000271 18                    1232 	.db #0x18	; 24
    00000272 20                    1233 	.db #0x20	; 32
    00000273 40                    1234 	.db #0x40	; 64
    00000274 7E                    1235 	.db #0x7e	; 126
    00000275 00                    1236 	.db #0x00	; 0
    00000276 3C                    1237 	.db #0x3c	; 60
    00000277 20                    1238 	.db #0x20	; 32
    00000278 20                    1239 	.db #0x20	; 32
    00000279 20                    1240 	.db #0x20	; 32
    0000027A 20                    1241 	.db #0x20	; 32
    0000027B 20                    1242 	.db #0x20	; 32
    0000027C 3C                    1243 	.db #0x3c	; 60
    0000027D 00                    1244 	.db #0x00	; 0
    0000027E 00                    1245 	.db #0x00	; 0
    0000027F 40                    1246 	.db #0x40	; 64
    00000280 20                    1247 	.db #0x20	; 32
    00000281 10                    1248 	.db #0x10	; 16
    00000282 08                    1249 	.db #0x08	; 8
    00000283 04                    1250 	.db #0x04	; 4
    00000284 02                    1251 	.db #0x02	; 2
    00000285 00                    1252 	.db #0x00	; 0
    00000286 3C                    1253 	.db #0x3c	; 60
    00000287 04                    1254 	.db #0x04	; 4
    00000288 04                    1255 	.db #0x04	; 4
    00000289 04                    1256 	.db #0x04	; 4
    0000028A 04                    1257 	.db #0x04	; 4
    0000028B 04                    1258 	.db #0x04	; 4
    0000028C 3C                    1259 	.db #0x3c	; 60
    0000028D 00                    1260 	.db #0x00	; 0
    0000028E 00                    1261 	.db #0x00	; 0
    0000028F 08                    1262 	.db #0x08	; 8
    00000290 14                    1263 	.db #0x14	; 20
    00000291 22                    1264 	.db #0x22	; 34
    00000292 00                    1265 	.db #0x00	; 0
    00000293 00                    1266 	.db #0x00	; 0
    00000294 00                    1267 	.db #0x00	; 0
    00000295 00                    1268 	.db #0x00	; 0
    00000296 00                    1269 	.db #0x00	; 0
    00000297 00                    1270 	.db #0x00	; 0
    00000298 00                    1271 	.db #0x00	; 0
    00000299 00                    1272 	.db #0x00	; 0
    0000029A 00                    1273 	.db #0x00	; 0
    0000029B 00                    1274 	.db #0x00	; 0
    0000029C 00                    1275 	.db #0x00	; 0
    0000029D FF                    1276 	.db #0xff	; 255
    0000029E 10                    1277 	.db #0x10	; 16
    0000029F 08                    1278 	.db #0x08	; 8
    000002A0 04                    1279 	.db #0x04	; 4
    000002A1 00                    1280 	.db #0x00	; 0
    000002A2 00                    1281 	.db #0x00	; 0
    000002A3 00                    1282 	.db #0x00	; 0
    000002A4 00                    1283 	.db #0x00	; 0
    000002A5 00                    1284 	.db #0x00	; 0
    000002A6 00                    1285 	.db #0x00	; 0
    000002A7 00                    1286 	.db #0x00	; 0
    000002A8 38                    1287 	.db #0x38	; 56	'8'
    000002A9 04                    1288 	.db #0x04	; 4
    000002AA 3C                    1289 	.db #0x3c	; 60
    000002AB 44                    1290 	.db #0x44	; 68	'D'
    000002AC 3A                    1291 	.db #0x3a	; 58
    000002AD 00                    1292 	.db #0x00	; 0
    000002AE 40                    1293 	.db #0x40	; 64
    000002AF 40                    1294 	.db #0x40	; 64
    000002B0 5C                    1295 	.db #0x5c	; 92
    000002B1 62                    1296 	.db #0x62	; 98	'b'
    000002B2 42                    1297 	.db #0x42	; 66	'B'
    000002B3 62                    1298 	.db #0x62	; 98	'b'
    000002B4 5C                    1299 	.db #0x5c	; 92
    000002B5 00                    1300 	.db #0x00	; 0
    000002B6 00                    1301 	.db #0x00	; 0
    000002B7 00                    1302 	.db #0x00	; 0
    000002B8 3C                    1303 	.db #0x3c	; 60
    000002B9 42                    1304 	.db #0x42	; 66	'B'
    000002BA 40                    1305 	.db #0x40	; 64
    000002BB 42                    1306 	.db #0x42	; 66	'B'
    000002BC 3C                    1307 	.db #0x3c	; 60
    000002BD 00                    1308 	.db #0x00	; 0
    000002BE 02                    1309 	.db #0x02	; 2
    000002BF 02                    1310 	.db #0x02	; 2
    000002C0 3A                    1311 	.db #0x3a	; 58
    000002C1 46                    1312 	.db #0x46	; 70	'F'
    000002C2 42                    1313 	.db #0x42	; 66	'B'
    000002C3 46                    1314 	.db #0x46	; 70	'F'
    000002C4 3A                    1315 	.db #0x3a	; 58
    000002C5 00                    1316 	.db #0x00	; 0
    000002C6 00                    1317 	.db #0x00	; 0
    000002C7 00                    1318 	.db #0x00	; 0
    000002C8 3C                    1319 	.db #0x3c	; 60
    000002C9 42                    1320 	.db #0x42	; 66	'B'
    000002CA 7E                    1321 	.db #0x7e	; 126
    000002CB 40                    1322 	.db #0x40	; 64
    000002CC 3C                    1323 	.db #0x3c	; 60
    000002CD 00                    1324 	.db #0x00	; 0
    000002CE 0C                    1325 	.db #0x0c	; 12
    000002CF 12                    1326 	.db #0x12	; 18
    000002D0 10                    1327 	.db #0x10	; 16
    000002D1 7C                    1328 	.db #0x7c	; 124
    000002D2 10                    1329 	.db #0x10	; 16
    000002D3 10                    1330 	.db #0x10	; 16
    000002D4 10                    1331 	.db #0x10	; 16
    000002D5 00                    1332 	.db #0x00	; 0
    000002D6 00                    1333 	.db #0x00	; 0
    000002D7 00                    1334 	.db #0x00	; 0
    000002D8 3A                    1335 	.db #0x3a	; 58
    000002D9 46                    1336 	.db #0x46	; 70	'F'
    000002DA 46                    1337 	.db #0x46	; 70	'F'
    000002DB 3A                    1338 	.db #0x3a	; 58
    000002DC 02                    1339 	.db #0x02	; 2
    000002DD 3C                    1340 	.db #0x3c	; 60
    000002DE 40                    1341 	.db #0x40	; 64
    000002DF 40                    1342 	.db #0x40	; 64
    000002E0 5C                    1343 	.db #0x5c	; 92
    000002E1 62                    1344 	.db #0x62	; 98	'b'
    000002E2 42                    1345 	.db #0x42	; 66	'B'
    000002E3 42                    1346 	.db #0x42	; 66	'B'
    000002E4 42                    1347 	.db #0x42	; 66	'B'
    000002E5 00                    1348 	.db #0x00	; 0
    000002E6 08                    1349 	.db #0x08	; 8
    000002E7 00                    1350 	.db #0x00	; 0
    000002E8 18                    1351 	.db #0x18	; 24
    000002E9 08                    1352 	.db #0x08	; 8
    000002EA 08                    1353 	.db #0x08	; 8
    000002EB 08                    1354 	.db #0x08	; 8
    000002EC 1C                    1355 	.db #0x1c	; 28
    000002ED 00                    1356 	.db #0x00	; 0
    000002EE 04                    1357 	.db #0x04	; 4
    000002EF 00                    1358 	.db #0x00	; 0
    000002F0 0C                    1359 	.db #0x0c	; 12
    000002F1 04                    1360 	.db #0x04	; 4
    000002F2 04                    1361 	.db #0x04	; 4
    000002F3 04                    1362 	.db #0x04	; 4
    000002F4 44                    1363 	.db #0x44	; 68	'D'
    000002F5 38                    1364 	.db #0x38	; 56	'8'
    000002F6 40                    1365 	.db #0x40	; 64
    000002F7 40                    1366 	.db #0x40	; 64
    000002F8 44                    1367 	.db #0x44	; 68	'D'
    000002F9 48                    1368 	.db #0x48	; 72	'H'
    000002FA 50                    1369 	.db #0x50	; 80	'P'
    000002FB 68                    1370 	.db #0x68	; 104	'h'
    000002FC 44                    1371 	.db #0x44	; 68	'D'
    000002FD 00                    1372 	.db #0x00	; 0
    000002FE 18                    1373 	.db #0x18	; 24
    000002FF 08                    1374 	.db #0x08	; 8
    00000300 08                    1375 	.db #0x08	; 8
    00000301 08                    1376 	.db #0x08	; 8
    00000302 08                    1377 	.db #0x08	; 8
    00000303 08                    1378 	.db #0x08	; 8
    00000304 1C                    1379 	.db #0x1c	; 28
    00000305 00                    1380 	.db #0x00	; 0
    00000306 00                    1381 	.db #0x00	; 0
    00000307 00                    1382 	.db #0x00	; 0
    00000308 76                    1383 	.db #0x76	; 118	'v'
    00000309 49                    1384 	.db #0x49	; 73	'I'
    0000030A 49                    1385 	.db #0x49	; 73	'I'
    0000030B 49                    1386 	.db #0x49	; 73	'I'
    0000030C 49                    1387 	.db #0x49	; 73	'I'
    0000030D 00                    1388 	.db #0x00	; 0
    0000030E 00                    1389 	.db #0x00	; 0
    0000030F 00                    1390 	.db #0x00	; 0
    00000310 5C                    1391 	.db #0x5c	; 92
    00000311 62                    1392 	.db #0x62	; 98	'b'
    00000312 42                    1393 	.db #0x42	; 66	'B'
    00000313 42                    1394 	.db #0x42	; 66	'B'
    00000314 42                    1395 	.db #0x42	; 66	'B'
    00000315 00                    1396 	.db #0x00	; 0
    00000316 00                    1397 	.db #0x00	; 0
    00000317 00                    1398 	.db #0x00	; 0
    00000318 3C                    1399 	.db #0x3c	; 60
    00000319 42                    1400 	.db #0x42	; 66	'B'
    0000031A 42                    1401 	.db #0x42	; 66	'B'
    0000031B 42                    1402 	.db #0x42	; 66	'B'
    0000031C 3C                    1403 	.db #0x3c	; 60
    0000031D 00                    1404 	.db #0x00	; 0
    0000031E 00                    1405 	.db #0x00	; 0
    0000031F 00                    1406 	.db #0x00	; 0
    00000320 5C                    1407 	.db #0x5c	; 92
    00000321 62                    1408 	.db #0x62	; 98	'b'
    00000322 62                    1409 	.db #0x62	; 98	'b'
    00000323 5C                    1410 	.db #0x5c	; 92
    00000324 40                    1411 	.db #0x40	; 64
    00000325 40                    1412 	.db #0x40	; 64
    00000326 00                    1413 	.db #0x00	; 0
    00000327 00                    1414 	.db #0x00	; 0
    00000328 3A                    1415 	.db #0x3a	; 58
    00000329 46                    1416 	.db #0x46	; 70	'F'
    0000032A 46                    1417 	.db #0x46	; 70	'F'
    0000032B 3A                    1418 	.db #0x3a	; 58
    0000032C 02                    1419 	.db #0x02	; 2
    0000032D 02                    1420 	.db #0x02	; 2
    0000032E 00                    1421 	.db #0x00	; 0
    0000032F 00                    1422 	.db #0x00	; 0
    00000330 5C                    1423 	.db #0x5c	; 92
    00000331 62                    1424 	.db #0x62	; 98	'b'
    00000332 40                    1425 	.db #0x40	; 64
    00000333 40                    1426 	.db #0x40	; 64
    00000334 40                    1427 	.db #0x40	; 64
    00000335 00                    1428 	.db #0x00	; 0
    00000336 00                    1429 	.db #0x00	; 0
    00000337 00                    1430 	.db #0x00	; 0
    00000338 3E                    1431 	.db #0x3e	; 62
    00000339 40                    1432 	.db #0x40	; 64
    0000033A 3C                    1433 	.db #0x3c	; 60
    0000033B 02                    1434 	.db #0x02	; 2
    0000033C 7C                    1435 	.db #0x7c	; 124
    0000033D 00                    1436 	.db #0x00	; 0
    0000033E 10                    1437 	.db #0x10	; 16
    0000033F 10                    1438 	.db #0x10	; 16
    00000340 7C                    1439 	.db #0x7c	; 124
    00000341 10                    1440 	.db #0x10	; 16
    00000342 10                    1441 	.db #0x10	; 16
    00000343 12                    1442 	.db #0x12	; 18
    00000344 0C                    1443 	.db #0x0c	; 12
    00000345 00                    1444 	.db #0x00	; 0
    00000346 00                    1445 	.db #0x00	; 0
    00000347 00                    1446 	.db #0x00	; 0
    00000348 42                    1447 	.db #0x42	; 66	'B'
    00000349 42                    1448 	.db #0x42	; 66	'B'
    0000034A 42                    1449 	.db #0x42	; 66	'B'
    0000034B 46                    1450 	.db #0x46	; 70	'F'
    0000034C 3A                    1451 	.db #0x3a	; 58
    0000034D 00                    1452 	.db #0x00	; 0
    0000034E 00                    1453 	.db #0x00	; 0
    0000034F 00                    1454 	.db #0x00	; 0
    00000350 42                    1455 	.db #0x42	; 66	'B'
    00000351 42                    1456 	.db #0x42	; 66	'B'
    00000352 42                    1457 	.db #0x42	; 66	'B'
    00000353 24                    1458 	.db #0x24	; 36
    00000354 18                    1459 	.db #0x18	; 24
    00000355 00                    1460 	.db #0x00	; 0
    00000356 00                    1461 	.db #0x00	; 0
    00000357 00                    1462 	.db #0x00	; 0
    00000358 41                    1463 	.db #0x41	; 65	'A'
    00000359 49                    1464 	.db #0x49	; 73	'I'
    0000035A 49                    1465 	.db #0x49	; 73	'I'
    0000035B 49                    1466 	.db #0x49	; 73	'I'
    0000035C 36                    1467 	.db #0x36	; 54	'6'
    0000035D 00                    1468 	.db #0x00	; 0
    0000035E 00                    1469 	.db #0x00	; 0
    0000035F 00                    1470 	.db #0x00	; 0
    00000360 42                    1471 	.db #0x42	; 66	'B'
    00000361 24                    1472 	.db #0x24	; 36
    00000362 18                    1473 	.db #0x18	; 24
    00000363 24                    1474 	.db #0x24	; 36
    00000364 42                    1475 	.db #0x42	; 66	'B'
    00000365 00                    1476 	.db #0x00	; 0
    00000366 00                    1477 	.db #0x00	; 0
    00000367 00                    1478 	.db #0x00	; 0
    00000368 42                    1479 	.db #0x42	; 66	'B'
    00000369 42                    1480 	.db #0x42	; 66	'B'
    0000036A 46                    1481 	.db #0x46	; 70	'F'
    0000036B 3A                    1482 	.db #0x3a	; 58
    0000036C 02                    1483 	.db #0x02	; 2
    0000036D 3C                    1484 	.db #0x3c	; 60
    0000036E 00                    1485 	.db #0x00	; 0
    0000036F 00                    1486 	.db #0x00	; 0
    00000370 7E                    1487 	.db #0x7e	; 126
    00000371 04                    1488 	.db #0x04	; 4
    00000372 18                    1489 	.db #0x18	; 24
    00000373 20                    1490 	.db #0x20	; 32
    00000374 7E                    1491 	.db #0x7e	; 126
    00000375 00                    1492 	.db #0x00	; 0
    00000376 06                    1493 	.db #0x06	; 6
    00000377 08                    1494 	.db #0x08	; 8
    00000378 08                    1495 	.db #0x08	; 8
    00000379 30                    1496 	.db #0x30	; 48	'0'
    0000037A 08                    1497 	.db #0x08	; 8
    0000037B 08                    1498 	.db #0x08	; 8
    0000037C 06                    1499 	.db #0x06	; 6
    0000037D 00                    1500 	.db #0x00	; 0
    0000037E 08                    1501 	.db #0x08	; 8
    0000037F 08                    1502 	.db #0x08	; 8
    00000380 08                    1503 	.db #0x08	; 8
    00000381 08                    1504 	.db #0x08	; 8
    00000382 08                    1505 	.db #0x08	; 8
    00000383 08                    1506 	.db #0x08	; 8
    00000384 08                    1507 	.db #0x08	; 8
    00000385 08                    1508 	.db #0x08	; 8
    00000386 30                    1509 	.db #0x30	; 48	'0'
    00000387 08                    1510 	.db #0x08	; 8
    00000388 08                    1511 	.db #0x08	; 8
    00000389 06                    1512 	.db #0x06	; 6
    0000038A 08                    1513 	.db #0x08	; 8
    0000038B 08                    1514 	.db #0x08	; 8
    0000038C 30                    1515 	.db #0x30	; 48	'0'
    0000038D 00                    1516 	.db #0x00	; 0
    0000038E 31                    1517 	.db #0x31	; 49	'1'
    0000038F 49                    1518 	.db #0x49	; 73	'I'
    00000390 46                    1519 	.db #0x46	; 70	'F'
    00000391 00                    1520 	.db #0x00	; 0
    00000392 00                    1521 	.db #0x00	; 0
    00000393 00                    1522 	.db #0x00	; 0
    00000394 00                    1523 	.db #0x00	; 0
    00000395 00                    1524 	.db #0x00	; 0
    00000396 00                    1525 	.db #0x00	; 0
    00000397 00                    1526 	.db #0x00	; 0
    00000398 00                    1527 	.db #0x00	; 0
    00000399 00                    1528 	.db #0x00	; 0
    0000039A 00                    1529 	.db #0x00	; 0
    0000039B 00                    1530 	.db #0x00	; 0
    0000039C 00                    1531 	.db #0x00	; 0
    0000039D 00                    1532 	.db #0x00	; 0
    0000039E                       1533 _g_Map:
    0000039E 01                    1534 	.db #0x01	; 1
    0000039F 01                    1535 	.db #0x01	; 1
    000003A0 01                    1536 	.db #0x01	; 1
    000003A1 00                    1537 	.db #0x00	; 0
    000003A2 00                    1538 	.db #0x00	; 0
    000003A3 00                    1539 	.db #0x00	; 0
    000003A4 00                    1540 	.db #0x00	; 0
    000003A5 00                    1541 	.db #0x00	; 0
    000003A6 00                    1542 	.db #0x00	; 0
    000003A7 00                    1543 	.db #0x00	; 0
    000003A8 00                    1544 	.db #0x00	; 0
    000003A9 00                    1545 	.db #0x00	; 0
    000003AA 00                    1546 	.db #0x00	; 0
    000003AB 00                    1547 	.db #0x00	; 0
    000003AC 00                    1548 	.db #0x00	; 0
    000003AD 00                    1549 	.db #0x00	; 0
    000003AE 00                    1550 	.db #0x00	; 0
    000003AF 00                    1551 	.db #0x00	; 0
    000003B0 00                    1552 	.db #0x00	; 0
    000003B1 00                    1553 	.db #0x00	; 0
    000003B2 00                    1554 	.db #0x00	; 0
    000003B3 00                    1555 	.db #0x00	; 0
    000003B4 00                    1556 	.db #0x00	; 0
    000003B5 00                    1557 	.db #0x00	; 0
    000003B6 00                    1558 	.db #0x00	; 0
    000003B7 00                    1559 	.db #0x00	; 0
    000003B8 00                    1560 	.db #0x00	; 0
    000003B9 00                    1561 	.db #0x00	; 0
    000003BA 00                    1562 	.db #0x00	; 0
    000003BB 01                    1563 	.db #0x01	; 1
    000003BC 01                    1564 	.db #0x01	; 1
    000003BD 01                    1565 	.db #0x01	; 1
    000003BE 01                    1566 	.db #0x01	; 1
    000003BF 01                    1567 	.db #0x01	; 1
    000003C0 01                    1568 	.db #0x01	; 1
    000003C1 00                    1569 	.db #0x00	; 0
    000003C2 00                    1570 	.db #0x00	; 0
    000003C3 00                    1571 	.db #0x00	; 0
    000003C4 00                    1572 	.db #0x00	; 0
    000003C5 00                    1573 	.db #0x00	; 0
    000003C6 00                    1574 	.db #0x00	; 0
    000003C7 00                    1575 	.db #0x00	; 0
    000003C8 00                    1576 	.db #0x00	; 0
    000003C9 00                    1577 	.db #0x00	; 0
    000003CA 00                    1578 	.db #0x00	; 0
    000003CB 00                    1579 	.db #0x00	; 0
    000003CC 00                    1580 	.db #0x00	; 0
    000003CD 00                    1581 	.db #0x00	; 0
    000003CE 00                    1582 	.db #0x00	; 0
    000003CF 00                    1583 	.db #0x00	; 0
    000003D0 00                    1584 	.db #0x00	; 0
    000003D1 00                    1585 	.db #0x00	; 0
    000003D2 00                    1586 	.db #0x00	; 0
    000003D3 00                    1587 	.db #0x00	; 0
    000003D4 00                    1588 	.db #0x00	; 0
    000003D5 00                    1589 	.db #0x00	; 0
    000003D6 00                    1590 	.db #0x00	; 0
    000003D7 00                    1591 	.db #0x00	; 0
    000003D8 00                    1592 	.db #0x00	; 0
    000003D9 00                    1593 	.db #0x00	; 0
    000003DA 00                    1594 	.db #0x00	; 0
    000003DB 01                    1595 	.db #0x01	; 1
    000003DC 01                    1596 	.db #0x01	; 1
    000003DD 01                    1597 	.db #0x01	; 1
    000003DE 01                    1598 	.db #0x01	; 1
    000003DF 01                    1599 	.db #0x01	; 1
    000003E0 01                    1600 	.db #0x01	; 1
    000003E1 00                    1601 	.db #0x00	; 0
    000003E2 00                    1602 	.db #0x00	; 0
    000003E3 00                    1603 	.db #0x00	; 0
    000003E4 00                    1604 	.db #0x00	; 0
    000003E5 00                    1605 	.db #0x00	; 0
    000003E6 00                    1606 	.db #0x00	; 0
    000003E7 00                    1607 	.db #0x00	; 0
    000003E8 00                    1608 	.db #0x00	; 0
    000003E9 00                    1609 	.db #0x00	; 0
    000003EA 00                    1610 	.db #0x00	; 0
    000003EB 00                    1611 	.db #0x00	; 0
    000003EC 00                    1612 	.db #0x00	; 0
    000003ED 00                    1613 	.db #0x00	; 0
    000003EE 00                    1614 	.db #0x00	; 0
    000003EF 00                    1615 	.db #0x00	; 0
    000003F0 00                    1616 	.db #0x00	; 0
    000003F1 00                    1617 	.db #0x00	; 0
    000003F2 00                    1618 	.db #0x00	; 0
    000003F3 00                    1619 	.db #0x00	; 0
    000003F4 00                    1620 	.db #0x00	; 0
    000003F5 00                    1621 	.db #0x00	; 0
    000003F6 00                    1622 	.db #0x00	; 0
    000003F7 00                    1623 	.db #0x00	; 0
    000003F8 00                    1624 	.db #0x00	; 0
    000003F9 00                    1625 	.db #0x00	; 0
    000003FA 00                    1626 	.db #0x00	; 0
    000003FB 01                    1627 	.db #0x01	; 1
    000003FC 01                    1628 	.db #0x01	; 1
    000003FD 01                    1629 	.db #0x01	; 1
    000003FE 01                    1630 	.db #0x01	; 1
    000003FF 01                    1631 	.db #0x01	; 1
    00000400 01                    1632 	.db #0x01	; 1
    00000401 08                    1633 	.db #0x08	; 8
    00000402 00                    1634 	.db #0x00	; 0
    00000403 00                    1635 	.db #0x00	; 0
    00000404 00                    1636 	.db #0x00	; 0
    00000405 00                    1637 	.db #0x00	; 0
    00000406 00                    1638 	.db #0x00	; 0
    00000407 00                    1639 	.db #0x00	; 0
    00000408 00                    1640 	.db #0x00	; 0
    00000409 00                    1641 	.db #0x00	; 0
    0000040A 00                    1642 	.db #0x00	; 0
    0000040B 00                    1643 	.db #0x00	; 0
    0000040C 00                    1644 	.db #0x00	; 0
    0000040D 00                    1645 	.db #0x00	; 0
    0000040E 00                    1646 	.db #0x00	; 0
    0000040F 00                    1647 	.db #0x00	; 0
    00000410 00                    1648 	.db #0x00	; 0
    00000411 00                    1649 	.db #0x00	; 0
    00000412 00                    1650 	.db #0x00	; 0
    00000413 00                    1651 	.db #0x00	; 0
    00000414 00                    1652 	.db #0x00	; 0
    00000415 00                    1653 	.db #0x00	; 0
    00000416 00                    1654 	.db #0x00	; 0
    00000417 00                    1655 	.db #0x00	; 0
    00000418 00                    1656 	.db #0x00	; 0
    00000419 00                    1657 	.db #0x00	; 0
    0000041A 08                    1658 	.db #0x08	; 8
    0000041B 01                    1659 	.db #0x01	; 1
    0000041C 01                    1660 	.db #0x01	; 1
    0000041D 01                    1661 	.db #0x01	; 1
    0000041E 01                    1662 	.db #0x01	; 1
    0000041F 01                    1663 	.db #0x01	; 1
    00000420 01                    1664 	.db #0x01	; 1
    00000421 00                    1665 	.db #0x00	; 0
    00000422 00                    1666 	.db #0x00	; 0
    00000423 00                    1667 	.db #0x00	; 0
    00000424 00                    1668 	.db #0x00	; 0
    00000425 00                    1669 	.db #0x00	; 0
    00000426 00                    1670 	.db #0x00	; 0
    00000427 00                    1671 	.db #0x00	; 0
    00000428 00                    1672 	.db #0x00	; 0
    00000429 00                    1673 	.db #0x00	; 0
    0000042A 00                    1674 	.db #0x00	; 0
    0000042B 00                    1675 	.db #0x00	; 0
    0000042C 00                    1676 	.db #0x00	; 0
    0000042D 00                    1677 	.db #0x00	; 0
    0000042E 00                    1678 	.db #0x00	; 0
    0000042F 00                    1679 	.db #0x00	; 0
    00000430 00                    1680 	.db #0x00	; 0
    00000431 00                    1681 	.db #0x00	; 0
    00000432 00                    1682 	.db #0x00	; 0
    00000433 00                    1683 	.db #0x00	; 0
    00000434 00                    1684 	.db #0x00	; 0
    00000435 00                    1685 	.db #0x00	; 0
    00000436 00                    1686 	.db #0x00	; 0
    00000437 00                    1687 	.db #0x00	; 0
    00000438 00                    1688 	.db #0x00	; 0
    00000439 00                    1689 	.db #0x00	; 0
    0000043A 00                    1690 	.db #0x00	; 0
    0000043B 01                    1691 	.db #0x01	; 1
    0000043C 01                    1692 	.db #0x01	; 1
    0000043D 01                    1693 	.db #0x01	; 1
    0000043E 01                    1694 	.db #0x01	; 1
    0000043F 01                    1695 	.db #0x01	; 1
    00000440 01                    1696 	.db #0x01	; 1
    00000441 00                    1697 	.db #0x00	; 0
    00000442 00                    1698 	.db #0x00	; 0
    00000443 00                    1699 	.db #0x00	; 0
    00000444 00                    1700 	.db #0x00	; 0
    00000445 00                    1701 	.db #0x00	; 0
    00000446 00                    1702 	.db #0x00	; 0
    00000447 00                    1703 	.db #0x00	; 0
    00000448 00                    1704 	.db #0x00	; 0
    00000449 00                    1705 	.db #0x00	; 0
    0000044A 00                    1706 	.db #0x00	; 0
    0000044B 00                    1707 	.db #0x00	; 0
    0000044C 00                    1708 	.db #0x00	; 0
    0000044D 00                    1709 	.db #0x00	; 0
    0000044E 00                    1710 	.db #0x00	; 0
    0000044F 00                    1711 	.db #0x00	; 0
    00000450 00                    1712 	.db #0x00	; 0
    00000451 00                    1713 	.db #0x00	; 0
    00000452 00                    1714 	.db #0x00	; 0
    00000453 00                    1715 	.db #0x00	; 0
    00000454 00                    1716 	.db #0x00	; 0
    00000455 00                    1717 	.db #0x00	; 0
    00000456 00                    1718 	.db #0x00	; 0
    00000457 00                    1719 	.db #0x00	; 0
    00000458 00                    1720 	.db #0x00	; 0
    00000459 00                    1721 	.db #0x00	; 0
    0000045A 00                    1722 	.db #0x00	; 0
    0000045B 01                    1723 	.db #0x01	; 1
    0000045C 01                    1724 	.db #0x01	; 1
    0000045D 01                    1725 	.db #0x01	; 1
    0000045E 01                    1726 	.db #0x01	; 1
    0000045F 01                    1727 	.db #0x01	; 1
    00000460 01                    1728 	.db #0x01	; 1
    00000461 00                    1729 	.db #0x00	; 0
    00000462 00                    1730 	.db #0x00	; 0
    00000463 00                    1731 	.db #0x00	; 0
    00000464 00                    1732 	.db #0x00	; 0
    00000465 00                    1733 	.db #0x00	; 0
    00000466 00                    1734 	.db #0x00	; 0
    00000467 00                    1735 	.db #0x00	; 0
    00000468 00                    1736 	.db #0x00	; 0
    00000469 00                    1737 	.db #0x00	; 0
    0000046A 00                    1738 	.db #0x00	; 0
    0000046B 00                    1739 	.db #0x00	; 0
    0000046C 00                    1740 	.db #0x00	; 0
    0000046D 00                    1741 	.db #0x00	; 0
    0000046E 00                    1742 	.db #0x00	; 0
    0000046F 00                    1743 	.db #0x00	; 0
    00000470 00                    1744 	.db #0x00	; 0
    00000471 00                    1745 	.db #0x00	; 0
    00000472 00                    1746 	.db #0x00	; 0
    00000473 00                    1747 	.db #0x00	; 0
    00000474 00                    1748 	.db #0x00	; 0
    00000475 00                    1749 	.db #0x00	; 0
    00000476 00                    1750 	.db #0x00	; 0
    00000477 00                    1751 	.db #0x00	; 0
    00000478 00                    1752 	.db #0x00	; 0
    00000479 00                    1753 	.db #0x00	; 0
    0000047A 00                    1754 	.db #0x00	; 0
    0000047B 01                    1755 	.db #0x01	; 1
    0000047C 01                    1756 	.db #0x01	; 1
    0000047D 01                    1757 	.db #0x01	; 1
    0000047E 01                    1758 	.db #0x01	; 1
    0000047F 01                    1759 	.db #0x01	; 1
    00000480 01                    1760 	.db #0x01	; 1
    00000481 08                    1761 	.db #0x08	; 8
    00000482 00                    1762 	.db #0x00	; 0
    00000483 00                    1763 	.db #0x00	; 0
    00000484 00                    1764 	.db #0x00	; 0
    00000485 00                    1765 	.db #0x00	; 0
    00000486 00                    1766 	.db #0x00	; 0
    00000487 00                    1767 	.db #0x00	; 0
    00000488 00                    1768 	.db #0x00	; 0
    00000489 00                    1769 	.db #0x00	; 0
    0000048A 00                    1770 	.db #0x00	; 0
    0000048B 00                    1771 	.db #0x00	; 0
    0000048C 00                    1772 	.db #0x00	; 0
    0000048D 00                    1773 	.db #0x00	; 0
    0000048E 00                    1774 	.db #0x00	; 0
    0000048F 00                    1775 	.db #0x00	; 0
    00000490 00                    1776 	.db #0x00	; 0
    00000491 00                    1777 	.db #0x00	; 0
    00000492 00                    1778 	.db #0x00	; 0
    00000493 00                    1779 	.db #0x00	; 0
    00000494 00                    1780 	.db #0x00	; 0
    00000495 00                    1781 	.db #0x00	; 0
    00000496 00                    1782 	.db #0x00	; 0
    00000497 00                    1783 	.db #0x00	; 0
    00000498 00                    1784 	.db #0x00	; 0
    00000499 00                    1785 	.db #0x00	; 0
    0000049A 08                    1786 	.db #0x08	; 8
    0000049B 01                    1787 	.db #0x01	; 1
    0000049C 01                    1788 	.db #0x01	; 1
    0000049D 01                    1789 	.db #0x01	; 1
    0000049E 01                    1790 	.db #0x01	; 1
    0000049F 01                    1791 	.db #0x01	; 1
    000004A0 01                    1792 	.db #0x01	; 1
    000004A1 00                    1793 	.db #0x00	; 0
    000004A2 00                    1794 	.db #0x00	; 0
    000004A3 00                    1795 	.db #0x00	; 0
    000004A4 00                    1796 	.db #0x00	; 0
    000004A5 00                    1797 	.db #0x00	; 0
    000004A6 00                    1798 	.db #0x00	; 0
    000004A7 00                    1799 	.db #0x00	; 0
    000004A8 00                    1800 	.db #0x00	; 0
    000004A9 00                    1801 	.db #0x00	; 0
    000004AA 00                    1802 	.db #0x00	; 0
    000004AB 00                    1803 	.db #0x00	; 0
    000004AC 00                    1804 	.db #0x00	; 0
    000004AD 00                    1805 	.db #0x00	; 0
    000004AE 00                    1806 	.db #0x00	; 0
    000004AF 00                    1807 	.db #0x00	; 0
    000004B0 00                    1808 	.db #0x00	; 0
    000004B1 00                    1809 	.db #0x00	; 0
    000004B2 00                    1810 	.db #0x00	; 0
    000004B3 00                    1811 	.db #0x00	; 0
    000004B4 00                    1812 	.db #0x00	; 0
    000004B5 00                    1813 	.db #0x00	; 0
    000004B6 00                    1814 	.db #0x00	; 0
    000004B7 00                    1815 	.db #0x00	; 0
    000004B8 00                    1816 	.db #0x00	; 0
    000004B9 00                    1817 	.db #0x00	; 0
    000004BA 00                    1818 	.db #0x00	; 0
    000004BB 01                    1819 	.db #0x01	; 1
    000004BC 01                    1820 	.db #0x01	; 1
    000004BD 01                    1821 	.db #0x01	; 1
    000004BE 01                    1822 	.db #0x01	; 1
    000004BF 01                    1823 	.db #0x01	; 1
    000004C0 01                    1824 	.db #0x01	; 1
    000004C1 00                    1825 	.db #0x00	; 0
    000004C2 00                    1826 	.db #0x00	; 0
    000004C3 00                    1827 	.db #0x00	; 0
    000004C4 00                    1828 	.db #0x00	; 0
    000004C5 00                    1829 	.db #0x00	; 0
    000004C6 00                    1830 	.db #0x00	; 0
    000004C7 00                    1831 	.db #0x00	; 0
    000004C8 00                    1832 	.db #0x00	; 0
    000004C9 00                    1833 	.db #0x00	; 0
    000004CA 00                    1834 	.db #0x00	; 0
    000004CB 00                    1835 	.db #0x00	; 0
    000004CC 00                    1836 	.db #0x00	; 0
    000004CD 00                    1837 	.db #0x00	; 0
    000004CE 00                    1838 	.db #0x00	; 0
    000004CF 00                    1839 	.db #0x00	; 0
    000004D0 00                    1840 	.db #0x00	; 0
    000004D1 00                    1841 	.db #0x00	; 0
    000004D2 00                    1842 	.db #0x00	; 0
    000004D3 00                    1843 	.db #0x00	; 0
    000004D4 00                    1844 	.db #0x00	; 0
    000004D5 00                    1845 	.db #0x00	; 0
    000004D6 00                    1846 	.db #0x00	; 0
    000004D7 00                    1847 	.db #0x00	; 0
    000004D8 00                    1848 	.db #0x00	; 0
    000004D9 00                    1849 	.db #0x00	; 0
    000004DA 00                    1850 	.db #0x00	; 0
    000004DB 01                    1851 	.db #0x01	; 1
    000004DC 01                    1852 	.db #0x01	; 1
    000004DD 01                    1853 	.db #0x01	; 1
    000004DE 01                    1854 	.db #0x01	; 1
    000004DF 01                    1855 	.db #0x01	; 1
    000004E0 01                    1856 	.db #0x01	; 1
    000004E1 00                    1857 	.db #0x00	; 0
    000004E2 00                    1858 	.db #0x00	; 0
    000004E3 00                    1859 	.db #0x00	; 0
    000004E4 00                    1860 	.db #0x00	; 0
    000004E5 00                    1861 	.db #0x00	; 0
    000004E6 00                    1862 	.db #0x00	; 0
    000004E7 00                    1863 	.db #0x00	; 0
    000004E8 00                    1864 	.db #0x00	; 0
    000004E9 00                    1865 	.db #0x00	; 0
    000004EA 00                    1866 	.db #0x00	; 0
    000004EB 00                    1867 	.db #0x00	; 0
    000004EC 00                    1868 	.db #0x00	; 0
    000004ED 00                    1869 	.db #0x00	; 0
    000004EE 00                    1870 	.db #0x00	; 0
    000004EF 00                    1871 	.db #0x00	; 0
    000004F0 00                    1872 	.db #0x00	; 0
    000004F1 00                    1873 	.db #0x00	; 0
    000004F2 00                    1874 	.db #0x00	; 0
    000004F3 00                    1875 	.db #0x00	; 0
    000004F4 00                    1876 	.db #0x00	; 0
    000004F5 00                    1877 	.db #0x00	; 0
    000004F6 00                    1878 	.db #0x00	; 0
    000004F7 00                    1879 	.db #0x00	; 0
    000004F8 00                    1880 	.db #0x00	; 0
    000004F9 00                    1881 	.db #0x00	; 0
    000004FA 00                    1882 	.db #0x00	; 0
    000004FB 01                    1883 	.db #0x01	; 1
    000004FC 01                    1884 	.db #0x01	; 1
    000004FD 01                    1885 	.db #0x01	; 1
    000004FE 01                    1886 	.db #0x01	; 1
    000004FF 01                    1887 	.db #0x01	; 1
    00000500 01                    1888 	.db #0x01	; 1
    00000501 08                    1889 	.db #0x08	; 8
    00000502 00                    1890 	.db #0x00	; 0
    00000503 00                    1891 	.db #0x00	; 0
    00000504 00                    1892 	.db #0x00	; 0
    00000505 00                    1893 	.db #0x00	; 0
    00000506 00                    1894 	.db #0x00	; 0
    00000507 00                    1895 	.db #0x00	; 0
    00000508 00                    1896 	.db #0x00	; 0
    00000509 00                    1897 	.db #0x00	; 0
    0000050A 00                    1898 	.db #0x00	; 0
    0000050B 00                    1899 	.db #0x00	; 0
    0000050C 00                    1900 	.db #0x00	; 0
    0000050D 00                    1901 	.db #0x00	; 0
    0000050E 00                    1902 	.db #0x00	; 0
    0000050F 00                    1903 	.db #0x00	; 0
    00000510 00                    1904 	.db #0x00	; 0
    00000511 00                    1905 	.db #0x00	; 0
    00000512 00                    1906 	.db #0x00	; 0
    00000513 00                    1907 	.db #0x00	; 0
    00000514 00                    1908 	.db #0x00	; 0
    00000515 00                    1909 	.db #0x00	; 0
    00000516 00                    1910 	.db #0x00	; 0
    00000517 00                    1911 	.db #0x00	; 0
    00000518 00                    1912 	.db #0x00	; 0
    00000519 00                    1913 	.db #0x00	; 0
    0000051A 08                    1914 	.db #0x08	; 8
    0000051B 01                    1915 	.db #0x01	; 1
    0000051C 01                    1916 	.db #0x01	; 1
    0000051D 01                    1917 	.db #0x01	; 1
    0000051E 01                    1918 	.db #0x01	; 1
    0000051F 01                    1919 	.db #0x01	; 1
    00000520 01                    1920 	.db #0x01	; 1
    00000521 00                    1921 	.db #0x00	; 0
    00000522 00                    1922 	.db #0x00	; 0
    00000523 00                    1923 	.db #0x00	; 0
    00000524 00                    1924 	.db #0x00	; 0
    00000525 00                    1925 	.db #0x00	; 0
    00000526 00                    1926 	.db #0x00	; 0
    00000527 00                    1927 	.db #0x00	; 0
    00000528 00                    1928 	.db #0x00	; 0
    00000529 00                    1929 	.db #0x00	; 0
    0000052A 00                    1930 	.db #0x00	; 0
    0000052B 00                    1931 	.db #0x00	; 0
    0000052C 00                    1932 	.db #0x00	; 0
    0000052D 00                    1933 	.db #0x00	; 0
    0000052E 00                    1934 	.db #0x00	; 0
    0000052F 00                    1935 	.db #0x00	; 0
    00000530 00                    1936 	.db #0x00	; 0
    00000531 00                    1937 	.db #0x00	; 0
    00000532 00                    1938 	.db #0x00	; 0
    00000533 00                    1939 	.db #0x00	; 0
    00000534 00                    1940 	.db #0x00	; 0
    00000535 00                    1941 	.db #0x00	; 0
    00000536 00                    1942 	.db #0x00	; 0
    00000537 00                    1943 	.db #0x00	; 0
    00000538 00                    1944 	.db #0x00	; 0
    00000539 00                    1945 	.db #0x00	; 0
    0000053A 00                    1946 	.db #0x00	; 0
    0000053B 01                    1947 	.db #0x01	; 1
    0000053C 01                    1948 	.db #0x01	; 1
    0000053D 01                    1949 	.db #0x01	; 1
    0000053E 01                    1950 	.db #0x01	; 1
    0000053F 01                    1951 	.db #0x01	; 1
    00000540 01                    1952 	.db #0x01	; 1
    00000541 00                    1953 	.db #0x00	; 0
    00000542 00                    1954 	.db #0x00	; 0
    00000543 00                    1955 	.db #0x00	; 0
    00000544 00                    1956 	.db #0x00	; 0
    00000545 00                    1957 	.db #0x00	; 0
    00000546 00                    1958 	.db #0x00	; 0
    00000547 00                    1959 	.db #0x00	; 0
    00000548 00                    1960 	.db #0x00	; 0
    00000549 00                    1961 	.db #0x00	; 0
    0000054A 00                    1962 	.db #0x00	; 0
    0000054B 00                    1963 	.db #0x00	; 0
    0000054C 00                    1964 	.db #0x00	; 0
    0000054D 00                    1965 	.db #0x00	; 0
    0000054E 00                    1966 	.db #0x00	; 0
    0000054F 00                    1967 	.db #0x00	; 0
    00000550 00                    1968 	.db #0x00	; 0
    00000551 00                    1969 	.db #0x00	; 0
    00000552 00                    1970 	.db #0x00	; 0
    00000553 00                    1971 	.db #0x00	; 0
    00000554 00                    1972 	.db #0x00	; 0
    00000555 00                    1973 	.db #0x00	; 0
    00000556 00                    1974 	.db #0x00	; 0
    00000557 00                    1975 	.db #0x00	; 0
    00000558 00                    1976 	.db #0x00	; 0
    00000559 00                    1977 	.db #0x00	; 0
    0000055A 00                    1978 	.db #0x00	; 0
    0000055B 01                    1979 	.db #0x01	; 1
    0000055C 01                    1980 	.db #0x01	; 1
    0000055D 01                    1981 	.db #0x01	; 1
    0000055E 01                    1982 	.db #0x01	; 1
    0000055F 01                    1983 	.db #0x01	; 1
    00000560 01                    1984 	.db #0x01	; 1
    00000561 00                    1985 	.db #0x00	; 0
    00000562 00                    1986 	.db #0x00	; 0
    00000563 00                    1987 	.db #0x00	; 0
    00000564 00                    1988 	.db #0x00	; 0
    00000565 00                    1989 	.db #0x00	; 0
    00000566 00                    1990 	.db #0x00	; 0
    00000567 00                    1991 	.db #0x00	; 0
    00000568 00                    1992 	.db #0x00	; 0
    00000569 00                    1993 	.db #0x00	; 0
    0000056A 00                    1994 	.db #0x00	; 0
    0000056B 00                    1995 	.db #0x00	; 0
    0000056C 00                    1996 	.db #0x00	; 0
    0000056D 00                    1997 	.db #0x00	; 0
    0000056E 00                    1998 	.db #0x00	; 0
    0000056F 00                    1999 	.db #0x00	; 0
    00000570 00                    2000 	.db #0x00	; 0
    00000571 00                    2001 	.db #0x00	; 0
    00000572 00                    2002 	.db #0x00	; 0
    00000573 00                    2003 	.db #0x00	; 0
    00000574 00                    2004 	.db #0x00	; 0
    00000575 00                    2005 	.db #0x00	; 0
    00000576 00                    2006 	.db #0x00	; 0
    00000577 00                    2007 	.db #0x00	; 0
    00000578 00                    2008 	.db #0x00	; 0
    00000579 00                    2009 	.db #0x00	; 0
    0000057A 00                    2010 	.db #0x00	; 0
    0000057B 01                    2011 	.db #0x01	; 1
    0000057C 01                    2012 	.db #0x01	; 1
    0000057D 01                    2013 	.db #0x01	; 1
    0000057E 01                    2014 	.db #0x01	; 1
    0000057F 01                    2015 	.db #0x01	; 1
    00000580 01                    2016 	.db #0x01	; 1
    00000581 00                    2017 	.db #0x00	; 0
    00000582 00                    2018 	.db #0x00	; 0
    00000583 00                    2019 	.db #0x00	; 0
    00000584 00                    2020 	.db #0x00	; 0
    00000585 00                    2021 	.db #0x00	; 0
    00000586 00                    2022 	.db #0x00	; 0
    00000587 00                    2023 	.db #0x00	; 0
    00000588 00                    2024 	.db #0x00	; 0
    00000589 00                    2025 	.db #0x00	; 0
    0000058A 00                    2026 	.db #0x00	; 0
    0000058B 00                    2027 	.db #0x00	; 0
    0000058C 00                    2028 	.db #0x00	; 0
    0000058D 00                    2029 	.db #0x00	; 0
    0000058E 00                    2030 	.db #0x00	; 0
    0000058F 00                    2031 	.db #0x00	; 0
    00000590 00                    2032 	.db #0x00	; 0
    00000591 00                    2033 	.db #0x00	; 0
    00000592 00                    2034 	.db #0x00	; 0
    00000593 00                    2035 	.db #0x00	; 0
    00000594 00                    2036 	.db #0x00	; 0
    00000595 00                    2037 	.db #0x00	; 0
    00000596 00                    2038 	.db #0x00	; 0
    00000597 00                    2039 	.db #0x00	; 0
    00000598 00                    2040 	.db #0x00	; 0
    00000599 00                    2041 	.db #0x00	; 0
    0000059A 00                    2042 	.db #0x00	; 0
    0000059B 01                    2043 	.db #0x01	; 1
    0000059C 01                    2044 	.db #0x01	; 1
    0000059D 01                    2045 	.db #0x01	; 1
    0000059E 01                    2046 	.db #0x01	; 1
    0000059F 01                    2047 	.db #0x01	; 1
    000005A0 01                    2048 	.db #0x01	; 1
    000005A1 00                    2049 	.db #0x00	; 0
    000005A2 00                    2050 	.db #0x00	; 0
    000005A3 00                    2051 	.db #0x00	; 0
    000005A4 00                    2052 	.db #0x00	; 0
    000005A5 00                    2053 	.db #0x00	; 0
    000005A6 00                    2054 	.db #0x00	; 0
    000005A7 00                    2055 	.db #0x00	; 0
    000005A8 00                    2056 	.db #0x00	; 0
    000005A9 00                    2057 	.db #0x00	; 0
    000005AA 00                    2058 	.db #0x00	; 0
    000005AB 00                    2059 	.db #0x00	; 0
    000005AC 00                    2060 	.db #0x00	; 0
    000005AD 00                    2061 	.db #0x00	; 0
    000005AE 00                    2062 	.db #0x00	; 0
    000005AF 00                    2063 	.db #0x00	; 0
    000005B0 00                    2064 	.db #0x00	; 0
    000005B1 00                    2065 	.db #0x00	; 0
    000005B2 00                    2066 	.db #0x00	; 0
    000005B3 00                    2067 	.db #0x00	; 0
    000005B4 00                    2068 	.db #0x00	; 0
    000005B5 00                    2069 	.db #0x00	; 0
    000005B6 00                    2070 	.db #0x00	; 0
    000005B7 00                    2071 	.db #0x00	; 0
    000005B8 00                    2072 	.db #0x00	; 0
    000005B9 00                    2073 	.db #0x00	; 0
    000005BA 00                    2074 	.db #0x00	; 0
    000005BB 01                    2075 	.db #0x01	; 1
    000005BC 01                    2076 	.db #0x01	; 1
    000005BD 01                    2077 	.db #0x01	; 1
    000005BE 01                    2078 	.db #0x01	; 1
    000005BF 01                    2079 	.db #0x01	; 1
    000005C0 01                    2080 	.db #0x01	; 1
    000005C1 00                    2081 	.db #0x00	; 0
    000005C2 00                    2082 	.db #0x00	; 0
    000005C3 00                    2083 	.db #0x00	; 0
    000005C4 00                    2084 	.db #0x00	; 0
    000005C5 00                    2085 	.db #0x00	; 0
    000005C6 00                    2086 	.db #0x00	; 0
    000005C7 00                    2087 	.db #0x00	; 0
    000005C8 00                    2088 	.db #0x00	; 0
    000005C9 00                    2089 	.db #0x00	; 0
    000005CA 00                    2090 	.db #0x00	; 0
    000005CB 00                    2091 	.db #0x00	; 0
    000005CC 00                    2092 	.db #0x00	; 0
    000005CD 00                    2093 	.db #0x00	; 0
    000005CE 00                    2094 	.db #0x00	; 0
    000005CF 00                    2095 	.db #0x00	; 0
    000005D0 00                    2096 	.db #0x00	; 0
    000005D1 00                    2097 	.db #0x00	; 0
    000005D2 00                    2098 	.db #0x00	; 0
    000005D3 00                    2099 	.db #0x00	; 0
    000005D4 00                    2100 	.db #0x00	; 0
    000005D5 00                    2101 	.db #0x00	; 0
    000005D6 00                    2102 	.db #0x00	; 0
    000005D7 00                    2103 	.db #0x00	; 0
    000005D8 00                    2104 	.db #0x00	; 0
    000005D9 00                    2105 	.db #0x00	; 0
    000005DA 00                    2106 	.db #0x00	; 0
    000005DB 01                    2107 	.db #0x01	; 1
    000005DC 01                    2108 	.db #0x01	; 1
    000005DD 01                    2109 	.db #0x01	; 1
    000005DE 01                    2110 	.db #0x01	; 1
    000005DF 01                    2111 	.db #0x01	; 1
    000005E0 01                    2112 	.db #0x01	; 1
    000005E1 00                    2113 	.db #0x00	; 0
    000005E2 00                    2114 	.db #0x00	; 0
    000005E3 00                    2115 	.db #0x00	; 0
    000005E4 02                    2116 	.db #0x02	; 2
    000005E5 00                    2117 	.db #0x00	; 0
    000005E6 00                    2118 	.db #0x00	; 0
    000005E7 00                    2119 	.db #0x00	; 0
    000005E8 00                    2120 	.db #0x00	; 0
    000005E9 00                    2121 	.db #0x00	; 0
    000005EA 00                    2122 	.db #0x00	; 0
    000005EB 00                    2123 	.db #0x00	; 0
    000005EC 00                    2124 	.db #0x00	; 0
    000005ED 00                    2125 	.db #0x00	; 0
    000005EE 00                    2126 	.db #0x00	; 0
    000005EF 00                    2127 	.db #0x00	; 0
    000005F0 00                    2128 	.db #0x00	; 0
    000005F1 00                    2129 	.db #0x00	; 0
    000005F2 00                    2130 	.db #0x00	; 0
    000005F3 00                    2131 	.db #0x00	; 0
    000005F4 00                    2132 	.db #0x00	; 0
    000005F5 00                    2133 	.db #0x00	; 0
    000005F6 00                    2134 	.db #0x00	; 0
    000005F7 00                    2135 	.db #0x00	; 0
    000005F8 00                    2136 	.db #0x00	; 0
    000005F9 00                    2137 	.db #0x00	; 0
    000005FA 00                    2138 	.db #0x00	; 0
    000005FB 01                    2139 	.db #0x01	; 1
    000005FC 01                    2140 	.db #0x01	; 1
    000005FD 01                    2141 	.db #0x01	; 1
    000005FE 01                    2142 	.db #0x01	; 1
    000005FF 01                    2143 	.db #0x01	; 1
    00000600 01                    2144 	.db #0x01	; 1
    00000601 01                    2145 	.db #0x01	; 1
    00000602 01                    2146 	.db #0x01	; 1
    00000603 01                    2147 	.db #0x01	; 1
    00000604 01                    2148 	.db #0x01	; 1
    00000605 01                    2149 	.db #0x01	; 1
    00000606 01                    2150 	.db #0x01	; 1
    00000607 01                    2151 	.db #0x01	; 1
    00000608 01                    2152 	.db #0x01	; 1
    00000609 01                    2153 	.db #0x01	; 1
    0000060A 01                    2154 	.db #0x01	; 1
    0000060B 01                    2155 	.db #0x01	; 1
    0000060C 01                    2156 	.db #0x01	; 1
    0000060D 01                    2157 	.db #0x01	; 1
    0000060E 01                    2158 	.db #0x01	; 1
    0000060F 01                    2159 	.db #0x01	; 1
    00000610 01                    2160 	.db #0x01	; 1
    00000611 01                    2161 	.db #0x01	; 1
    00000612 01                    2162 	.db #0x01	; 1
    00000613 01                    2163 	.db #0x01	; 1
    00000614 01                    2164 	.db #0x01	; 1
    00000615 01                    2165 	.db #0x01	; 1
    00000616 01                    2166 	.db #0x01	; 1
    00000617 01                    2167 	.db #0x01	; 1
    00000618 01                    2168 	.db #0x01	; 1
    00000619 01                    2169 	.db #0x01	; 1
    0000061A 01                    2170 	.db #0x01	; 1
    0000061B 01                    2171 	.db #0x01	; 1
    0000061C 01                    2172 	.db #0x01	; 1
    0000061D 01                    2173 	.db #0x01	; 1
    0000061E 01                    2174 	.db #0x01	; 1
    0000061F 01                    2175 	.db #0x01	; 1
    00000620 01                    2176 	.db #0x01	; 1
    00000621 01                    2177 	.db #0x01	; 1
    00000622 01                    2178 	.db #0x01	; 1
    00000623 01                    2179 	.db #0x01	; 1
    00000624 01                    2180 	.db #0x01	; 1
    00000625 01                    2181 	.db #0x01	; 1
    00000626 01                    2182 	.db #0x01	; 1
    00000627 01                    2183 	.db #0x01	; 1
    00000628 01                    2184 	.db #0x01	; 1
    00000629 01                    2185 	.db #0x01	; 1
    0000062A 01                    2186 	.db #0x01	; 1
    0000062B 01                    2187 	.db #0x01	; 1
    0000062C 01                    2188 	.db #0x01	; 1
    0000062D 01                    2189 	.db #0x01	; 1
    0000062E 01                    2190 	.db #0x01	; 1
    0000062F 01                    2191 	.db #0x01	; 1
    00000630 01                    2192 	.db #0x01	; 1
    00000631 01                    2193 	.db #0x01	; 1
    00000632 01                    2194 	.db #0x01	; 1
    00000633 01                    2195 	.db #0x01	; 1
    00000634 01                    2196 	.db #0x01	; 1
    00000635 01                    2197 	.db #0x01	; 1
    00000636 01                    2198 	.db #0x01	; 1
    00000637 01                    2199 	.db #0x01	; 1
    00000638 01                    2200 	.db #0x01	; 1
    00000639 01                    2201 	.db #0x01	; 1
    0000063A 01                    2202 	.db #0x01	; 1
    0000063B 01                    2203 	.db #0x01	; 1
    0000063C 01                    2204 	.db #0x01	; 1
    0000063D 01                    2205 	.db #0x01	; 1
    0000063E 01                    2206 	.db #0x01	; 1
    0000063F 01                    2207 	.db #0x01	; 1
    00000640 01                    2208 	.db #0x01	; 1
    00000641 01                    2209 	.db #0x01	; 1
    00000642 01                    2210 	.db #0x01	; 1
    00000643 01                    2211 	.db #0x01	; 1
    00000644 01                    2212 	.db #0x01	; 1
    00000645 01                    2213 	.db #0x01	; 1
    00000646 01                    2214 	.db #0x01	; 1
    00000647 01                    2215 	.db #0x01	; 1
    00000648 01                    2216 	.db #0x01	; 1
    00000649 01                    2217 	.db #0x01	; 1
    0000064A 01                    2218 	.db #0x01	; 1
    0000064B 10                    2219 	.db #0x10	; 16
    0000064C 10                    2220 	.db #0x10	; 16
    0000064D 10                    2221 	.db #0x10	; 16
    0000064E 01                    2222 	.db #0x01	; 1
    0000064F 01                    2223 	.db #0x01	; 1
    00000650 01                    2224 	.db #0x01	; 1
    00000651 01                    2225 	.db #0x01	; 1
    00000652 01                    2226 	.db #0x01	; 1
    00000653 01                    2227 	.db #0x01	; 1
    00000654 01                    2228 	.db #0x01	; 1
    00000655 01                    2229 	.db #0x01	; 1
    00000656 01                    2230 	.db #0x01	; 1
    00000657 01                    2231 	.db #0x01	; 1
    00000658 01                    2232 	.db #0x01	; 1
    00000659 01                    2233 	.db #0x01	; 1
    0000065A 01                    2234 	.db #0x01	; 1
    0000065B 01                    2235 	.db #0x01	; 1
    0000065C 01                    2236 	.db #0x01	; 1
    0000065D 01                    2237 	.db #0x01	; 1
    0000065E                       2238 _g_Tiles_Patterns:
    0000065E 00                    2239 	.db #0x00	; 0
    0000065F 00                    2240 	.db #0x00	; 0
    00000660 00                    2241 	.db #0x00	; 0
    00000661 00                    2242 	.db #0x00	; 0
    00000662 00                    2243 	.db #0x00	; 0
    00000663 00                    2244 	.db #0x00	; 0
    00000664 00                    2245 	.db #0x00	; 0
    00000665 00                    2246 	.db #0x00	; 0
    00000666 FF                    2247 	.db #0xff	; 255
    00000667 FF                    2248 	.db #0xff	; 255
    00000668 FF                    2249 	.db #0xff	; 255
    00000669 FF                    2250 	.db #0xff	; 255
    0000066A FF                    2251 	.db #0xff	; 255
    0000066B FF                    2252 	.db #0xff	; 255
    0000066C FF                    2253 	.db #0xff	; 255
    0000066D FF                    2254 	.db #0xff	; 255
    0000066E 18                    2255 	.db #0x18	; 24
    0000066F 3C                    2256 	.db #0x3c	; 60
    00000670 7E                    2257 	.db #0x7e	; 126
    00000671 5A                    2258 	.db #0x5a	; 90	'Z'
    00000672 7E                    2259 	.db #0x7e	; 126
    00000673 3C                    2260 	.db #0x3c	; 60
    00000674 24                    2261 	.db #0x24	; 36
    00000675 24                    2262 	.db #0x24	; 36
    00000676 07                    2263 	.db #0x07	; 7
    00000677 0F                    2264 	.db #0x0f	; 15
    00000678 1F                    2265 	.db #0x1f	; 31
    00000679 3F                    2266 	.db #0x3f	; 63
    0000067A 3F                    2267 	.db #0x3f	; 63
    0000067B 73                    2268 	.db #0x73	; 115	's'
    0000067C 73                    2269 	.db #0x73	; 115	's'
    0000067D 7F                    2270 	.db #0x7f	; 127
    0000067E E0                    2271 	.db #0xe0	; 224
    0000067F F0                    2272 	.db #0xf0	; 240
    00000680 F8                    2273 	.db #0xf8	; 248
    00000681 FC                    2274 	.db #0xfc	; 252
    00000682 FC                    2275 	.db #0xfc	; 252
    00000683 CE                    2276 	.db #0xce	; 206
    00000684 CE                    2277 	.db #0xce	; 206
    00000685 FE                    2278 	.db #0xfe	; 254
    00000686 7F                    2279 	.db #0x7f	; 127
    00000687 3F                    2280 	.db #0x3f	; 63
    00000688 0F                    2281 	.db #0x0f	; 15
    00000689 0F                    2282 	.db #0x0f	; 15
    0000068A 0C                    2283 	.db #0x0c	; 12
    0000068B 0C                    2284 	.db #0x0c	; 12
    0000068C 0C                    2285 	.db #0x0c	; 12
    0000068D 0C                    2286 	.db #0x0c	; 12
    0000068E FE                    2287 	.db #0xfe	; 254
    0000068F FC                    2288 	.db #0xfc	; 252
    00000690 F0                    2289 	.db #0xf0	; 240
    00000691 F0                    2290 	.db #0xf0	; 240
    00000692 30                    2291 	.db #0x30	; 48	'0'
    00000693 30                    2292 	.db #0x30	; 48	'0'
    00000694 30                    2293 	.db #0x30	; 48	'0'
    00000695 30                    2294 	.db #0x30	; 48	'0'
    00000696 00                    2295 	.db #0x00	; 0
    00000697 00                    2296 	.db #0x00	; 0
    00000698 00                    2297 	.db #0x00	; 0
    00000699 00                    2298 	.db #0x00	; 0
    0000069A 00                    2299 	.db #0x00	; 0
    0000069B 00                    2300 	.db #0x00	; 0
    0000069C 00                    2301 	.db #0x00	; 0
    0000069D 00                    2302 	.db #0x00	; 0
    0000069E 00                    2303 	.db #0x00	; 0
    0000069F 00                    2304 	.db #0x00	; 0
    000006A0 22                    2305 	.db #0x22	; 34
    000006A1 FF                    2306 	.db #0xff	; 255
    000006A2 FF                    2307 	.db #0xff	; 255
    000006A3 22                    2308 	.db #0x22	; 34
    000006A4 00                    2309 	.db #0x00	; 0
    000006A5 00                    2310 	.db #0x00	; 0
    000006A6 00                    2311 	.db #0x00	; 0
    000006A7 36                    2312 	.db #0x36	; 54	'6'
    000006A8 36                    2313 	.db #0x36	; 54	'6'
    000006A9 3E                    2314 	.db #0x3e	; 62
    000006AA 7F                    2315 	.db #0x7f	; 127
    000006AB 6B                    2316 	.db #0x6b	; 107	'k'
    000006AC 6B                    2317 	.db #0x6b	; 107	'k'
    000006AD 00                    2318 	.db #0x00	; 0
    000006AE 00                    2319 	.db #0x00	; 0
    000006AF 3F                    2320 	.db #0x3f	; 63
    000006B0 7F                    2321 	.db #0x7f	; 127
    000006B1 70                    2322 	.db #0x70	; 112	'p'
    000006B2 1C                    2323 	.db #0x1c	; 28
    000006B3 FD                    2324 	.db #0xfd	; 253
    000006B4 F9                    2325 	.db #0xf9	; 249
    000006B5 00                    2326 	.db #0x00	; 0
    000006B6 00                    2327 	.db #0x00	; 0
    000006B7 8D                    2328 	.db #0x8d	; 141
    000006B8 DD                    2329 	.db #0xdd	; 221
    000006B9 F9                    2330 	.db #0xf9	; 249
    000006BA F9                    2331 	.db #0xf9	; 249
    000006BB DD                    2332 	.db #0xdd	; 221
    000006BC 8D                    2333 	.db #0x8d	; 141
    000006BD 00                    2334 	.db #0x00	; 0
    000006BE 00                    2335 	.db #0x00	; 0
    000006BF FE                    2336 	.db #0xfe	; 254
    000006C0 96                    2337 	.db #0x96	; 150
    000006C1 76                    2338 	.db #0x76	; 118	'v'
    000006C2 56                    2339 	.db #0x56	; 86	'V'
    000006C3 92                    2340 	.db #0x92	; 146
    000006C4 FE                    2341 	.db #0xfe	; 254
    000006C5 00                    2342 	.db #0x00	; 0
    000006C6 00                    2343 	.db #0x00	; 0
    000006C7 00                    2344 	.db #0x00	; 0
    000006C8 00                    2345 	.db #0x00	; 0
    000006C9 00                    2346 	.db #0x00	; 0
    000006CA 00                    2347 	.db #0x00	; 0
    000006CB 00                    2348 	.db #0x00	; 0
    000006CC 00                    2349 	.db #0x00	; 0
    000006CD 00                    2350 	.db #0x00	; 0
    000006CE 00                    2351 	.db #0x00	; 0
    000006CF 00                    2352 	.db #0x00	; 0
    000006D0 00                    2353 	.db #0x00	; 0
    000006D1 00                    2354 	.db #0x00	; 0
    000006D2 00                    2355 	.db #0x00	; 0
    000006D3 00                    2356 	.db #0x00	; 0
    000006D4 00                    2357 	.db #0x00	; 0
    000006D5 00                    2358 	.db #0x00	; 0
    000006D6 00                    2359 	.db #0x00	; 0
    000006D7 00                    2360 	.db #0x00	; 0
    000006D8 00                    2361 	.db #0x00	; 0
    000006D9 00                    2362 	.db #0x00	; 0
    000006DA 00                    2363 	.db #0x00	; 0
    000006DB 00                    2364 	.db #0x00	; 0
    000006DC 00                    2365 	.db #0x00	; 0
    000006DD 00                    2366 	.db #0x00	; 0
    000006DE 81                    2367 	.db #0x81	; 129
    000006DF 5A                    2368 	.db #0x5a	; 90	'Z'
    000006E0 24                    2369 	.db #0x24	; 36
    000006E1 5A                    2370 	.db #0x5a	; 90	'Z'
    000006E2 5A                    2371 	.db #0x5a	; 90	'Z'
    000006E3 24                    2372 	.db #0x24	; 36
    000006E4 5A                    2373 	.db #0x5a	; 90	'Z'
    000006E5 81                    2374 	.db #0x81	; 129
    000006E6 00                    2375 	.db #0x00	; 0
    000006E7 FF                    2376 	.db #0xff	; 255
    000006E8 FF                    2377 	.db #0xff	; 255
    000006E9 FF                    2378 	.db #0xff	; 255
    000006EA FF                    2379 	.db #0xff	; 255
    000006EB FF                    2380 	.db #0xff	; 255
    000006EC FF                    2381 	.db #0xff	; 255
    000006ED 00                    2382 	.db #0x00	; 0
    000006EE 00                    2383 	.db #0x00	; 0
    000006EF 00                    2384 	.db #0x00	; 0
    000006F0 00                    2385 	.db #0x00	; 0
    000006F1 00                    2386 	.db #0x00	; 0
    000006F2 00                    2387 	.db #0x00	; 0
    000006F3 00                    2388 	.db #0x00	; 0
    000006F4 00                    2389 	.db #0x00	; 0
    000006F5 00                    2390 	.db #0x00	; 0
    000006F6 00                    2391 	.db #0x00	; 0
    000006F7 00                    2392 	.db #0x00	; 0
    000006F8 00                    2393 	.db #0x00	; 0
    000006F9 00                    2394 	.db #0x00	; 0
    000006FA 00                    2395 	.db #0x00	; 0
    000006FB 00                    2396 	.db #0x00	; 0
    000006FC 00                    2397 	.db #0x00	; 0
    000006FD 00                    2398 	.db #0x00	; 0
    000006FE 00                    2399 	.db #0x00	; 0
    000006FF 00                    2400 	.db #0x00	; 0
    00000700 00                    2401 	.db #0x00	; 0
    00000701 00                    2402 	.db #0x00	; 0
    00000702 00                    2403 	.db #0x00	; 0
    00000703 00                    2404 	.db #0x00	; 0
    00000704 00                    2405 	.db #0x00	; 0
    00000705 00                    2406 	.db #0x00	; 0
    00000706 00                    2407 	.db #0x00	; 0
    00000707 00                    2408 	.db #0x00	; 0
    00000708 00                    2409 	.db #0x00	; 0
    00000709 00                    2410 	.db #0x00	; 0
    0000070A 00                    2411 	.db #0x00	; 0
    0000070B 00                    2412 	.db #0x00	; 0
    0000070C 00                    2413 	.db #0x00	; 0
    0000070D 00                    2414 	.db #0x00	; 0
    0000070E 00                    2415 	.db #0x00	; 0
    0000070F 00                    2416 	.db #0x00	; 0
    00000710 00                    2417 	.db #0x00	; 0
    00000711 00                    2418 	.db #0x00	; 0
    00000712 00                    2419 	.db #0x00	; 0
    00000713 00                    2420 	.db #0x00	; 0
    00000714 00                    2421 	.db #0x00	; 0
    00000715 00                    2422 	.db #0x00	; 0
    00000716 00                    2423 	.db #0x00	; 0
    00000717 00                    2424 	.db #0x00	; 0
    00000718 00                    2425 	.db #0x00	; 0
    00000719 00                    2426 	.db #0x00	; 0
    0000071A 00                    2427 	.db #0x00	; 0
    0000071B 00                    2428 	.db #0x00	; 0
    0000071C 00                    2429 	.db #0x00	; 0
    0000071D 00                    2430 	.db #0x00	; 0
    0000071E 00                    2431 	.db #0x00	; 0
    0000071F 00                    2432 	.db #0x00	; 0
    00000720 44                    2433 	.db #0x44	; 68	'D'
    00000721 AA                    2434 	.db #0xaa	; 170
    00000722 AA                    2435 	.db #0xaa	; 170
    00000723 11                    2436 	.db #0x11	; 17
    00000724 00                    2437 	.db #0x00	; 0
    00000725 00                    2438 	.db #0x00	; 0
    00000726 01                    2439 	.db #0x01	; 1
    00000727 1E                    2440 	.db #0x1e	; 30
    00000728 20                    2441 	.db #0x20	; 32
    00000729 43                    2442 	.db #0x43	; 67	'C'
    0000072A 44                    2443 	.db #0x44	; 68	'D'
    0000072B 49                    2444 	.db #0x49	; 73	'I'
    0000072C 8A                    2445 	.db #0x8a	; 138
    0000072D 8A                    2446 	.db #0x8a	; 138
    0000072E F0                    2447 	.db #0xf0	; 240
    0000072F 0C                    2448 	.db #0x0c	; 12
    00000730 04                    2449 	.db #0x04	; 4
    00000731 E4                    2450 	.db #0xe4	; 228
    00000732 12                    2451 	.db #0x12	; 18
    00000733 92                    2452 	.db #0x92	; 146
    00000734 52                    2453 	.db #0x52	; 82	'R'
    00000735 52                    2454 	.db #0x52	; 82	'R'
    00000736 8A                    2455 	.db #0x8a	; 138
    00000737 52                    2456 	.db #0x52	; 82	'R'
    00000738 59                    2457 	.db #0x59	; 89	'Y'
    00000739 48                    2458 	.db #0x48	; 72	'H'
    0000073A 47                    2459 	.db #0x47	; 71	'G'
    0000073B 20                    2460 	.db #0x20	; 32
    0000073C 3E                    2461 	.db #0x3e	; 62
    0000073D 01                    2462 	.db #0x01	; 1
    0000073E 51                    2463 	.db #0x51	; 81	'Q'
    0000073F 52                    2464 	.db #0x52	; 82	'R'
    00000740 92                    2465 	.db #0x92	; 146
    00000741 24                    2466 	.db #0x24	; 36
    00000742 C4                    2467 	.db #0xc4	; 196
    00000743 0C                    2468 	.db #0x0c	; 12
    00000744 30                    2469 	.db #0x30	; 48	'0'
    00000745 C0                    2470 	.db #0xc0	; 192
    00000746 00                    2471 	.db #0x00	; 0
    00000747 00                    2472 	.db #0x00	; 0
    00000748 00                    2473 	.db #0x00	; 0
    00000749 00                    2474 	.db #0x00	; 0
    0000074A 00                    2475 	.db #0x00	; 0
    0000074B 00                    2476 	.db #0x00	; 0
    0000074C 00                    2477 	.db #0x00	; 0
    0000074D 00                    2478 	.db #0x00	; 0
    0000074E 00                    2479 	.db #0x00	; 0
    0000074F 00                    2480 	.db #0x00	; 0
    00000750 00                    2481 	.db #0x00	; 0
    00000751 00                    2482 	.db #0x00	; 0
    00000752 00                    2483 	.db #0x00	; 0
    00000753 00                    2484 	.db #0x00	; 0
    00000754 00                    2485 	.db #0x00	; 0
    00000755 00                    2486 	.db #0x00	; 0
    00000756 00                    2487 	.db #0x00	; 0
    00000757 00                    2488 	.db #0x00	; 0
    00000758 00                    2489 	.db #0x00	; 0
    00000759 00                    2490 	.db #0x00	; 0
    0000075A 00                    2491 	.db #0x00	; 0
    0000075B 00                    2492 	.db #0x00	; 0
    0000075C 00                    2493 	.db #0x00	; 0
    0000075D 00                    2494 	.db #0x00	; 0
    0000075E                       2495 _g_Meanie8x8:
    0000075E FF                    2496 	.db #0xff	; 255
    0000075F BD                    2497 	.db #0xbd	; 189
    00000760 DB                    2498 	.db #0xdb	; 219
    00000761 FF                    2499 	.db #0xff	; 255
    00000762 FF                    2500 	.db #0xff	; 255
    00000763 C3                    2501 	.db #0xc3	; 195
    00000764 BD                    2502 	.db #0xbd	; 189
    00000765 FF                    2503 	.db #0xff	; 255
    00000766                       2504 _g_Explosion8x8:
    00000766 01                    2505 	.db #0x01	; 1
    00000767 1E                    2506 	.db #0x1e	; 30
    00000768 20                    2507 	.db #0x20	; 32
    00000769 43                    2508 	.db #0x43	; 67	'C'
    0000076A 44                    2509 	.db #0x44	; 68	'D'
    0000076B 49                    2510 	.db #0x49	; 73	'I'
    0000076C 8A                    2511 	.db #0x8a	; 138
    0000076D 8A                    2512 	.db #0x8a	; 138
    0000076E F0                    2513 	.db #0xf0	; 240
    0000076F 0C                    2514 	.db #0x0c	; 12
    00000770 04                    2515 	.db #0x04	; 4
    00000771 E4                    2516 	.db #0xe4	; 228
    00000772 12                    2517 	.db #0x12	; 18
    00000773 92                    2518 	.db #0x92	; 146
    00000774 52                    2519 	.db #0x52	; 82	'R'
    00000775 52                    2520 	.db #0x52	; 82	'R'
    00000776 8A                    2521 	.db #0x8a	; 138
    00000777 52                    2522 	.db #0x52	; 82	'R'
    00000778 59                    2523 	.db #0x59	; 89	'Y'
    00000779 48                    2524 	.db #0x48	; 72	'H'
    0000077A 47                    2525 	.db #0x47	; 71	'G'
    0000077B 20                    2526 	.db #0x20	; 32
    0000077C 3E                    2527 	.db #0x3e	; 62
    0000077D 01                    2528 	.db #0x01	; 1
    0000077E 51                    2529 	.db #0x51	; 81	'Q'
    0000077F 52                    2530 	.db #0x52	; 82	'R'
    00000780 92                    2531 	.db #0x92	; 146
    00000781 24                    2532 	.db #0x24	; 36
    00000782 C4                    2533 	.db #0xc4	; 196
    00000783 0C                    2534 	.db #0x0c	; 12
    00000784 30                    2535 	.db #0x30	; 48	'0'
    00000785 C0                    2536 	.db #0xc0	; 192
    00000786                       2537 _g_Fuel8x8:
    00000786 18                    2538 	.db #0x18	; 24
    00000787 7E                    2539 	.db #0x7e	; 126
    00000788 7E                    2540 	.db #0x7e	; 126
    00000789 3C                    2541 	.db #0x3c	; 60
    0000078A 3C                    2542 	.db #0x3c	; 60
    0000078B 24                    2543 	.db #0x24	; 36
    0000078C 42                    2544 	.db #0x42	; 66	'B'
    0000078D 81                    2545 	.db #0x81	; 129
    0000078E                       2546 _g_sfx:
    0000078E 08                    2547 	.db #0x08	; 8
    0000078F 0F                    2548 	.db #0x0f	; 15
    00000790 00                    2549 	.db #0x00	; 0
    00000791 1D                    2550 	.db #0x1d	; 29
    00000792 00                    2551 	.db #0x00	; 0
    00000793 2B                    2552 	.db #0x2b	; 43
    00000794 00                    2553 	.db #0x00	; 0
    00000795 39                    2554 	.db #0x39	; 57	'9'
    00000796 00                    2555 	.db #0x00	; 0
    00000797 47                    2556 	.db #0x47	; 71	'G'
    00000798 00                    2557 	.db #0x00	; 0
    00000799 67                    2558 	.db #0x67	; 103	'g'
    0000079A 00                    2559 	.db #0x00	; 0
    0000079B 89                    2560 	.db #0x89	; 137
    0000079C 00                    2561 	.db #0x00	; 0
    0000079D 9D                    2562 	.db #0x9d	; 157
    0000079E 00                    2563 	.db #0x00	; 0
    0000079F 7F                    2564 	.db #0x7f	; 127
    000007A0 00                    2565 	.db #0x00	; 0
    000007A1 00                    2566 	.db #0x00	; 0
    000007A2 0C                    2567 	.db #0x0c	; 12
    000007A3 D0                    2568 	.db #0xd0	; 208
    000007A4 20                    2569 	.db #0x20	; 32
    000007A5 6E                    2570 	.db #0x6e	; 110	'n'
    000007A6 6F                    2571 	.db #0x6f	; 111	'o'
    000007A7 6E                    2572 	.db #0x6e	; 110	'n'
    000007A8 61                    2573 	.db #0x61	; 97	'a'
    000007A9 6D                    2574 	.db #0x6d	; 109	'm'
    000007AA 65                    2575 	.db #0x65	; 101	'e'
    000007AB 30                    2576 	.db #0x30	; 48	'0'
    000007AC 30                    2577 	.db #0x30	; 48	'0'
    000007AD 31                    2578 	.db #0x31	; 49	'1'
    000007AE 00                    2579 	.db #0x00	; 0
    000007AF 7F                    2580 	.db #0x7f	; 127
    000007B0 00                    2581 	.db #0x00	; 0
    000007B1 00                    2582 	.db #0x00	; 0
    000007B2 12                    2583 	.db #0x12	; 18
    000007B3 D0                    2584 	.db #0xd0	; 208
    000007B4 20                    2585 	.db #0x20	; 32
    000007B5 6E                    2586 	.db #0x6e	; 110	'n'
    000007B6 6F                    2587 	.db #0x6f	; 111	'o'
    000007B7 6E                    2588 	.db #0x6e	; 110	'n'
    000007B8 61                    2589 	.db #0x61	; 97	'a'
    000007B9 6D                    2590 	.db #0x6d	; 109	'm'
    000007BA 65                    2591 	.db #0x65	; 101	'e'
    000007BB 30                    2592 	.db #0x30	; 48	'0'
    000007BC 30                    2593 	.db #0x30	; 48	'0'
    000007BD 32                    2594 	.db #0x32	; 50	'2'
    000007BE 00                    2595 	.db #0x00	; 0
    000007BF 7F                    2596 	.db #0x7f	; 127
    000007C0 00                    2597 	.db #0x00	; 0
    000007C1 00                    2598 	.db #0x00	; 0
    000007C2 18                    2599 	.db #0x18	; 24
    000007C3 D0                    2600 	.db #0xd0	; 208
    000007C4 20                    2601 	.db #0x20	; 32
    000007C5 6E                    2602 	.db #0x6e	; 110	'n'
    000007C6 6F                    2603 	.db #0x6f	; 111	'o'
    000007C7 6E                    2604 	.db #0x6e	; 110	'n'
    000007C8 61                    2605 	.db #0x61	; 97	'a'
    000007C9 6D                    2606 	.db #0x6d	; 109	'm'
    000007CA 65                    2607 	.db #0x65	; 101	'e'
    000007CB 30                    2608 	.db #0x30	; 48	'0'
    000007CC 30                    2609 	.db #0x30	; 48	'0'
    000007CD 33                    2610 	.db #0x33	; 51	'3'
    000007CE 00                    2611 	.db #0x00	; 0
    000007CF 7F                    2612 	.db #0x7f	; 127
    000007D0 00                    2613 	.db #0x00	; 0
    000007D1 00                    2614 	.db #0x00	; 0
    000007D2 1F                    2615 	.db #0x1f	; 31
    000007D3 D0                    2616 	.db #0xd0	; 208
    000007D4 20                    2617 	.db #0x20	; 32
    000007D5 6E                    2618 	.db #0x6e	; 110	'n'
    000007D6 6F                    2619 	.db #0x6f	; 111	'o'
    000007D7 6E                    2620 	.db #0x6e	; 110	'n'
    000007D8 61                    2621 	.db #0x61	; 97	'a'
    000007D9 6D                    2622 	.db #0x6d	; 109	'm'
    000007DA 65                    2623 	.db #0x65	; 101	'e'
    000007DB 30                    2624 	.db #0x30	; 48	'0'
    000007DC 30                    2625 	.db #0x30	; 48	'0'
    000007DD 34                    2626 	.db #0x34	; 52	'4'
    000007DE 00                    2627 	.db #0x00	; 0
    000007DF EF                    2628 	.db #0xef	; 239
    000007E0 3F                    2629 	.db #0x3f	; 63
    000007E1 00                    2630 	.db #0x00	; 0
    000007E2 00                    2631 	.db #0x00	; 0
    000007E3 AF                    2632 	.db #0xaf	; 175
    000007E4 42                    2633 	.db #0x42	; 66	'B'
    000007E5 00                    2634 	.db #0x00	; 0
    000007E6 AF                    2635 	.db #0xaf	; 175
    000007E7 47                    2636 	.db #0x47	; 71	'G'
    000007E8 00                    2637 	.db #0x00	; 0
    000007E9 AF                    2638 	.db #0xaf	; 175
    000007EA 4B                    2639 	.db #0x4b	; 75	'K'
    000007EB 00                    2640 	.db #0x00	; 0
    000007EC AF                    2641 	.db #0xaf	; 175
    000007ED 4F                    2642 	.db #0x4f	; 79	'O'
    000007EE 00                    2643 	.db #0x00	; 0
    000007EF AF                    2644 	.db #0xaf	; 175
    000007F0 54                    2645 	.db #0x54	; 84	'T'
    000007F1 00                    2646 	.db #0x00	; 0
    000007F2 AF                    2647 	.db #0xaf	; 175
    000007F3 59                    2648 	.db #0x59	; 89	'Y'
    000007F4 00                    2649 	.db #0x00	; 0
    000007F5 D0                    2650 	.db #0xd0	; 208
    000007F6 20                    2651 	.db #0x20	; 32
    000007F7 6E                    2652 	.db #0x6e	; 110	'n'
    000007F8 6F                    2653 	.db #0x6f	; 111	'o'
    000007F9 6E                    2654 	.db #0x6e	; 110	'n'
    000007FA 61                    2655 	.db #0x61	; 97	'a'
    000007FB 6D                    2656 	.db #0x6d	; 109	'm'
    000007FC 65                    2657 	.db #0x65	; 101	'e'
    000007FD 30                    2658 	.db #0x30	; 48	'0'
    000007FE 30                    2659 	.db #0x30	; 48	'0'
    000007FF 35                    2660 	.db #0x35	; 53	'5'
    00000800 00                    2661 	.db #0x00	; 0
    00000801 6F                    2662 	.db #0x6f	; 111	'o'
    00000802 00                    2663 	.db #0x00	; 0
    00000803 00                    2664 	.db #0x00	; 0
    00000804 1F                    2665 	.db #0x1f	; 31
    00000805 0E                    2666 	.db #0x0e	; 14
    00000806 0E                    2667 	.db #0x0e	; 14
    00000807 0E                    2668 	.db #0x0e	; 14
    00000808 0E                    2669 	.db #0x0e	; 14
    00000809 0E                    2670 	.db #0x0e	; 14
    0000080A 0D                    2671 	.db #0x0d	; 13
    0000080B 0C                    2672 	.db #0x0c	; 12
    0000080C 0C                    2673 	.db #0x0c	; 12
    0000080D 0B                    2674 	.db #0x0b	; 11
    0000080E 0B                    2675 	.db #0x0b	; 11
    0000080F 0A                    2676 	.db #0x0a	; 10
    00000810 09                    2677 	.db #0x09	; 9
    00000811 09                    2678 	.db #0x09	; 9
    00000812 08                    2679 	.db #0x08	; 8
    00000813 06                    2680 	.db #0x06	; 6
    00000814 03                    2681 	.db #0x03	; 3
    00000815 03                    2682 	.db #0x03	; 3
    00000816 03                    2683 	.db #0x03	; 3
    00000817 02                    2684 	.db #0x02	; 2
    00000818 01                    2685 	.db #0x01	; 1
    00000819 D0                    2686 	.db #0xd0	; 208
    0000081A 20                    2687 	.db #0x20	; 32
    0000081B 6E                    2688 	.db #0x6e	; 110	'n'
    0000081C 6F                    2689 	.db #0x6f	; 111	'o'
    0000081D 6E                    2690 	.db #0x6e	; 110	'n'
    0000081E 61                    2691 	.db #0x61	; 97	'a'
    0000081F 6D                    2692 	.db #0x6d	; 109	'm'
    00000820 65                    2693 	.db #0x65	; 101	'e'
    00000821 30                    2694 	.db #0x30	; 48	'0'
    00000822 30                    2695 	.db #0x30	; 48	'0'
    00000823 36                    2696 	.db #0x36	; 54	'6'
    00000824 00                    2697 	.db #0x00	; 0
    00000825 EF                    2698 	.db #0xef	; 239
    00000826 B2                    2699 	.db #0xb2	; 178
    00000827 00                    2700 	.db #0x00	; 0
    00000828 1F                    2701 	.db #0x1f	; 31
    00000829 8D                    2702 	.db #0x8d	; 141
    0000082A 8B                    2703 	.db #0x8b	; 139
    0000082B 88                    2704 	.db #0x88	; 136
    0000082C 84                    2705 	.db #0x84	; 132
    0000082D 82                    2706 	.db #0x82	; 130
    0000082E 81                    2707 	.db #0x81	; 129
    0000082F D0                    2708 	.db #0xd0	; 208
    00000830 20                    2709 	.db #0x20	; 32
    00000831 6E                    2710 	.db #0x6e	; 110	'n'
    00000832 6F                    2711 	.db #0x6f	; 111	'o'
    00000833 6E                    2712 	.db #0x6e	; 110	'n'
    00000834 61                    2713 	.db #0x61	; 97	'a'
    00000835 6D                    2714 	.db #0x6d	; 109	'm'
    00000836 65                    2715 	.db #0x65	; 101	'e'
    00000837 30                    2716 	.db #0x30	; 48	'0'
    00000838 30                    2717 	.db #0x30	; 48	'0'
    00000839 37                    2718 	.db #0x37	; 55	'7'
    0000083A 00                    2719 	.db #0x00	; 0
    0000083B 7F                    2720 	.db #0x7f	; 127
    0000083C 00                    2721 	.db #0x00	; 0
    0000083D 00                    2722 	.db #0x00	; 0
    0000083E 1F                    2723 	.db #0x1f	; 31
    0000083F 1F                    2724 	.db #0x1f	; 31
    00000840 1F                    2725 	.db #0x1f	; 31
    00000841 1F                    2726 	.db #0x1f	; 31
    00000842 1F                    2727 	.db #0x1f	; 31
    00000843 1F                    2728 	.db #0x1f	; 31
    00000844 1F                    2729 	.db #0x1f	; 31
    00000845 1F                    2730 	.db #0x1f	; 31
    00000846 1F                    2731 	.db #0x1f	; 31
    00000847 1F                    2732 	.db #0x1f	; 31
    00000848 1F                    2733 	.db #0x1f	; 31
    00000849 1F                    2734 	.db #0x1f	; 31
    0000084A 1F                    2735 	.db #0x1f	; 31
    0000084B 1F                    2736 	.db #0x1f	; 31
    0000084C 1F                    2737 	.db #0x1f	; 31
    0000084D 1F                    2738 	.db #0x1f	; 31
    0000084E 1F                    2739 	.db #0x1f	; 31
    0000084F 1F                    2740 	.db #0x1f	; 31
    00000850 1F                    2741 	.db #0x1f	; 31
    00000851 1F                    2742 	.db #0x1f	; 31
    00000852 1F                    2743 	.db #0x1f	; 31
    00000853 1F                    2744 	.db #0x1f	; 31
    00000854 1F                    2745 	.db #0x1f	; 31
    00000855 1F                    2746 	.db #0x1f	; 31
    00000856 1F                    2747 	.db #0x1f	; 31
    00000857 1F                    2748 	.db #0x1f	; 31
    00000858 1F                    2749 	.db #0x1f	; 31
    00000859 1F                    2750 	.db #0x1f	; 31
    0000085A 1F                    2751 	.db #0x1f	; 31
    0000085B 1F                    2752 	.db #0x1f	; 31
    0000085C 1F                    2753 	.db #0x1f	; 31
    0000085D 1F                    2754 	.db #0x1f	; 31
    0000085E 1F                    2755 	.db #0x1f	; 31
    0000085F 1F                    2756 	.db #0x1f	; 31
    00000860 1F                    2757 	.db #0x1f	; 31
    00000861 1F                    2758 	.db #0x1f	; 31
    00000862 1F                    2759 	.db #0x1f	; 31
    00000863 1F                    2760 	.db #0x1f	; 31
    00000864 1F                    2761 	.db #0x1f	; 31
    00000865 1F                    2762 	.db #0x1f	; 31
    00000866 1F                    2763 	.db #0x1f	; 31
    00000867 1F                    2764 	.db #0x1f	; 31
    00000868 1F                    2765 	.db #0x1f	; 31
    00000869 1F                    2766 	.db #0x1f	; 31
    0000086A 1F                    2767 	.db #0x1f	; 31
    0000086B 1F                    2768 	.db #0x1f	; 31
    0000086C 1F                    2769 	.db #0x1f	; 31
    0000086D 1F                    2770 	.db #0x1f	; 31
    0000086E 1F                    2771 	.db #0x1f	; 31
    0000086F 1F                    2772 	.db #0x1f	; 31
    00000870 1F                    2773 	.db #0x1f	; 31
    00000871 1F                    2774 	.db #0x1f	; 31
    00000872 1F                    2775 	.db #0x1f	; 31
    00000873 1F                    2776 	.db #0x1f	; 31
    00000874 1F                    2777 	.db #0x1f	; 31
    00000875 1F                    2778 	.db #0x1f	; 31
    00000876 1F                    2779 	.db #0x1f	; 31
    00000877 1F                    2780 	.db #0x1f	; 31
    00000878 5F                    2781 	.db #0x5f	; 95
    00000879 0E                    2782 	.db #0x0e	; 14
    0000087A 1F                    2783 	.db #0x1f	; 31
    0000087B 5F                    2784 	.db #0x5f	; 95
    0000087C 0D                    2785 	.db #0x0d	; 13
    0000087D 1F                    2786 	.db #0x1f	; 31
    0000087E 1F                    2787 	.db #0x1f	; 31
    0000087F 1F                    2788 	.db #0x1f	; 31
    00000880 1F                    2789 	.db #0x1f	; 31
    00000881 1F                    2790 	.db #0x1f	; 31
    00000882 1F                    2791 	.db #0x1f	; 31
    00000883 1F                    2792 	.db #0x1f	; 31
    00000884 5F                    2793 	.db #0x5f	; 95
    00000885 0E                    2794 	.db #0x0e	; 14
    00000886 1F                    2795 	.db #0x1f	; 31
    00000887 1F                    2796 	.db #0x1f	; 31
    00000888 1F                    2797 	.db #0x1f	; 31
    00000889 1F                    2798 	.db #0x1f	; 31
    0000088A 1F                    2799 	.db #0x1f	; 31
    0000088B 1F                    2800 	.db #0x1f	; 31
    0000088C 1F                    2801 	.db #0x1f	; 31
    0000088D 1F                    2802 	.db #0x1f	; 31
    0000088E 1F                    2803 	.db #0x1f	; 31
    0000088F 5F                    2804 	.db #0x5f	; 95
    00000890 0F                    2805 	.db #0x0f	; 15
    00000891 1F                    2806 	.db #0x1f	; 31
    00000892 1F                    2807 	.db #0x1f	; 31
    00000893 1F                    2808 	.db #0x1f	; 31
    00000894 1F                    2809 	.db #0x1f	; 31
    00000895 1F                    2810 	.db #0x1f	; 31
    00000896 1F                    2811 	.db #0x1f	; 31
    00000897 1F                    2812 	.db #0x1f	; 31
    00000898 1F                    2813 	.db #0x1f	; 31
    00000899 5F                    2814 	.db #0x5f	; 95
    0000089A 10                    2815 	.db #0x10	; 16
    0000089B 1F                    2816 	.db #0x1f	; 31
    0000089C 1F                    2817 	.db #0x1f	; 31
    0000089D 1F                    2818 	.db #0x1f	; 31
    0000089E 1F                    2819 	.db #0x1f	; 31
    0000089F 1F                    2820 	.db #0x1f	; 31
    000008A0 1F                    2821 	.db #0x1f	; 31
    000008A1 1E                    2822 	.db #0x1e	; 30
    000008A2 1E                    2823 	.db #0x1e	; 30
    000008A3 1D                    2824 	.db #0x1d	; 29
    000008A4 1D                    2825 	.db #0x1d	; 29
    000008A5 1C                    2826 	.db #0x1c	; 28
    000008A6 1C                    2827 	.db #0x1c	; 28
    000008A7 1A                    2828 	.db #0x1a	; 26
    000008A8 19                    2829 	.db #0x19	; 25
    000008A9 18                    2830 	.db #0x18	; 24
    000008AA 17                    2831 	.db #0x17	; 23
    000008AB 16                    2832 	.db #0x16	; 22
    000008AC 16                    2833 	.db #0x16	; 22
    000008AD 15                    2834 	.db #0x15	; 21
    000008AE 15                    2835 	.db #0x15	; 21
    000008AF 15                    2836 	.db #0x15	; 21
    000008B0 14                    2837 	.db #0x14	; 20
    000008B1 13                    2838 	.db #0x13	; 19
    000008B2 12                    2839 	.db #0x12	; 18
    000008B3 11                    2840 	.db #0x11	; 17
    000008B4 11                    2841 	.db #0x11	; 17
    000008B5 D0                    2842 	.db #0xd0	; 208
    000008B6 20                    2843 	.db #0x20	; 32
    000008B7 6E                    2844 	.db #0x6e	; 110	'n'
    000008B8 6F                    2845 	.db #0x6f	; 111	'o'
    000008B9 6E                    2846 	.db #0x6e	; 110	'n'
    000008BA 61                    2847 	.db #0x61	; 97	'a'
    000008BB 6D                    2848 	.db #0x6d	; 109	'm'
    000008BC 65                    2849 	.db #0x65	; 101	'e'
    000008BD 30                    2850 	.db #0x30	; 48	'0'
    000008BE 30                    2851 	.db #0x30	; 48	'0'
    000008BF 38                    2852 	.db #0x38	; 56	'8'
    000008C0 00                    2853 	.db #0x00	; 0
                                   2854 ;./bluebakas.c:279: void VBlankHook()
                                   2855 ;	---------------------------------
                                   2856 ; Function VBlankHook
                                   2857 ; ---------------------------------
    000008C1                       2858 _VBlankHook::
                                   2859 ;./bluebakas.c:281: ayFX_Update();
    000008C1 CDr00r00         [17] 2860 	call	_ayFX_Update
                                   2861 ;./bluebakas.c:282: PSG_Apply();
                                   2862 ;./bluebakas.c:283: }
    000008C4 C3r00r00         [10] 2863 	jp	_PSG_Apply
                                   2864 ;./bluebakas.c:285: void InitSound()
                                   2865 ;	---------------------------------
                                   2866 ; Function InitSound
                                   2867 ; ---------------------------------
    000008C7                       2868 _InitSound::
                                   2869 ;./bluebakas.c:287: PSG_Mute();
    000008C7 CDr00r00         [17] 2870 	call	_PSG_Mute
                                   2871 ;./bluebakas.c:289: ayFX_InitBank(g_sfx);
    000008CA 21r8Er07         [10] 2872 	ld	hl, #_g_sfx
    000008CD CDr00r00         [17] 2873 	call	_ayFX_InitBank
                                   2874 ;C:\Users\Jummy\Downloads\MSXgl-1.5.0b\engine/src/ayfx/ayfx_player.h:131: inline void ayFX_SetChannel(u8 chan) { ayFX_Channel = 3 - chan; }
    000008D0 21r00r00         [10] 2875 	ld	hl, #_ayFX_Channel
    000008D3 36 03            [10] 2876 	ld	(hl), #0x03
                                   2877 ;C:\Users\Jummy\Downloads\MSXgl-1.5.0b\engine/src/ayfx/ayfx_player.h:124: inline void ayFX_SetMode(u8 mode) { ayFX_Mode = mode; }
    000008D5 AF               [ 4] 2878 	xor	a, a
    000008D6 32r00r00         [13] 2879 	ld	(#_ayFX_Mode), a
                                   2880 ;./bluebakas.c:292: ayFX_SetFinishCB(OnSFXFinished);
    000008D9 21rEBr08         [10] 2881 	ld	hl, #_OnSFXFinished
    000008DC 22r00r00         [16] 2882 	ld	(_ayFX_Finish), hl
                                   2883 ;./bluebakas.c:294: BIOS_SetHookCallback(H_TIMI, VBlankHook);
    000008DF 11rC1r08         [10] 2884 	ld	de, #_VBlankHook
    000008E2 21 9F FD         [10] 2885 	ld	hl, #0xfd9f
                                   2886 ;./bluebakas.c:295: }
    000008E5 C3r00r00         [10] 2887 	jp	_BIOS_SetHookCallback
                                   2888 ;./bluebakas.c:297: void PlaySFX(u8 id, u8 prio)
                                   2889 ;	---------------------------------
                                   2890 ; Function PlaySFX
                                   2891 ; ---------------------------------
    000008E8                       2892 _PlaySFX::
                                   2893 ;./bluebakas.c:299: ayFX_PlayBank(id, prio);
                                   2894 ;./bluebakas.c:300: }
    000008E8 C3r00r00         [10] 2895 	jp	_ayFX_PlayBank
                                   2896 ;./bluebakas.c:302: void OnSFXFinished()
                                   2897 ;	---------------------------------
                                   2898 ; Function OnSFXFinished
                                   2899 ; ---------------------------------
    000008EB                       2900 _OnSFXFinished::
                                   2901 ;./bluebakas.c:304: ayFX_Mute();
    000008EB CDr00r00         [17] 2902 	call	_ayFX_Mute
                                   2903 ;./bluebakas.c:306: if(g_GameOverToTitle)
    000008EE 3Ar0Fr00         [13] 2904 	ld	a, (_g_GameOverToTitle+0)
    000008F1 B7               [ 4] 2905 	or	a, a
    000008F2 28 06            [12] 2906 	jr	z, 00102$
                                   2907 ;./bluebakas.c:308: g_GameOverSoundDone = TRUE;
    000008F4 21r10r00         [10] 2908 	ld	hl, #_g_GameOverSoundDone
    000008F7 36 01            [10] 2909 	ld	(hl), #0x01
                                   2910 ;./bluebakas.c:309: return;
    000008F9 C9               [10] 2911 	ret
    000008FA                       2912 00102$:
                                   2913 ;./bluebakas.c:312: if(g_FuelSoundWanted)
    000008FA 3Ar0Dr00         [13] 2914 	ld	a, (_g_FuelSoundWanted+0)
    000008FD B7               [ 4] 2915 	or	a, a
    000008FE C8               [11] 2916 	ret	z
                                   2917 ;./bluebakas.c:314: g_FuelSoundRestart = TRUE;
    000008FF 21r0Er00         [10] 2918 	ld	hl, #_g_FuelSoundRestart
    00000902 36 01            [10] 2919 	ld	(hl), #0x01
                                   2920 ;./bluebakas.c:316: }
    00000904 C9               [10] 2921 	ret
                                   2922 ;./bluebakas.c:322: void ResetGameplayFlags()
                                   2923 ;	---------------------------------
                                   2924 ; Function ResetGameplayFlags
                                   2925 ; ---------------------------------
    00000905                       2926 _ResetGameplayFlags::
                                   2927 ;./bluebakas.c:324: g_LaserActive = FALSE;
                                   2928 ;./bluebakas.c:325: g_LaserErasing = FALSE;
    00000905 AF               [ 4] 2929 	xor	a, a
    00000906 32r16r00         [13] 2930 	ld	(#_g_LaserActive), a
    00000909 32r17r00         [13] 2931 	ld	(#_g_LaserErasing), a
                                   2932 ;./bluebakas.c:326: g_ShowGoodHit = FALSE;
    0000090C AF               [ 4] 2933 	xor	a, a
    0000090D 32r18r00         [13] 2934 	ld	(#_g_ShowGoodHit), a
                                   2935 ;./bluebakas.c:327: g_hasHUDChanged = TRUE;
    00000910 21r19r00         [10] 2936 	ld	hl, #_g_hasHUDChanged
    00000913 36 01            [10] 2937 	ld	(hl), #0x01
                                   2938 ;./bluebakas.c:328: }
    00000915 C9               [10] 2939 	ret
                                   2940 ;./bluebakas.c:330: bool AnyKeyDown()
                                   2941 ;	---------------------------------
                                   2942 ; Function AnyKeyDown
                                   2943 ; ---------------------------------
    00000916                       2944 _AnyKeyDown::
    00000916 3B               [ 6] 2945 	dec	sp
                                   2946 ;./bluebakas.c:335: anyKey = FALSE;
    00000917 FD 21 00 00      [14] 2947 	ld	iy, #0
    0000091B FD 39            [15] 2948 	add	iy, sp
    0000091D FD 36 00 00      [19] 2949 	ld	0 (iy), #0x00
                                   2950 ;./bluebakas.c:337: for(row = 0; row <= 8; row++)
    00000921 0E 00            [ 7] 2951 	ld	c, #0x00
    00000923                       2952 00104$:
                                   2953 ;./bluebakas.c:339: if(Keyboard_Read(row) != 0xFF)
    00000923 69               [ 4] 2954 	ld	l, c
    00000924 CDr00r00         [17] 2955 	call	_Keyboard_Read
    00000927 2C               [ 4] 2956 	inc	l
    00000928 28 0A            [12] 2957 	jr	z, 00105$
                                   2958 ;./bluebakas.c:340: anyKey = TRUE;
    0000092A FD 21 00 00      [14] 2959 	ld	iy, #0
    0000092E FD 39            [15] 2960 	add	iy, sp
    00000930 FD 36 00 01      [19] 2961 	ld	0 (iy), #0x01
    00000934                       2962 00105$:
                                   2963 ;./bluebakas.c:337: for(row = 0; row <= 8; row++)
    00000934 0C               [ 4] 2964 	inc	c
    00000935 3E 08            [ 7] 2965 	ld	a, #0x08
    00000937 91               [ 4] 2966 	sub	a, c
    00000938 30 E9            [12] 2967 	jr	nc, 00104$
                                   2968 ;./bluebakas.c:343: return anyKey;
    0000093A 21 00 00         [10] 2969 	ld	hl, #0
    0000093D 39               [11] 2970 	add	hl, sp
    0000093E 7E               [ 7] 2971 	ld	a, (hl)
                                   2972 ;./bluebakas.c:344: }
    0000093F 33               [ 6] 2973 	inc	sp
    00000940 C9               [10] 2974 	ret
                                   2975 ;./bluebakas.c:346: void WaitForCleanKeyPress()
                                   2976 ;	---------------------------------
                                   2977 ; Function WaitForCleanKeyPress
                                   2978 ; ---------------------------------
    00000941                       2979 _WaitForCleanKeyPress::
                                   2980 ;./bluebakas.c:351: do
    00000941                       2981 00101$:
                                   2982 ;C:\Users\Jummy\Downloads\MSXgl-1.5.0b\engine/src/system.h:145: inline void Halt() { __asm__("halt"); }
    00000941 76               [ 4] 2983 	halt
                                   2984 ;./bluebakas.c:355: while(AnyKeyDown());
    00000942 CDr16r09         [17] 2985 	call	_AnyKeyDown
    00000945 B7               [ 4] 2986 	or	a, a
    00000946 20 F9            [12] 2987 	jr	nz, 00101$
                                   2988 ;./bluebakas.c:358: do
    00000948                       2989 00104$:
                                   2990 ;C:\Users\Jummy\Downloads\MSXgl-1.5.0b\engine/src/system.h:145: inline void Halt() { __asm__("halt"); }
    00000948 76               [ 4] 2991 	halt
                                   2992 ;./bluebakas.c:362: while(!AnyKeyDown());
    00000949 CDr16r09         [17] 2993 	call	_AnyKeyDown
    0000094C B7               [ 4] 2994 	or	a, a
    0000094D 28 F9            [12] 2995 	jr	z, 00104$
                                   2996 ;./bluebakas.c:365: do
    0000094F                       2997 00107$:
                                   2998 ;C:\Users\Jummy\Downloads\MSXgl-1.5.0b\engine/src/system.h:145: inline void Halt() { __asm__("halt"); }
    0000094F 76               [ 4] 2999 	halt
                                   3000 ;./bluebakas.c:369: while(AnyKeyDown());
    00000950 CDr16r09         [17] 3001 	call	_AnyKeyDown
    00000953 B7               [ 4] 3002 	or	a, a
    00000954 20 F9            [12] 3003 	jr	nz, 00107$
                                   3004 ;./bluebakas.c:370: }
    00000956 C9               [10] 3005 	ret
                                   3006 ;./bluebakas.c:391: void InitMeanie()
                                   3007 ;	---------------------------------
                                   3008 ; Function InitMeanie
                                   3009 ; ---------------------------------
    00000957                       3010 _InitMeanie::
    00000957 DD E5            [15] 3011 	push	ix
    00000959 DD 21 00 00      [14] 3012 	ld	ix,	#0
    0000095D DD 39            [15] 3013 	add	ix, sp
    0000095F 3B               [ 6] 3014 	dec	sp
                                   3015 ;./bluebakas.c:395: for(i = 0; i < MEANIE_COUNT; i++)
    00000960 DD 36 FF 00      [19] 3016 	ld	-1 (ix), #0x00
    00000964                       3017 00103$:
                                   3018 ;./bluebakas.c:404: g_MeanieActions
                                   3019 ;./bluebakas.c:401: g_MeanieSprite,
                                   3020 ;./bluebakas.c:400: &g_Meanies[i].PawnObj,
    00000964 DD 4E FF         [19] 3021 	ld	c, -1 (ix)
    00000967 06 00            [ 7] 3022 	ld	b, #0x00
    00000969 69               [ 4] 3023 	ld	l, c
    0000096A 60               [ 4] 3024 	ld	h, b
    0000096B 29               [11] 3025 	add	hl, hl
    0000096C 29               [11] 3026 	add	hl, hl
    0000096D 29               [11] 3027 	add	hl, hl
    0000096E 29               [11] 3028 	add	hl, hl
    0000096F 09               [11] 3029 	add	hl, bc
    00000970 29               [11] 3030 	add	hl, hl
    00000971 09               [11] 3031 	add	hl, bc
    00000972 3Er00            [ 7] 3032 	ld	a, #<(_g_Meanies)
    00000974 85               [ 4] 3033 	add	a, l
    00000975 4F               [ 4] 3034 	ld	c, a
    00000976 3Es00            [ 7] 3035 	ld	a, #>(_g_Meanies)
    00000978 8C               [ 4] 3036 	adc	a, h
    00000979 47               [ 4] 3037 	ld	b, a
    0000097A 69               [ 4] 3038 	ld	l, c
    0000097B 60               [ 4] 3039 	ld	h, b
    0000097C E5               [11] 3040 	push	hl
    0000097D C5               [11] 3041 	push	bc
    0000097E 11rEEr09         [10] 3042 	ld	de, #_g_MeanieActions
    00000981 D5               [11] 3043 	push	de
    00000982 DD 56 FF         [19] 3044 	ld	d, -1 (ix)
    00000985 1E 01            [ 7] 3045 	ld	e, #0x01
    00000987 D5               [11] 3046 	push	de
    00000988 11rE5r09         [10] 3047 	ld	de, #_g_MeanieSprite
    0000098B CDr00r00         [17] 3048 	call	_Pawn_Initialize
    0000098E C1               [10] 3049 	pop	bc
    0000098F E1               [10] 3050 	pop	hl
                                   3051 ;./bluebakas.c:407: Pawn_SetPosition(&g_Meanies[i].PawnObj, 122, 0);
    00000990 E5               [11] 3052 	push	hl
    00000991 C5               [11] 3053 	push	bc
    00000992 11 7A 00         [10] 3054 	ld	de, #0x7a
    00000995 D5               [11] 3055 	push	de
    00000996 CDr00r00         [17] 3056 	call	_Pawn_SetPosition
    00000999 C1               [10] 3057 	pop	bc
    0000099A E1               [10] 3058 	pop	hl
                                   3059 ;./bluebakas.c:408: Pawn_Disable(&g_Meanies[i].PawnObj);
                                   3060 ;C:\Users\Jummy\Downloads\MSXgl-1.5.0b\engine/src/game/pawn.h:430: inline void Pawn_Disable(Pawn* pawn) { Pawn_SetEnable(pawn, FALSE); }
    0000099B C5               [11] 3061 	push	bc
    0000099C AF               [ 4] 3062 	xor	a, a
    0000099D F5               [11] 3063 	push	af
    0000099E 33               [ 6] 3064 	inc	sp
    0000099F CDr00r00         [17] 3065 	call	_Pawn_SetEnable
    000009A2 C1               [10] 3066 	pop	bc
                                   3067 ;./bluebakas.c:410: g_Meanies[i].Active = FALSE;
    000009A3 21 17 00         [10] 3068 	ld	hl, #0x0017
    000009A6 09               [11] 3069 	add	hl, bc
    000009A7 36 00            [10] 3070 	ld	(hl), #0x00
                                   3071 ;./bluebakas.c:411: g_Meanies[i].Tick = 0;
    000009A9 21 18 00         [10] 3072 	ld	hl, #0x0018
    000009AC 09               [11] 3073 	add	hl, bc
    000009AD 36 00            [10] 3074 	ld	(hl), #0x00
                                   3075 ;./bluebakas.c:413: g_Meanies[i].XFix = 0;
    000009AF 21 19 00         [10] 3076 	ld	hl, #0x0019
    000009B2 09               [11] 3077 	add	hl, bc
    000009B3 AF               [ 4] 3078 	xor	a, a
    000009B4 77               [ 7] 3079 	ld	(hl), a
    000009B5 23               [ 6] 3080 	inc	hl
    000009B6 77               [ 7] 3081 	ld	(hl), a
                                   3082 ;./bluebakas.c:414: g_Meanies[i].YFix = 0;
    000009B7 21 1B 00         [10] 3083 	ld	hl, #0x001b
    000009BA 09               [11] 3084 	add	hl, bc
    000009BB AF               [ 4] 3085 	xor	a, a
    000009BC 77               [ 7] 3086 	ld	(hl), a
    000009BD 23               [ 6] 3087 	inc	hl
    000009BE 77               [ 7] 3088 	ld	(hl), a
                                   3089 ;./bluebakas.c:416: g_Meanies[i].VXFix = 0;
    000009BF 21 1D 00         [10] 3090 	ld	hl, #0x001d
    000009C2 09               [11] 3091 	add	hl, bc
    000009C3 AF               [ 4] 3092 	xor	a, a
    000009C4 77               [ 7] 3093 	ld	(hl), a
    000009C5 23               [ 6] 3094 	inc	hl
    000009C6 77               [ 7] 3095 	ld	(hl), a
                                   3096 ;./bluebakas.c:417: g_Meanies[i].VYFix = 0;
    000009C7 21 1F 00         [10] 3097 	ld	hl, #0x001f
    000009CA 09               [11] 3098 	add	hl, bc
    000009CB AF               [ 4] 3099 	xor	a, a
    000009CC 77               [ 7] 3100 	ld	(hl), a
    000009CD 23               [ 6] 3101 	inc	hl
    000009CE 77               [ 7] 3102 	ld	(hl), a
                                   3103 ;./bluebakas.c:421: g_Meanies[i].MoveLeftFix = 0;
    000009CF 21 21 00         [10] 3104 	ld	hl, #0x0021
    000009D2 09               [11] 3105 	add	hl, bc
    000009D3 AF               [ 4] 3106 	xor	a, a
    000009D4 77               [ 7] 3107 	ld	(hl), a
    000009D5 23               [ 6] 3108 	inc	hl
    000009D6 77               [ 7] 3109 	ld	(hl), a
                                   3110 ;./bluebakas.c:395: for(i = 0; i < MEANIE_COUNT; i++)
    000009D7 DD 34 FF         [23] 3111 	inc	-1 (ix)
    000009DA DD 7E FF         [19] 3112 	ld	a, -1 (ix)
    000009DD D6 02            [ 7] 3113 	sub	a, #0x02
    000009DF 38 83            [12] 3114 	jr	c, 00103$
                                   3115 ;./bluebakas.c:423: }
    000009E1 33               [ 6] 3116 	inc	sp
    000009E2 DD E1            [14] 3117 	pop	ix
    000009E4 C9               [10] 3118 	ret
    000009E5                       3119 _g_MeanieSprite:
    000009E5 00                    3120 	.db #0x00	;  0
    000009E6 00                    3121 	.db #0x00	;  0
    000009E7 00                    3122 	.db #0x00	; 0
    000009E8 07                    3123 	.db #0x07	; 7
    000009E9 00                    3124 	.db #0x00	; 0
    000009EA                       3125 _g_MeanieFrames:
    000009EA 00                    3126 	.db #0x00	; 0
    000009EB 0A                    3127 	.db #0x0a	; 10
    000009EC 00 00                 3128 	.dw #0x0000
    000009EE                       3129 _g_MeanieActions:
    000009EErEAr09                 3130 	.dw _g_MeanieFrames
    000009F0 01                    3131 	.db #0x01	; 1
    000009F1 01                    3132 	.db #0x01	; 1
    000009F2 01                    3133 	.db #0x01	; 1
                                   3134 ;./bluebakas.c:444: void InitFuel()
                                   3135 ;	---------------------------------
                                   3136 ; Function InitFuel
                                   3137 ; ---------------------------------
    000009F3                       3138 _InitFuel::
                                   3139 ;./bluebakas.c:451: g_FuelActions
                                   3140 ;./bluebakas.c:448: g_FuelSprite,
                                   3141 ;./bluebakas.c:447: &g_Fuel,
    000009F3 21r35r0A         [10] 3142 	ld	hl, #_g_FuelActions
    000009F6 E5               [11] 3143 	push	hl
    000009F7 21 01 02         [10] 3144 	ld	hl, #0x201
    000009FA E5               [11] 3145 	push	hl
    000009FB 11r2Cr0A         [10] 3146 	ld	de, #_g_FuelSprite
    000009FE 21r46r00         [10] 3147 	ld	hl, #_g_Fuel
    00000A01 CDr00r00         [17] 3148 	call	_Pawn_Initialize
                                   3149 ;./bluebakas.c:454: Pawn_SetPosition(&g_Fuel, 0, 216);
    00000A04 21 00 D8         [10] 3150 	ld	hl, #0xd800
    00000A07 E5               [11] 3151 	push	hl
    00000A08 21r46r00         [10] 3152 	ld	hl, #_g_Fuel
    00000A0B CDr00r00         [17] 3153 	call	_Pawn_SetPosition
                                   3154 ;./bluebakas.c:455: Pawn_Disable(&g_Fuel);
                                   3155 ;C:\Users\Jummy\Downloads\MSXgl-1.5.0b\engine/src/game/pawn.h:430: inline void Pawn_Disable(Pawn* pawn) { Pawn_SetEnable(pawn, FALSE); }
    00000A0E AF               [ 4] 3156 	xor	a, a
    00000A0F F5               [11] 3157 	push	af
    00000A10 33               [ 6] 3158 	inc	sp
    00000A11 21r46r00         [10] 3159 	ld	hl, #_g_Fuel
    00000A14 CDr00r00         [17] 3160 	call	_Pawn_SetEnable
                                   3161 ;./bluebakas.c:457: g_FuelActive = FALSE;
    00000A17 AF               [ 4] 3162 	xor	a, a
    00000A18 32r03r00         [13] 3163 	ld	(#_g_FuelActive), a
                                   3164 ;./bluebakas.c:458: g_FuelXFix = 0;
    00000A1B 21 00 00         [10] 3165 	ld	hl, #0x0000
    00000A1E 22r05r00         [16] 3166 	ld	(_g_FuelXFix), hl
                                   3167 ;./bluebakas.c:459: g_FuelYFix = 0;
    00000A21 22r07r00         [16] 3168 	ld	(_g_FuelYFix), hl
                                   3169 ;./bluebakas.c:461: g_FuelSpawnDelay = PickFuelRespawnDelay();
    00000A24 CDr6Ar0C         [17] 3170 	call	_PickFuelRespawnDelay
    00000A27 ED 53r09r00      [20] 3171 	ld	(_g_FuelSpawnDelay), de
                                   3172 ;./bluebakas.c:462: }
    00000A2B C9               [10] 3173 	ret
    00000A2C                       3174 _g_FuelSprite:
    00000A2C 00                    3175 	.db #0x00	;  0
    00000A2D 00                    3176 	.db #0x00	;  0
    00000A2E 00                    3177 	.db #0x00	; 0
    00000A2F 07                    3178 	.db #0x07	; 7
    00000A30 00                    3179 	.db #0x00	; 0
    00000A31                       3180 _g_FuelFrames:
    00000A31 01                    3181 	.db #0x01	; 1
    00000A32 0A                    3182 	.db #0x0a	; 10
    00000A33 00 00                 3183 	.dw #0x0000
    00000A35                       3184 _g_FuelActions:
    00000A35r31r0A                 3185 	.dw _g_FuelFrames
    00000A37 01                    3186 	.db #0x01	; 1
    00000A38 01                    3187 	.db #0x01	; 1
    00000A39 01                    3188 	.db #0x01	; 1
                                   3189 ;./bluebakas.c:464: void SpawnFuel()
                                   3190 ;	---------------------------------
                                   3191 ; Function SpawnFuel
                                   3192 ; ---------------------------------
    00000A3A                       3193 _SpawnFuel::
                                   3194 ;./bluebakas.c:470: tileX = RandRange(4, 27);
    00000A3A 2E 1B            [ 7] 3195 	ld	l, #0x1b
    00000A3C 3E 04            [ 7] 3196 	ld	a, #0x04
    00000A3E CDr33r16         [17] 3197 	call	_RandRange
                                   3198 ;./bluebakas.c:471: x = tileX << 3;
    00000A41 87               [ 4] 3199 	add	a, a
    00000A42 87               [ 4] 3200 	add	a, a
    00000A43 87               [ 4] 3201 	add	a, a
    00000A44 47               [ 4] 3202 	ld	b, a
                                   3203 ;./bluebakas.c:473: g_FuelXFix = ((i16)x) << FIX_SHIFT;
    00000A45 68               [ 4] 3204 	ld	l, b
    00000A46 26 00            [ 7] 3205 	ld	h, #0x00
    00000A48 29               [11] 3206 	add	hl, hl
    00000A49 29               [11] 3207 	add	hl, hl
    00000A4A 29               [11] 3208 	add	hl, hl
    00000A4B 29               [11] 3209 	add	hl, hl
    00000A4C 22r05r00         [16] 3210 	ld	(_g_FuelXFix), hl
                                   3211 ;./bluebakas.c:474: g_FuelYFix = 0;
    00000A4F 21 00 00         [10] 3212 	ld	hl, #0x0000
    00000A52 22r07r00         [16] 3213 	ld	(_g_FuelYFix), hl
                                   3214 ;./bluebakas.c:476: Pawn_SetPosition(&g_Fuel, x, 0);
    00000A55 AF               [ 4] 3215 	xor	a, a
    00000A56 F5               [11] 3216 	push	af
    00000A57 33               [ 6] 3217 	inc	sp
    00000A58 C5               [11] 3218 	push	bc
    00000A59 33               [ 6] 3219 	inc	sp
    00000A5A 21r46r00         [10] 3220 	ld	hl, #_g_Fuel
    00000A5D CDr00r00         [17] 3221 	call	_Pawn_SetPosition
                                   3222 ;./bluebakas.c:477: Pawn_Enable(&g_Fuel);
                                   3223 ;C:\Users\Jummy\Downloads\MSXgl-1.5.0b\engine/src/game/pawn.h:437: inline void Pawn_Enable(Pawn* pawn) { Pawn_SetEnable(pawn, TRUE); }
    00000A60 3E 01            [ 7] 3224 	ld	a, #0x01
    00000A62 F5               [11] 3225 	push	af
    00000A63 33               [ 6] 3226 	inc	sp
    00000A64 21r46r00         [10] 3227 	ld	hl, #_g_Fuel
    00000A67 CDr00r00         [17] 3228 	call	_Pawn_SetEnable
                                   3229 ;./bluebakas.c:479: g_FuelActive = TRUE;
    00000A6A 21r03r00         [10] 3230 	ld	hl, #_g_FuelActive
    00000A6D 36 01            [10] 3231 	ld	(hl), #0x01
                                   3232 ;./bluebakas.c:480: }
    00000A6F C9               [10] 3233 	ret
                                   3234 ;./bluebakas.c:482: void DespawnFuel()
                                   3235 ;	---------------------------------
                                   3236 ; Function DespawnFuel
                                   3237 ; ---------------------------------
    00000A70                       3238 _DespawnFuel::
                                   3239 ;./bluebakas.c:484: Pawn_Disable(&g_Fuel);
                                   3240 ;C:\Users\Jummy\Downloads\MSXgl-1.5.0b\engine/src/game/pawn.h:430: inline void Pawn_Disable(Pawn* pawn) { Pawn_SetEnable(pawn, FALSE); }
    00000A70 AF               [ 4] 3241 	xor	a, a
    00000A71 F5               [11] 3242 	push	af
    00000A72 33               [ 6] 3243 	inc	sp
    00000A73 21r46r00         [10] 3244 	ld	hl, #_g_Fuel
    00000A76 CDr00r00         [17] 3245 	call	_Pawn_SetEnable
                                   3246 ;./bluebakas.c:485: g_FuelActive = FALSE;
    00000A79 AF               [ 4] 3247 	xor	a, a
    00000A7A 32r03r00         [13] 3248 	ld	(#_g_FuelActive), a
                                   3249 ;./bluebakas.c:486: g_FuelSpawnDelay = PickFuelRespawnDelay();
    00000A7D CDr6Ar0C         [17] 3250 	call	_PickFuelRespawnDelay
    00000A80 ED 53r09r00      [20] 3251 	ld	(_g_FuelSpawnDelay), de
                                   3252 ;./bluebakas.c:488: UpdateFuelSound();
                                   3253 ;./bluebakas.c:489: }
    00000A84 C3r3Br0C         [10] 3254 	jp	_UpdateFuelSound
                                   3255 ;./bluebakas.c:491: void TrySpawnFuel()
                                   3256 ;	---------------------------------
                                   3257 ; Function TrySpawnFuel
                                   3258 ; ---------------------------------
    00000A87                       3259 _TrySpawnFuel::
                                   3260 ;./bluebakas.c:493: if(g_FuelActive)
    00000A87 3Ar03r00         [13] 3261 	ld	a, (_g_FuelActive+0)
    00000A8A B7               [ 4] 3262 	or	a, a
                                   3263 ;./bluebakas.c:494: return;
    00000A8B C0               [11] 3264 	ret	nz
                                   3265 ;./bluebakas.c:496: if(g_FuelSpawnDelay > 0)
    00000A8C 3Ar0Ar00         [13] 3266 	ld	a, (_g_FuelSpawnDelay+1)
    00000A8F 21r09r00         [10] 3267 	ld	hl, #_g_FuelSpawnDelay
    00000A92 B6               [ 7] 3268 	or	a, (hl)
    00000A93 CAr3Ar0A         [10] 3269 	jp	z, _SpawnFuel
                                   3270 ;./bluebakas.c:498: g_FuelSpawnDelay--;
    00000A96 2Ar09r00         [16] 3271 	ld	hl, (_g_FuelSpawnDelay)
    00000A99 2B               [ 6] 3272 	dec	hl
    00000A9A 22r09r00         [16] 3273 	ld	(_g_FuelSpawnDelay), hl
                                   3274 ;./bluebakas.c:499: return;
                                   3275 ;./bluebakas.c:502: SpawnFuel();
                                   3276 ;./bluebakas.c:503: }
    00000A9D C9               [10] 3277 	ret
                                   3278 ;./bluebakas.c:505: bool FuelHitsSolidTile()
                                   3279 ;	---------------------------------
                                   3280 ; Function FuelHitsSolidTile
                                   3281 ; ---------------------------------
    00000A9E                       3282 _FuelHitsSolidTile::
                                   3283 ;./bluebakas.c:514: x = g_FuelXFix >> FIX_SHIFT;
    00000A9E ED 5Br05r00      [20] 3284 	ld	de, (_g_FuelXFix)
    00000AA2 CB 2A            [ 8] 3285 	sra	d
    00000AA4 CB 1B            [ 8] 3286 	rr	e
    00000AA6 CB 2A            [ 8] 3287 	sra	d
    00000AA8 CB 1B            [ 8] 3288 	rr	e
    00000AAA CB 2A            [ 8] 3289 	sra	d
    00000AAC CB 1B            [ 8] 3290 	rr	e
    00000AAE CB 2A            [ 8] 3291 	sra	d
    00000AB0 CB 1B            [ 8] 3292 	rr	e
                                   3293 ;./bluebakas.c:515: y = g_FuelYFix >> FIX_SHIFT;
    00000AB2 2Ar07r00         [16] 3294 	ld	hl, (_g_FuelYFix)
    00000AB5 CB 2C            [ 8] 3295 	sra	h
    00000AB7 CB 1D            [ 8] 3296 	rr	l
    00000AB9 CB 2C            [ 8] 3297 	sra	h
    00000ABB CB 1D            [ 8] 3298 	rr	l
    00000ABD CB 2C            [ 8] 3299 	sra	h
    00000ABF CB 1D            [ 8] 3300 	rr	l
    00000AC1 CB 2C            [ 8] 3301 	sra	h
    00000AC3 CB 1D            [ 8] 3302 	rr	l
                                   3303 ;./bluebakas.c:518: tx1 = (u8)((x + 1) >> 3);
    00000AC5 7B               [ 4] 3304 	ld	a, e
    00000AC6 4F               [ 4] 3305 	ld	c, a
    00000AC7 42               [ 4] 3306 	ld	b, d
    00000AC8 03               [ 6] 3307 	inc	bc
    00000AC9 CB 28            [ 8] 3308 	sra	b
    00000ACB CB 19            [ 8] 3309 	rr	c
    00000ACD CB 28            [ 8] 3310 	sra	b
    00000ACF CB 19            [ 8] 3311 	rr	c
    00000AD1 CB 28            [ 8] 3312 	sra	b
    00000AD3 CB 19            [ 8] 3313 	rr	c
                                   3314 ;./bluebakas.c:519: tx2 = (u8)((x + 7) >> 3);
    00000AD5 C6 07            [ 7] 3315 	add	a, #0x07
    00000AD7 5F               [ 4] 3316 	ld	e, a
    00000AD8 7A               [ 4] 3317 	ld	a, d
    00000AD9 CE 00            [ 7] 3318 	adc	a, #0x00
    00000ADB CB 2F            [ 8] 3319 	sra	a
    00000ADD CB 1B            [ 8] 3320 	rr	e
    00000ADF CB 2F            [ 8] 3321 	sra	a
    00000AE1 CB 1B            [ 8] 3322 	rr	e
    00000AE3 CB 2F            [ 8] 3323 	sra	a
    00000AE5 CB 1B            [ 8] 3324 	rr	e
                                   3325 ;./bluebakas.c:520: ty  = (u8)((y + 7) >> 3);
    00000AE7 7D               [ 4] 3326 	ld	a, l
    00000AE8 C6 07            [ 7] 3327 	add	a, #0x07
    00000AEA 57               [ 4] 3328 	ld	d, a
    00000AEB 7C               [ 4] 3329 	ld	a, h
    00000AEC CE 00            [ 7] 3330 	adc	a, #0x00
    00000AEE CB 2F            [ 8] 3331 	sra	a
    00000AF0 CB 1A            [ 8] 3332 	rr	d
    00000AF2 CB 2F            [ 8] 3333 	sra	a
    00000AF4 CB 1A            [ 8] 3334 	rr	d
    00000AF6 CB 2F            [ 8] 3335 	sra	a
    00000AF8 CB 1A            [ 8] 3336 	rr	d
                                   3337 ;./bluebakas.c:522: if(ty >= PLAYFIELD_H)
    00000AFA 7A               [ 4] 3338 	ld	a, d
    00000AFB D6 16            [ 7] 3339 	sub	a, #0x16
    00000AFD 38 02            [12] 3340 	jr	c, 00102$
                                   3341 ;./bluebakas.c:523: return FALSE;
    00000AFF AF               [ 4] 3342 	xor	a, a
    00000B00 C9               [10] 3343 	ret
    00000B01                       3344 00102$:
                                   3345 ;./bluebakas.c:525: return (GetMapTile(tx1, ty) == TILE_SOLID) || (GetMapTile(tx2, ty) == TILE_SOLID);
    00000B01 D5               [11] 3346 	push	de
    00000B02 6A               [ 4] 3347 	ld	l, d
    00000B03 79               [ 4] 3348 	ld	a, c
    00000B04 CDr5Cr0D         [17] 3349 	call	_GetMapTile
    00000B07 D1               [10] 3350 	pop	de
    00000B08 FE 01            [ 7] 3351 	cp	a, #0x01
    00000B0A 28 0B            [12] 3352 	jr	z, 00106$
    00000B0C 6A               [ 4] 3353 	ld	l, d
    00000B0D 7B               [ 4] 3354 	ld	a, e
    00000B0E CDr5Cr0D         [17] 3355 	call	_GetMapTile
    00000B11 FE 01            [ 7] 3356 	cp	a, #0x01
    00000B13 28 02            [12] 3357 	jr	z, 00106$
    00000B15 AF               [ 4] 3358 	xor	a, a
    00000B16 C9               [10] 3359 	ret
    00000B17                       3360 00106$:
    00000B17 3E 01            [ 7] 3361 	ld	a, #0x01
                                   3362 ;./bluebakas.c:526: }
    00000B19 C9               [10] 3363 	ret
                                   3364 ;./bluebakas.c:528: void UpdateFuel()
                                   3365 ;	---------------------------------
                                   3366 ; Function UpdateFuel
                                   3367 ; ---------------------------------
    00000B1A                       3368 _UpdateFuel::
    00000B1A DD E5            [15] 3369 	push	ix
    00000B1C DD 21 00 00      [14] 3370 	ld	ix,	#0
    00000B20 DD 39            [15] 3371 	add	ix, sp
    00000B22 F5               [11] 3372 	push	af
    00000B23 F5               [11] 3373 	push	af
                                   3374 ;./bluebakas.c:533: bool freeze = g_LaserActive || g_LaserErasing;
    00000B24 3Ar16r00         [13] 3375 	ld	a, (_g_LaserActive+0)
    00000B27 B7               [ 4] 3376 	or	a, a
    00000B28 20 0A            [12] 3377 	jr	nz, 00119$
    00000B2A 3Ar17r00         [13] 3378 	ld	a, (_g_LaserErasing+0)
    00000B2D B7               [ 4] 3379 	or	a, a
    00000B2E 20 04            [12] 3380 	jr	nz, 00119$
    00000B30 4F               [ 4] 3381 	ld	c, a
    00000B31 C3r36r0B         [10] 3382 	jp	00120$
    00000B34                       3383 00119$:
    00000B34 0E 01            [ 7] 3384 	ld	c, #0x01
    00000B36                       3385 00120$:
                                   3386 ;./bluebakas.c:537: if(freeze)
    00000B36 79               [ 4] 3387 	ld	a, c
    00000B37 B7               [ 4] 3388 	or	a, a
    00000B38 28 10            [12] 3389 	jr	z, 00104$
                                   3390 ;./bluebakas.c:539: if(g_FuelActive)
    00000B3A 3Ar03r00         [13] 3391 	ld	a, (_g_FuelActive+0)
    00000B3D B7               [ 4] 3392 	or	a, a
    00000B3E CAr2Cr0C         [10] 3393 	jp	z, 00116$
                                   3394 ;./bluebakas.c:541: Pawn_Draw(&g_Fuel);
    00000B41 21r46r00         [10] 3395 	ld	hl, #_g_Fuel
    00000B44 CDr00r00         [17] 3396 	call	_Pawn_Draw
                                   3397 ;./bluebakas.c:544: return;
    00000B47 C3r2Cr0C         [10] 3398 	jp	00116$
    00000B4A                       3399 00104$:
                                   3400 ;./bluebakas.c:547: TrySpawnFuel();
    00000B4A CDr87r0A         [17] 3401 	call	_TrySpawnFuel
                                   3402 ;./bluebakas.c:549: UpdateFuelSound();
    00000B4D CDr3Br0C         [17] 3403 	call	_UpdateFuelSound
                                   3404 ;./bluebakas.c:551: if(!g_FuelActive)
    00000B50 3Ar03r00         [13] 3405 	ld	a, (_g_FuelActive+0)
    00000B53 B7               [ 4] 3406 	or	a, a
                                   3407 ;./bluebakas.c:552: return;
    00000B54 CAr2Cr0C         [10] 3408 	jp	z, 00116$
                                   3409 ;./bluebakas.c:554: g_FuelYFix += 16;
    00000B57 2Ar07r00         [16] 3410 	ld	hl, (_g_FuelYFix)
    00000B5A 01 10 00         [10] 3411 	ld	bc, #0x0010
    00000B5D 09               [11] 3412 	add	hl, bc
    00000B5E 22r07r00         [16] 3413 	ld	(_g_FuelYFix), hl
                                   3414 ;./bluebakas.c:556: x = g_FuelXFix >> FIX_SHIFT;
    00000B61 3Ar05r00         [13] 3415 	ld	a, (_g_FuelXFix+0)
    00000B64 DD 77 FC         [19] 3416 	ld	-4 (ix), a
    00000B67 3Ar06r00         [13] 3417 	ld	a, (_g_FuelXFix+1)
    00000B6A DD 77 FD         [19] 3418 	ld	-3 (ix), a
    00000B6D DD CB FD 2E      [23] 3419 	sra	-3 (ix)
    00000B71 DD CB FC 1E      [23] 3420 	rr	-4 (ix)
    00000B75 DD CB FD 2E      [23] 3421 	sra	-3 (ix)
    00000B79 DD CB FC 1E      [23] 3422 	rr	-4 (ix)
    00000B7D DD CB FD 2E      [23] 3423 	sra	-3 (ix)
    00000B81 DD CB FC 1E      [23] 3424 	rr	-4 (ix)
    00000B85 DD CB FD 2E      [23] 3425 	sra	-3 (ix)
    00000B89 DD CB FC 1E      [23] 3426 	rr	-4 (ix)
                                   3427 ;./bluebakas.c:557: y = g_FuelYFix >> FIX_SHIFT;
    00000B8D 3Ar07r00         [13] 3428 	ld	a, (_g_FuelYFix+0)
    00000B90 DD 77 FE         [19] 3429 	ld	-2 (ix), a
    00000B93 3Ar08r00         [13] 3430 	ld	a, (_g_FuelYFix+1)
    00000B96 DD 77 FF         [19] 3431 	ld	-1 (ix), a
    00000B99 DD CB FF 2E      [23] 3432 	sra	-1 (ix)
    00000B9D DD CB FE 1E      [23] 3433 	rr	-2 (ix)
    00000BA1 DD CB FF 2E      [23] 3434 	sra	-1 (ix)
    00000BA5 DD CB FE 1E      [23] 3435 	rr	-2 (ix)
    00000BA9 DD CB FF 2E      [23] 3436 	sra	-1 (ix)
    00000BAD DD CB FE 1E      [23] 3437 	rr	-2 (ix)
    00000BB1 DD CB FF 2E      [23] 3438 	sra	-1 (ix)
    00000BB5 DD CB FE 1E      [23] 3439 	rr	-2 (ix)
                                   3440 ;./bluebakas.c:559: if(FuelHitsSolidTile())
    00000BB9 CDr9Er0A         [17] 3441 	call	_FuelHitsSolidTile
    00000BBC B7               [ 4] 3442 	or	a, a
    00000BBD 28 3A            [12] 3443 	jr	z, 00111$
                                   3444 ;./bluebakas.c:561: if(Energy <= 9499)
    00000BBF 2Ar01r00         [16] 3445 	ld	hl, (_Energy)
    00000BC2 3E 1B            [ 7] 3446 	ld	a, #0x1b
    00000BC4 BD               [ 4] 3447 	cp	a, l
    00000BC5 3E 25            [ 7] 3448 	ld	a, #0x25
    00000BC7 9C               [ 4] 3449 	sbc	a, h
    00000BC8 38 0A            [12] 3450 	jr	c, 00108$
                                   3451 ;./bluebakas.c:562: Energy += 500;
    00000BCA 01 F4 01         [10] 3452 	ld	bc, #0x01f4
    00000BCD 09               [11] 3453 	add	hl, bc
    00000BCE 22r01r00         [16] 3454 	ld	(_Energy), hl
    00000BD1 C3rDAr0B         [10] 3455 	jp	00109$
    00000BD4                       3456 00108$:
                                   3457 ;./bluebakas.c:564: Energy = 9999;
    00000BD4 21 0F 27         [10] 3458 	ld	hl, #0x270f
    00000BD7 22r01r00         [16] 3459 	ld	(_Energy), hl
    00000BDA                       3460 00109$:
                                   3461 ;./bluebakas.c:566: g_ShowGoodHit = FALSE;
    00000BDA AF               [ 4] 3462 	xor	a, a
    00000BDB 32r18r00         [13] 3463 	ld	(#_g_ShowGoodHit), a
                                   3464 ;./bluebakas.c:567: Print_DrawTextAt(23, 22, " REFUELED");
                                   3465 ;C:\Users\Jummy\Downloads\MSXgl-1.5.0b\engine/src/print.h:268: PRINT_DATA.CursorX = x;
    00000BDE 21r05r00         [10] 3466 	ld	hl, #_g_PrintData + 5
    00000BE1 36 17            [10] 3467 	ld	(hl), #0x17
                                   3468 ;C:\Users\Jummy\Downloads\MSXgl-1.5.0b\engine/src/print.h:269: PRINT_DATA.CursorY = y;
    00000BE3 21r06r00         [10] 3469 	ld	hl, #_g_PrintData + 6
    00000BE6 36 16            [10] 3470 	ld	(hl), #0x16
                                   3471 ;C:\Users\Jummy\Downloads\MSXgl-1.5.0b\engine/src/print.h:552: inline void Print_DrawTextAt(UX x, UY y, const c8* str) { Print_SetPosition(x, y); Print_DrawText(str); }
    00000BE8 21r31r0C         [10] 3472 	ld	hl, #___str_0
    00000BEB CDr00r00         [17] 3473 	call	_Print_DrawText
                                   3474 ;./bluebakas.c:568: g_hasHUDChanged = TRUE;
    00000BEE 21r19r00         [10] 3475 	ld	hl, #_g_hasHUDChanged
    00000BF1 36 01            [10] 3476 	ld	(hl), #0x01
                                   3477 ;./bluebakas.c:570: DespawnFuel();
    00000BF3 CDr70r0A         [17] 3478 	call	_DespawnFuel
                                   3479 ;./bluebakas.c:572: return;
    00000BF6 C3r2Cr0C         [10] 3480 	jp	00116$
    00000BF9                       3481 00111$:
                                   3482 ;./bluebakas.c:575: if(y >= MEANIE_BOTTOM_Y)
    00000BF9 DD 7E FE         [19] 3483 	ld	a, -2 (ix)
    00000BFC DD 46 FF         [19] 3484 	ld	b, -1 (ix)
    00000BFF D6 C8            [ 7] 3485 	sub	a, #0xc8
    00000C01 78               [ 4] 3486 	ld	a, b
    00000C02 17               [ 4] 3487 	rla
    00000C03 3F               [ 4] 3488 	ccf
    00000C04 1F               [ 4] 3489 	rra
    00000C05 DE 80            [ 7] 3490 	sbc	a, #0x80
    00000C07 38 06            [12] 3491 	jr	c, 00113$
                                   3492 ;./bluebakas.c:577: DespawnFuel();
    00000C09 CDr70r0A         [17] 3493 	call	_DespawnFuel
                                   3494 ;./bluebakas.c:579: return;
    00000C0C C3r2Cr0C         [10] 3495 	jp	00116$
    00000C0F                       3496 00113$:
                                   3497 ;./bluebakas.c:582: Pawn_SetPosition(&g_Fuel, (u8)x, (u8)y);
    00000C0F DD 4E FE         [19] 3498 	ld	c, -2 (ix)
    00000C12 DD 46 FC         [19] 3499 	ld	b, -4 (ix)
    00000C15 79               [ 4] 3500 	ld	a, c
    00000C16 F5               [11] 3501 	push	af
    00000C17 33               [ 6] 3502 	inc	sp
    00000C18 C5               [11] 3503 	push	bc
    00000C19 33               [ 6] 3504 	inc	sp
    00000C1A 21r46r00         [10] 3505 	ld	hl, #_g_Fuel
    00000C1D CDr00r00         [17] 3506 	call	_Pawn_SetPosition
                                   3507 ;./bluebakas.c:584: Pawn_Update(&g_Fuel);
    00000C20 21r46r00         [10] 3508 	ld	hl, #_g_Fuel
    00000C23 CDr00r00         [17] 3509 	call	_Pawn_Update
                                   3510 ;./bluebakas.c:585: Pawn_Draw(&g_Fuel);
    00000C26 21r46r00         [10] 3511 	ld	hl, #_g_Fuel
    00000C29 CDr00r00         [17] 3512 	call	_Pawn_Draw
    00000C2C                       3513 00116$:
                                   3514 ;./bluebakas.c:586: }
    00000C2C DD F9            [10] 3515 	ld	sp, ix
    00000C2E DD E1            [14] 3516 	pop	ix
    00000C30 C9               [10] 3517 	ret
    00000C31                       3518 ___str_0:
    00000C31 20 52 45 46 55 45 4C  3519 	.ascii " REFUELED"
             45 44
    00000C3A 00                    3520 	.db 0x00
                                   3521 ;./bluebakas.c:588: void UpdateFuelSound()
                                   3522 ;	---------------------------------
                                   3523 ; Function UpdateFuelSound
                                   3524 ; ---------------------------------
    00000C3B                       3525 _UpdateFuelSound::
                                   3526 ;./bluebakas.c:590: if(!g_FuelActive)
    00000C3B 3Ar03r00         [13] 3527 	ld	a, (_g_FuelActive+0)
                                   3528 ;./bluebakas.c:592: g_FuelSoundWanted = FALSE;
                                   3529 ;./bluebakas.c:593: g_FuelSoundRestart = FALSE;
    00000C3E B7               [ 4] 3530 	or	a,a
    00000C3F 20 07            [12] 3531 	jr	nz, 00102$
    00000C41 32r0Dr00         [13] 3532 	ld	(#_g_FuelSoundWanted), a
    00000C44 32r0Er00         [13] 3533 	ld	(#_g_FuelSoundRestart), a
                                   3534 ;./bluebakas.c:594: return;
    00000C47 C9               [10] 3535 	ret
    00000C48                       3536 00102$:
                                   3537 ;./bluebakas.c:597: if(!g_FuelSoundWanted)
    00000C48 3Ar0Dr00         [13] 3538 	ld	a, (_g_FuelSoundWanted+0)
    00000C4B B7               [ 4] 3539 	or	a, a
    00000C4C 20 0A            [12] 3540 	jr	nz, 00104$
                                   3541 ;./bluebakas.c:599: g_FuelSoundWanted = TRUE;
    00000C4E 21r0Dr00         [10] 3542 	ld	hl, #_g_FuelSoundWanted
    00000C51 36 01            [10] 3543 	ld	(hl), #0x01
                                   3544 ;./bluebakas.c:600: g_FuelSoundRestart = TRUE;
    00000C53 21r0Er00         [10] 3545 	ld	hl, #_g_FuelSoundRestart
    00000C56 36 01            [10] 3546 	ld	(hl), #0x01
    00000C58                       3547 00104$:
                                   3548 ;./bluebakas.c:603: if(g_FuelSoundRestart)
    00000C58 3Ar0Er00         [13] 3549 	ld	a, (_g_FuelSoundRestart+0)
    00000C5B B7               [ 4] 3550 	or	a, a
    00000C5C C8               [11] 3551 	ret	z
                                   3552 ;./bluebakas.c:607: if(ayFX_PlayBank(6, 12) == AYFX_ERROR_NONE)
    00000C5D 2E 0C            [ 7] 3553 	ld	l, #0x0c
    00000C5F 3E 06            [ 7] 3554 	ld	a, #0x06
    00000C61 CDr00r00         [17] 3555 	call	_ayFX_PlayBank
                                   3556 ;./bluebakas.c:609: g_FuelSoundRestart = FALSE;
    00000C64 B7               [ 4] 3557 	or	a,a
    00000C65 C0               [11] 3558 	ret	nz
    00000C66 32r0Er00         [13] 3559 	ld	(#_g_FuelSoundRestart), a
                                   3560 ;./bluebakas.c:612: }
    00000C69 C9               [10] 3561 	ret
                                   3562 ;./bluebakas.c:614: u16 PickFuelRespawnDelay()
                                   3563 ;	---------------------------------
                                   3564 ; Function PickFuelRespawnDelay
                                   3565 ; ---------------------------------
    00000C6A                       3566 _PickFuelRespawnDelay::
                                   3567 ;./bluebakas.c:618: choice = RandRange(0, 2);
    00000C6A 2E 02            [ 7] 3568 	ld	l, #0x02
    00000C6C AF               [ 4] 3569 	xor	a, a
    00000C6D CDr33r16         [17] 3570 	call	_RandRange
    00000C70 4F               [ 4] 3571 	ld	c, a
                                   3572 ;./bluebakas.c:620: if(choice == 0)
    00000C71 B7               [ 4] 3573 	or	a, a
    00000C72 20 04            [12] 3574 	jr	nz, 00102$
                                   3575 ;./bluebakas.c:621: return FUEL_RESPAWN_DELAY_SHORT;
    00000C74 11 C2 01         [10] 3576 	ld	de, #0x01c2
    00000C77 C9               [10] 3577 	ret
    00000C78                       3578 00102$:
                                   3579 ;./bluebakas.c:623: if(choice == 1)
    00000C78 0D               [ 4] 3580 	dec	c
    00000C79 20 04            [12] 3581 	jr	nz, 00104$
                                   3582 ;./bluebakas.c:624: return FUEL_RESPAWN_DELAY_MEDIUM;
    00000C7B 11 84 03         [10] 3583 	ld	de, #0x0384
    00000C7E C9               [10] 3584 	ret
    00000C7F                       3585 00104$:
                                   3586 ;./bluebakas.c:626: return FUEL_RESPAWN_DELAY_LONG;
    00000C7F 11 08 07         [10] 3587 	ld	de, #0x0708
                                   3588 ;./bluebakas.c:627: }
    00000C82 C9               [10] 3589 	ret
                                   3590 ;./bluebakas.c:653: void InitExplosion()
                                   3591 ;	---------------------------------
                                   3592 ; Function InitExplosion
                                   3593 ; ---------------------------------
    00000C83                       3594 _InitExplosion::
                                   3595 ;./bluebakas.c:660: g_ExplosionActions
                                   3596 ;./bluebakas.c:657: g_ExplosionSprite,
                                   3597 ;./bluebakas.c:656: &g_Explosion,
    00000C83 21rC4r0C         [10] 3598 	ld	hl, #_g_ExplosionActions
    00000C86 E5               [11] 3599 	push	hl
    00000C87 21 04 03         [10] 3600 	ld	hl, #0x304
    00000C8A E5               [11] 3601 	push	hl
    00000C8B 11rACr0C         [10] 3602 	ld	de, #_g_ExplosionSprite
    00000C8E 21r5Dr00         [10] 3603 	ld	hl, #_g_Explosion
    00000C91 CDr00r00         [17] 3604 	call	_Pawn_Initialize
                                   3605 ;./bluebakas.c:663: Pawn_SetPosition(&g_Explosion, 0, 216);
    00000C94 21 00 D8         [10] 3606 	ld	hl, #0xd800
    00000C97 E5               [11] 3607 	push	hl
    00000C98 21r5Dr00         [10] 3608 	ld	hl, #_g_Explosion
    00000C9B CDr00r00         [17] 3609 	call	_Pawn_SetPosition
                                   3610 ;./bluebakas.c:664: Pawn_Disable(&g_Explosion);
                                   3611 ;C:\Users\Jummy\Downloads\MSXgl-1.5.0b\engine/src/game/pawn.h:430: inline void Pawn_Disable(Pawn* pawn) { Pawn_SetEnable(pawn, FALSE); }
    00000C9E AF               [ 4] 3612 	xor	a, a
    00000C9F F5               [11] 3613 	push	af
    00000CA0 33               [ 6] 3614 	inc	sp
    00000CA1 21r5Dr00         [10] 3615 	ld	hl, #_g_Explosion
    00000CA4 CDr00r00         [17] 3616 	call	_Pawn_SetEnable
                                   3617 ;./bluebakas.c:666: g_ExplosionActive = FALSE;
    00000CA7 AF               [ 4] 3618 	xor	a, a
    00000CA8 32r04r00         [13] 3619 	ld	(#_g_ExplosionActive), a
                                   3620 ;./bluebakas.c:667: }
    00000CAB C9               [10] 3621 	ret
    00000CAC                       3622 _g_ExplosionSprite:
    00000CAC 00                    3623 	.db #0x00	;  0
    00000CAD 00                    3624 	.db #0x00	;  0
    00000CAE 00                    3625 	.db #0x00	; 0
    00000CAF 07                    3626 	.db #0x07	; 7
    00000CB0 00                    3627 	.db #0x00	; 0
    00000CB1 08                    3628 	.db #0x08	;  8
    00000CB2 00                    3629 	.db #0x00	;  0
    00000CB3 01                    3630 	.db #0x01	; 1
    00000CB4 07                    3631 	.db #0x07	; 7
    00000CB5 00                    3632 	.db #0x00	; 0
    00000CB6 00                    3633 	.db #0x00	;  0
    00000CB7 08                    3634 	.db #0x08	;  8
    00000CB8 02                    3635 	.db #0x02	; 2
    00000CB9 07                    3636 	.db #0x07	; 7
    00000CBA 00                    3637 	.db #0x00	; 0
    00000CBB 08                    3638 	.db #0x08	;  8
    00000CBC 08                    3639 	.db #0x08	;  8
    00000CBD 03                    3640 	.db #0x03	; 3
    00000CBE 07                    3641 	.db #0x07	; 7
    00000CBF 00                    3642 	.db #0x00	; 0
    00000CC0                       3643 _g_ExplosionFrames:
    00000CC0 02                    3644 	.db #0x02	; 2
    00000CC1 0A                    3645 	.db #0x0a	; 10
    00000CC2 00 00                 3646 	.dw #0x0000
    00000CC4                       3647 _g_ExplosionActions:
    00000CC4rC0r0C                 3648 	.dw _g_ExplosionFrames
    00000CC6 01                    3649 	.db #0x01	; 1
    00000CC7 01                    3650 	.db #0x01	; 1
    00000CC8 01                    3651 	.db #0x01	; 1
                                   3652 ;./bluebakas.c:669: void StartExplosion(i16 x, i16 y)
                                   3653 ;	---------------------------------
                                   3654 ; Function StartExplosion
                                   3655 ; ---------------------------------
    00000CC9                       3656 _StartExplosion::
                                   3657 ;./bluebakas.c:672: x -= 4;
    00000CC9 01 FC FF         [10] 3658 	ld	bc, #0xfffc
    00000CCC 09               [11] 3659 	add	hl,bc
    00000CCD 4D               [ 4] 3660 	ld	c, l
    00000CCE 44               [ 4] 3661 	ld	b, h
                                   3662 ;./bluebakas.c:673: y -= 4;
    00000CCF 7B               [ 4] 3663 	ld	a, e
    00000CD0 C6 FC            [ 7] 3664 	add	a, #0xfc
    00000CD2 5F               [ 4] 3665 	ld	e, a
    00000CD3 7A               [ 4] 3666 	ld	a, d
    00000CD4 CE FF            [ 7] 3667 	adc	a, #0xff
    00000CD6 57               [ 4] 3668 	ld	d, a
                                   3669 ;./bluebakas.c:675: if(x < 0)
    00000CD7 69               [ 4] 3670 	ld	l, c
    00000CD8 60               [ 4] 3671 	ld	h, b
    00000CD9 CB 7C            [ 8] 3672 	bit	7, h
    00000CDB 28 06            [12] 3673 	jr	z, 00104$
                                   3674 ;./bluebakas.c:676: x = 0;
    00000CDD 01 00 00         [10] 3675 	ld	bc, #0x0000
    00000CE0 C3rEEr0C         [10] 3676 	jp	00105$
    00000CE3                       3677 00104$:
                                   3678 ;./bluebakas.c:677: else if(x > 240)
    00000CE3 3E F0            [ 7] 3679 	ld	a, #0xf0
    00000CE5 BD               [ 4] 3680 	cp	a, l
    00000CE6 3E 00            [ 7] 3681 	ld	a, #0x00
    00000CE8 9C               [ 4] 3682 	sbc	a, h
    00000CE9 30 03            [12] 3683 	jr	nc, 00105$
                                   3684 ;./bluebakas.c:678: x = 240;
    00000CEB 01 F0 00         [10] 3685 	ld	bc, #0x00f0
    00000CEE                       3686 00105$:
                                   3687 ;./bluebakas.c:680: if(y < 0)
    00000CEE 6B               [ 4] 3688 	ld	l, e
    00000CEF 62               [ 4] 3689 	ld	h, d
    00000CF0 CB 7C            [ 8] 3690 	bit	7, h
    00000CF2 28 06            [12] 3691 	jr	z, 00109$
                                   3692 ;./bluebakas.c:681: y = 0;
    00000CF4 11 00 00         [10] 3693 	ld	de, #0x0000
    00000CF7 C3r05r0D         [10] 3694 	jp	00110$
    00000CFA                       3695 00109$:
                                   3696 ;./bluebakas.c:682: else if(y > 176)
    00000CFA 3E B0            [ 7] 3697 	ld	a, #0xb0
    00000CFC BD               [ 4] 3698 	cp	a, l
    00000CFD 3E 00            [ 7] 3699 	ld	a, #0x00
    00000CFF 9C               [ 4] 3700 	sbc	a, h
    00000D00 30 03            [12] 3701 	jr	nc, 00110$
                                   3702 ;./bluebakas.c:683: y = 176;
    00000D02 11 B0 00         [10] 3703 	ld	de, #0x00b0
    00000D05                       3704 00110$:
                                   3705 ;./bluebakas.c:687: ExplosionDestroyTilesAt(x, y);
    00000D05 C5               [11] 3706 	push	bc
    00000D06 D5               [11] 3707 	push	de
    00000D07 69               [ 4] 3708 	ld	l, c
    00000D08 60               [ 4] 3709 	ld	h, b
    00000D09 CDrD9r0D         [17] 3710 	call	_ExplosionDestroyTilesAt
    00000D0C D1               [10] 3711 	pop	de
    00000D0D C1               [10] 3712 	pop	bc
                                   3713 ;./bluebakas.c:689: Pawn_SetPosition(&g_Explosion, (u8)x, (u8)y);
    00000D0E 43               [ 4] 3714 	ld	b, e
    00000D0F C5               [11] 3715 	push	bc
    00000D10 21r5Dr00         [10] 3716 	ld	hl, #_g_Explosion
    00000D13 CDr00r00         [17] 3717 	call	_Pawn_SetPosition
                                   3718 ;./bluebakas.c:690: Pawn_Enable(&g_Explosion);
                                   3719 ;C:\Users\Jummy\Downloads\MSXgl-1.5.0b\engine/src/game/pawn.h:437: inline void Pawn_Enable(Pawn* pawn) { Pawn_SetEnable(pawn, TRUE); }
    00000D16 3E 01            [ 7] 3720 	ld	a, #0x01
    00000D18 F5               [11] 3721 	push	af
    00000D19 33               [ 6] 3722 	inc	sp
    00000D1A 21r5Dr00         [10] 3723 	ld	hl, #_g_Explosion
    00000D1D CDr00r00         [17] 3724 	call	_Pawn_SetEnable
                                   3725 ;./bluebakas.c:692: g_ExplosionActive = TRUE;
    00000D20 21r04r00         [10] 3726 	ld	hl, #_g_ExplosionActive
    00000D23 36 01            [10] 3727 	ld	(hl), #0x01
                                   3728 ;./bluebakas.c:693: }
    00000D25 C9               [10] 3729 	ret
                                   3730 ;./bluebakas.c:695: void UpdateExplosion()
                                   3731 ;	---------------------------------
                                   3732 ; Function UpdateExplosion
                                   3733 ; ---------------------------------
    00000D26                       3734 _UpdateExplosion::
                                   3735 ;./bluebakas.c:697: if(!g_ExplosionActive)
    00000D26 3Ar04r00         [13] 3736 	ld	a, (_g_ExplosionActive+0)
    00000D29 B7               [ 4] 3737 	or	a, a
                                   3738 ;./bluebakas.c:698: return;
    00000D2A C8               [11] 3739 	ret	z
                                   3740 ;./bluebakas.c:700: Pawn_Update(&g_Explosion);
    00000D2B 21r5Dr00         [10] 3741 	ld	hl, #_g_Explosion
    00000D2E CDr00r00         [17] 3742 	call	_Pawn_Update
                                   3743 ;./bluebakas.c:701: Pawn_Draw(&g_Explosion);
    00000D31 21r5Dr00         [10] 3744 	ld	hl, #_g_Explosion
    00000D34 CDr00r00         [17] 3745 	call	_Pawn_Draw
                                   3746 ;./bluebakas.c:705: if(!g_LaserActive && !g_LaserErasing)
    00000D37 3Ar16r00         [13] 3747 	ld	a, (_g_LaserActive+0)
    00000D3A B7               [ 4] 3748 	or	a, a
    00000D3B C0               [11] 3749 	ret	nz
    00000D3C 3Ar17r00         [13] 3750 	ld	a, (_g_LaserErasing+0)
    00000D3F B7               [ 4] 3751 	or	a, a
    00000D40 C0               [11] 3752 	ret	nz
                                   3753 ;./bluebakas.c:707: Pawn_Disable(&g_Explosion);
                                   3754 ;C:\Users\Jummy\Downloads\MSXgl-1.5.0b\engine/src/game/pawn.h:430: inline void Pawn_Disable(Pawn* pawn) { Pawn_SetEnable(pawn, FALSE); }
    00000D41 AF               [ 4] 3755 	xor	a, a
    00000D42 F5               [11] 3756 	push	af
    00000D43 33               [ 6] 3757 	inc	sp
    00000D44 21r5Dr00         [10] 3758 	ld	hl, #_g_Explosion
    00000D47 CDr00r00         [17] 3759 	call	_Pawn_SetEnable
                                   3760 ;./bluebakas.c:708: g_ExplosionActive = FALSE;
    00000D4A AF               [ 4] 3761 	xor	a, a
    00000D4B 32r04r00         [13] 3762 	ld	(#_g_ExplosionActive), a
                                   3763 ;./bluebakas.c:710: }
    00000D4E C9               [10] 3764 	ret
                                   3765 ;./bluebakas.c:716: u16 GetMapIndex(u8 tx, u8 ty)
                                   3766 ;	---------------------------------
                                   3767 ; Function GetMapIndex
                                   3768 ; ---------------------------------
    00000D4F                       3769 _GetMapIndex::
                                   3770 ;./bluebakas.c:718: return (ty * PLAYFIELD_W) + tx;
    00000D4F 26 00            [ 7] 3771 	ld	h, #0x00
    00000D51 29               [11] 3772 	add	hl, hl
    00000D52 29               [11] 3773 	add	hl, hl
    00000D53 29               [11] 3774 	add	hl, hl
    00000D54 29               [11] 3775 	add	hl, hl
    00000D55 29               [11] 3776 	add	hl, hl
    00000D56 4F               [ 4] 3777 	ld	c, a
    00000D57 06 00            [ 7] 3778 	ld	b, #0x00
    00000D59 09               [11] 3779 	add	hl, bc
    00000D5A EB               [ 4] 3780 	ex	de, hl
                                   3781 ;./bluebakas.c:719: }
    00000D5B C9               [10] 3782 	ret
                                   3783 ;./bluebakas.c:721: u8 GetMapTile(u8 tx, u8 ty)
                                   3784 ;	---------------------------------
                                   3785 ; Function GetMapTile
                                   3786 ; ---------------------------------
    00000D5C                       3787 _GetMapTile::
                                   3788 ;./bluebakas.c:723: if(tx >= PLAYFIELD_W || ty >= PLAYFIELD_H)
    00000D5C 4F               [ 4] 3789 	ld	c, a
    00000D5D D6 20            [ 7] 3790 	sub	a, #0x20
    00000D5F 30 05            [12] 3791 	jr	nc, 00101$
    00000D61 7D               [ 4] 3792 	ld	a, l
    00000D62 D6 16            [ 7] 3793 	sub	a, #0x16
    00000D64 38 03            [12] 3794 	jr	c, 00102$
    00000D66                       3795 00101$:
                                   3796 ;./bluebakas.c:724: return TILE_SOLID;
    00000D66 3E 01            [ 7] 3797 	ld	a, #0x01
    00000D68 C9               [10] 3798 	ret
    00000D69                       3799 00102$:
                                   3800 ;./bluebakas.c:726: return g_RamMap[GetMapIndex(tx, ty)];
    00000D69 79               [ 4] 3801 	ld	a, c
    00000D6A CDr4Fr0D         [17] 3802 	call	_GetMapIndex
    00000D6D 21r74r00         [10] 3803 	ld	hl, #_g_RamMap
    00000D70 19               [11] 3804 	add	hl, de
    00000D71 7E               [ 7] 3805 	ld	a, (hl)
                                   3806 ;./bluebakas.c:727: }
    00000D72 C9               [10] 3807 	ret
                                   3808 ;./bluebakas.c:729: u8 GetOriginalMapTile(u8 tx, u8 ty)
                                   3809 ;	---------------------------------
                                   3810 ; Function GetOriginalMapTile
                                   3811 ; ---------------------------------
    00000D73                       3812 _GetOriginalMapTile::
                                   3813 ;./bluebakas.c:734: if(tx >= PLAYFIELD_W || ty >= PLAYFIELD_H)
    00000D73 4F               [ 4] 3814 	ld	c, a
    00000D74 D6 20            [ 7] 3815 	sub	a, #0x20
    00000D76 30 05            [12] 3816 	jr	nc, 00101$
    00000D78 7D               [ 4] 3817 	ld	a, l
    00000D79 D6 16            [ 7] 3818 	sub	a, #0x16
    00000D7B 38 03            [12] 3819 	jr	c, 00102$
    00000D7D                       3820 00101$:
                                   3821 ;./bluebakas.c:735: return TILE_SOLID;
    00000D7D 3E 01            [ 7] 3822 	ld	a, #0x01
    00000D7F C9               [10] 3823 	ret
    00000D80                       3824 00102$:
                                   3825 ;./bluebakas.c:737: index = GetMapIndex(tx, ty);
    00000D80 79               [ 4] 3826 	ld	a, c
    00000D81 CDr4Fr0D         [17] 3827 	call	_GetMapIndex
                                   3828 ;./bluebakas.c:738: tile = g_Map[index];
    00000D84 21r9Er03         [10] 3829 	ld	hl, #_g_Map+0
    00000D87 19               [11] 3830 	add	hl, de
    00000D88 7E               [ 7] 3831 	ld	a, (hl)
                                   3832 ;./bluebakas.c:742: if(tile == TILE_REPAIR_ROBOT)
    00000D89 FE 02            [ 7] 3833 	cp	a, #0x02
    00000D8B C0               [11] 3834 	ret	nz
                                   3835 ;./bluebakas.c:743: return TILE_EMPTY;
    00000D8C AF               [ 4] 3836 	xor	a, a
                                   3837 ;./bluebakas.c:745: return tile;
                                   3838 ;./bluebakas.c:746: }
    00000D8D C9               [10] 3839 	ret
                                   3840 ;./bluebakas.c:748: void SetMapTile(u8 tx, u8 ty, u8 tile)
                                   3841 ;	---------------------------------
                                   3842 ; Function SetMapTile
                                   3843 ; ---------------------------------
    00000D8E                       3844 _SetMapTile::
    00000D8E DD E5            [15] 3845 	push	ix
    00000D90 DD 21 00 00      [14] 3846 	ld	ix,	#0
    00000D94 DD 39            [15] 3847 	add	ix, sp
                                   3848 ;./bluebakas.c:752: if(tx >= PLAYFIELD_W || ty >= PLAYFIELD_H)
    00000D96 4F               [ 4] 3849 	ld	c, a
    00000D97 D6 20            [ 7] 3850 	sub	a, #0x20
    00000D99 30 21            [12] 3851 	jr	nc, 00105$
    00000D9B 7D               [ 4] 3852 	ld	a, l
    00000D9C D6 16            [ 7] 3853 	sub	a, #0x16
                                   3854 ;./bluebakas.c:753: return;
    00000D9E 30 1C            [12] 3855 	jr	nc, 00105$
                                   3856 ;./bluebakas.c:755: index = GetMapIndex(tx, ty);
    00000DA0 79               [ 4] 3857 	ld	a, c
    00000DA1 CDr4Fr0D         [17] 3858 	call	_GetMapIndex
                                   3859 ;./bluebakas.c:757: g_RamMap[index] = tile;
    00000DA4 21r74r00         [10] 3860 	ld	hl, #_g_RamMap+0
    00000DA7 19               [11] 3861 	add	hl, de
    00000DA8 4D               [ 4] 3862 	ld	c, l
    00000DA9 44               [ 4] 3863 	ld	b, h
    00000DAA DD 7E 04         [19] 3864 	ld	a, 4 (ix)
    00000DAD 02               [ 7] 3865 	ld	(bc), a
                                   3866 ;C:\Users\Jummy\Downloads\MSXgl-1.5.0b\engine/src/vdp.h:1027: inline VADDR VDP_GetLayoutTable() { return VADDR_GET(g_ScreenLayoutLow, g_ScreenLayoutHigh); }
    00000DAE 2Ar00r00         [16] 3867 	ld	hl, (_g_ScreenLayoutLow)
                                   3868 ;./bluebakas.c:761: VDP_GetLayoutTable() + index,
    00000DB1 19               [11] 3869 	add	hl, de
    00000DB2 EB               [ 4] 3870 	ex	de, hl
                                   3871 ;./bluebakas.c:760: &g_RamMap[index],
    00000DB3 21 01 00         [10] 3872 	ld	hl, #0x0001
    00000DB6 E5               [11] 3873 	push	hl
    00000DB7 69               [ 4] 3874 	ld	l, c
    00000DB8 60               [ 4] 3875 	ld	h, b
    00000DB9 CDr00r00         [17] 3876 	call	_VDP_WriteVRAM_16K
    00000DBC                       3877 00105$:
                                   3878 ;./bluebakas.c:764: }
    00000DBC DD E1            [14] 3879 	pop	ix
    00000DBE E1               [10] 3880 	pop	hl
    00000DBF 33               [ 6] 3881 	inc	sp
    00000DC0 E9               [ 4] 3882 	jp	(hl)
                                   3883 ;./bluebakas.c:766: bool IsDestroyableTile(u8 tile)
                                   3884 ;	---------------------------------
                                   3885 ; Function IsDestroyableTile
                                   3886 ; ---------------------------------
    00000DC1                       3887 _IsDestroyableTile::
                                   3888 ;./bluebakas.c:774: return tile != TILE_EMPTY && tile != TILE_REPAIR_ROBOT;
    00000DC1 B7               [ 4] 3889 	or	a, a
    00000DC2 28 04            [12] 3890 	jr	z, 00103$
    00000DC4 FE 02            [ 7] 3891 	cp	a, #0x02
    00000DC6 20 02            [12] 3892 	jr	nz, 00104$
    00000DC8                       3893 00103$:
    00000DC8 AF               [ 4] 3894 	xor	a, a
    00000DC9 C9               [10] 3895 	ret
    00000DCA                       3896 00104$:
    00000DCA 3E 01            [ 7] 3897 	ld	a, #0x01
                                   3898 ;./bluebakas.c:775: }
    00000DCC C9               [10] 3899 	ret
                                   3900 ;./bluebakas.c:777: bool IsExplosionDestroyableTile(u8 tile)
                                   3901 ;	---------------------------------
                                   3902 ; Function IsExplosionDestroyableTile
                                   3903 ; ---------------------------------
    00000DCD                       3904 _IsExplosionDestroyableTile::
                                   3905 ;./bluebakas.c:782: return tile != TILE_EMPTY && tile != TILE_REPAIR_ROBOT;
    00000DCD B7               [ 4] 3906 	or	a, a
    00000DCE 28 04            [12] 3907 	jr	z, 00103$
    00000DD0 FE 02            [ 7] 3908 	cp	a, #0x02
    00000DD2 20 02            [12] 3909 	jr	nz, 00104$
    00000DD4                       3910 00103$:
    00000DD4 AF               [ 4] 3911 	xor	a, a
    00000DD5 C9               [10] 3912 	ret
    00000DD6                       3913 00104$:
    00000DD6 3E 01            [ 7] 3914 	ld	a, #0x01
                                   3915 ;./bluebakas.c:783: }
    00000DD8 C9               [10] 3916 	ret
                                   3917 ;./bluebakas.c:785: void ExplosionDestroyTilesAt(i16 x, i16 y)
                                   3918 ;	---------------------------------
                                   3919 ; Function ExplosionDestroyTilesAt
                                   3920 ; ---------------------------------
    00000DD9                       3921 _ExplosionDestroyTilesAt::
    00000DD9 DD E5            [15] 3922 	push	ix
    00000DDB DD 21 00 00      [14] 3923 	ld	ix,	#0
    00000DDF DD 39            [15] 3924 	add	ix, sp
    00000DE1 3B               [ 6] 3925 	dec	sp
                                   3926 ;./bluebakas.c:797: if(x < 0)
    00000DE2 44               [ 4] 3927 	ld	b, h
    00000DE3 CB 78            [ 8] 3928 	bit	7, b
    00000DE5 28 03            [12] 3929 	jr	z, 00102$
                                   3930 ;./bluebakas.c:798: x = 0;
    00000DE7 21 00 00         [10] 3931 	ld	hl, #0x0000
    00000DEA                       3932 00102$:
                                   3933 ;./bluebakas.c:800: if(y < 0)
    00000DEA 42               [ 4] 3934 	ld	b, d
    00000DEB CB 78            [ 8] 3935 	bit	7, b
    00000DED 28 03            [12] 3936 	jr	z, 00104$
                                   3937 ;./bluebakas.c:801: y = 0;
    00000DEF 11 00 00         [10] 3938 	ld	de, #0x0000
    00000DF2                       3939 00104$:
                                   3940 ;./bluebakas.c:803: tx0 = (u8)(x >> 3);
    00000DF2 7D               [ 4] 3941 	ld	a, l
    00000DF3 4C               [ 4] 3942 	ld	c, h
    00000DF4 CB 29            [ 8] 3943 	sra	c
    00000DF6 CB 1F            [ 8] 3944 	rr	a
    00000DF8 CB 29            [ 8] 3945 	sra	c
    00000DFA CB 1F            [ 8] 3946 	rr	a
    00000DFC CB 29            [ 8] 3947 	sra	c
    00000DFE CB 1F            [ 8] 3948 	rr	a
    00000E00 DD 77 FF         [19] 3949 	ld	-1 (ix), a
                                   3950 ;./bluebakas.c:804: ty0 = (u8)(y >> 3);
    00000E03 4B               [ 4] 3951 	ld	c, e
    00000E04 7A               [ 4] 3952 	ld	a, d
    00000E05 CB 2F            [ 8] 3953 	sra	a
    00000E07 CB 19            [ 8] 3954 	rr	c
    00000E09 CB 2F            [ 8] 3955 	sra	a
    00000E0B CB 19            [ 8] 3956 	rr	c
    00000E0D CB 2F            [ 8] 3957 	sra	a
    00000E0F CB 19            [ 8] 3958 	rr	c
                                   3959 ;./bluebakas.c:806: tx1 = (u8)((x + 15) >> 3);
    00000E11 D5               [11] 3960 	push	de
    00000E12 11 0F 00         [10] 3961 	ld	de, #0x000f
    00000E15 19               [11] 3962 	add	hl, de
    00000E16 D1               [10] 3963 	pop	de
    00000E17 CB 2C            [ 8] 3964 	sra	h
    00000E19 CB 1D            [ 8] 3965 	rr	l
    00000E1B CB 2C            [ 8] 3966 	sra	h
    00000E1D CB 1D            [ 8] 3967 	rr	l
    00000E1F CB 2C            [ 8] 3968 	sra	h
    00000E21 CB 1D            [ 8] 3969 	rr	l
    00000E23 45               [ 4] 3970 	ld	b, l
                                   3971 ;./bluebakas.c:807: ty1 = (u8)((y + 15) >> 3);
    00000E24 21 0F 00         [10] 3972 	ld	hl, #0x000f
    00000E27 19               [11] 3973 	add	hl, de
    00000E28 EB               [ 4] 3974 	ex	de, hl
    00000E29 CB 2A            [ 8] 3975 	sra	d
    00000E2B CB 1B            [ 8] 3976 	rr	e
    00000E2D CB 2A            [ 8] 3977 	sra	d
    00000E2F CB 1B            [ 8] 3978 	rr	e
    00000E31 CB 2A            [ 8] 3979 	sra	d
    00000E33 CB 1B            [ 8] 3980 	rr	e
                                   3981 ;./bluebakas.c:809: if(tx1 >= PLAYFIELD_W)
    00000E35 78               [ 4] 3982 	ld	a, b
    00000E36 D6 20            [ 7] 3983 	sub	a, #0x20
    00000E38 38 02            [12] 3984 	jr	c, 00106$
                                   3985 ;./bluebakas.c:810: tx1 = PLAYFIELD_W - 1;
    00000E3A 06 1F            [ 7] 3986 	ld	b, #0x1f
    00000E3C                       3987 00106$:
                                   3988 ;./bluebakas.c:812: if(ty1 >= PLAYFIELD_H)
    00000E3C 7B               [ 4] 3989 	ld	a, e
    00000E3D D6 16            [ 7] 3990 	sub	a, #0x16
    00000E3F 38 02            [12] 3991 	jr	c, 00138$
                                   3992 ;./bluebakas.c:813: ty1 = PLAYFIELD_H - 1;
    00000E41 1E 15            [ 7] 3993 	ld	e, #0x15
                                   3994 ;./bluebakas.c:815: for(ty = ty0; ty <= ty1; ty++)
    00000E43                       3995 00138$:
    00000E43                       3996 00117$:
    00000E43 7B               [ 4] 3997 	ld	a, e
    00000E44 91               [ 4] 3998 	sub	a, c
    00000E45 38 2A            [12] 3999 	jr	c, 00119$
                                   4000 ;./bluebakas.c:817: for(tx = tx0; tx <= tx1; tx++)
    00000E47 DD 56 FF         [19] 4001 	ld	d, -1 (ix)
    00000E4A                       4002 00114$:
    00000E4A 78               [ 4] 4003 	ld	a, b
    00000E4B 92               [ 4] 4004 	sub	a, d
    00000E4C 38 1F            [12] 4005 	jr	c, 00118$
                                   4006 ;./bluebakas.c:819: tile = GetMapTile(tx, ty);
    00000E4E C5               [11] 4007 	push	bc
    00000E4F D5               [11] 4008 	push	de
    00000E50 69               [ 4] 4009 	ld	l, c
    00000E51 7A               [ 4] 4010 	ld	a, d
    00000E52 CDr5Cr0D         [17] 4011 	call	_GetMapTile
                                   4012 ;./bluebakas.c:821: if(IsExplosionDestroyableTile(tile))
    00000E55 CDrCDr0D         [17] 4013 	call	_IsExplosionDestroyableTile
    00000E58 D1               [10] 4014 	pop	de
    00000E59 C1               [10] 4015 	pop	bc
    00000E5A B7               [ 4] 4016 	or	a, a
    00000E5B 28 0C            [12] 4017 	jr	z, 00115$
                                   4018 ;./bluebakas.c:823: SetMapTile(tx, ty, TILE_EMPTY);
    00000E5D C5               [11] 4019 	push	bc
    00000E5E D5               [11] 4020 	push	de
    00000E5F AF               [ 4] 4021 	xor	a, a
    00000E60 F5               [11] 4022 	push	af
    00000E61 33               [ 6] 4023 	inc	sp
    00000E62 69               [ 4] 4024 	ld	l, c
    00000E63 7A               [ 4] 4025 	ld	a, d
    00000E64 CDr8Er0D         [17] 4026 	call	_SetMapTile
    00000E67 D1               [10] 4027 	pop	de
    00000E68 C1               [10] 4028 	pop	bc
    00000E69                       4029 00115$:
                                   4030 ;./bluebakas.c:817: for(tx = tx0; tx <= tx1; tx++)
    00000E69 14               [ 4] 4031 	inc	d
    00000E6A C3r4Ar0E         [10] 4032 	jp	00114$
    00000E6D                       4033 00118$:
                                   4034 ;./bluebakas.c:815: for(ty = ty0; ty <= ty1; ty++)
    00000E6D 0C               [ 4] 4035 	inc	c
    00000E6E C3r43r0E         [10] 4036 	jp	00117$
    00000E71                       4037 00119$:
                                   4038 ;./bluebakas.c:827: }
    00000E71 33               [ 6] 4039 	inc	sp
    00000E72 DD E1            [14] 4040 	pop	ix
    00000E74 C9               [10] 4041 	ret
                                   4042 ;./bluebakas.c:833: void InitRepairRobot()
                                   4043 ;	---------------------------------
                                   4044 ; Function InitRepairRobot
                                   4045 ; ---------------------------------
    00000E75                       4046 _InitRepairRobot::
                                   4047 ;./bluebakas.c:841: for(index = 0; index < PLAYFIELD_SIZE; index++)
    00000E75 01 00 00         [10] 4048 	ld	bc, #0x0000
    00000E78 50               [ 4] 4049 	ld	d, b
    00000E79 59               [ 4] 4050 	ld	e, c
    00000E7A                       4051 00104$:
                                   4052 ;./bluebakas.c:843: if(g_RamMap[index] == TILE_REPAIR_ROBOT)
    00000E7A 21r74r00         [10] 4053 	ld	hl, #_g_RamMap
    00000E7D 19               [11] 4054 	add	hl, de
    00000E7E 7E               [ 7] 4055 	ld	a, (hl)
    00000E7F FE 02            [ 7] 4056 	cp	a, #0x02
    00000E81 20 31            [12] 4057 	jr	nz, 00105$
                                   4058 ;./bluebakas.c:845: g_RobotTileX = index & 31;
    00000E83 79               [ 4] 4059 	ld	a, c
    00000E84 E6 1F            [ 7] 4060 	and	a, #0x1f
    00000E86 32r11r00         [13] 4061 	ld	(#_g_RobotTileX), a
                                   4062 ;./bluebakas.c:846: g_RobotTileY = index >> 5;
    00000E89 CB 38            [ 8] 4063 	srl	b
    00000E8B CB 19            [ 8] 4064 	rr	c
    00000E8D CB 38            [ 8] 4065 	srl	b
    00000E8F CB 19            [ 8] 4066 	rr	c
    00000E91 CB 38            [ 8] 4067 	srl	b
    00000E93 CB 19            [ 8] 4068 	rr	c
    00000E95 CB 38            [ 8] 4069 	srl	b
    00000E97 CB 19            [ 8] 4070 	rr	c
    00000E99 CB 38            [ 8] 4071 	srl	b
    00000E9B CB 19            [ 8] 4072 	rr	c
    00000E9D 21r12r00         [10] 4073 	ld	hl, #_g_RobotTileY
    00000EA0 71               [ 7] 4074 	ld	(hl), c
                                   4075 ;./bluebakas.c:850: g_RobotUnderTile = TILE_EMPTY;
    00000EA1 AF               [ 4] 4076 	xor	a, a
    00000EA2 32r13r00         [13] 4077 	ld	(#_g_RobotUnderTile), a
                                   4078 ;./bluebakas.c:852: SetMapTile(g_RobotTileX, g_RobotTileY, TILE_REPAIR_ROBOT);
    00000EA5 3E 02            [ 7] 4079 	ld	a, #0x02
    00000EA7 F5               [11] 4080 	push	af
    00000EA8 33               [ 6] 4081 	inc	sp
    00000EA9 3Ar12r00         [13] 4082 	ld	a, (_g_RobotTileY)
    00000EAC 6F               [ 4] 4083 	ld	l, a
    00000EAD 3Ar11r00         [13] 4084 	ld	a, (_g_RobotTileX)
    00000EB0 CDr8Er0D         [17] 4085 	call	_SetMapTile
                                   4086 ;./bluebakas.c:853: return;
    00000EB3 C9               [10] 4087 	ret
    00000EB4                       4088 00105$:
                                   4089 ;./bluebakas.c:841: for(index = 0; index < PLAYFIELD_SIZE; index++)
    00000EB4 13               [ 6] 4090 	inc	de
    00000EB5 4B               [ 4] 4091 	ld	c, e
    00000EB6 42               [ 4] 4092 	ld	b, d
    00000EB7 6B               [ 4] 4093 	ld	l, e
    00000EB8 62               [ 4] 4094 	ld	h, d
    00000EB9 7D               [ 4] 4095 	ld	a, l
    00000EBA D6 C0            [ 7] 4096 	sub	a, #0xc0
    00000EBC 7C               [ 4] 4097 	ld	a, h
    00000EBD DE 02            [ 7] 4098 	sbc	a, #0x02
    00000EBF 38 B9            [12] 4099 	jr	c, 00104$
                                   4100 ;./bluebakas.c:861: g_RobotTileX = tx;
    00000EC1 21r11r00         [10] 4101 	ld	hl, #_g_RobotTileX
    00000EC4 36 0A            [10] 4102 	ld	(hl), #0x0a
                                   4103 ;./bluebakas.c:862: g_RobotTileY = ty;
    00000EC6 21r12r00         [10] 4104 	ld	hl, #_g_RobotTileY
    00000EC9 36 15            [10] 4105 	ld	(hl), #0x15
                                   4106 ;./bluebakas.c:863: g_RobotUnderTile = GetMapTile(tx, ty);
    00000ECB 2E 15            [ 7] 4107 	ld	l, #0x15
    00000ECD 3E 0A            [ 7] 4108 	ld	a, #0x0a
    00000ECF CDr5Cr0D         [17] 4109 	call	_GetMapTile
    00000ED2 32r13r00         [13] 4110 	ld	(#_g_RobotUnderTile), a
                                   4111 ;./bluebakas.c:865: SetMapTile(g_RobotTileX, g_RobotTileY, TILE_REPAIR_ROBOT);
    00000ED5 3E 02            [ 7] 4112 	ld	a, #0x02
    00000ED7 F5               [11] 4113 	push	af
    00000ED8 33               [ 6] 4114 	inc	sp
    00000ED9 3Ar12r00         [13] 4115 	ld	a, (_g_RobotTileY)
    00000EDC 6F               [ 4] 4116 	ld	l, a
    00000EDD 3Ar11r00         [13] 4117 	ld	a, (_g_RobotTileX)
    00000EE0 CDr8Er0D         [17] 4118 	call	_SetMapTile
                                   4119 ;./bluebakas.c:866: }
    00000EE3 C9               [10] 4120 	ret
                                   4121 ;./bluebakas.c:868: void MoveRepairRobot(i8 dx, i8 dy)
                                   4122 ;	---------------------------------
                                   4123 ; Function MoveRepairRobot
                                   4124 ; ---------------------------------
    00000EE4                       4125 _MoveRepairRobot::
    00000EE4 DD E5            [15] 4126 	push	ix
    00000EE6 DD 21 00 00      [14] 4127 	ld	ix,	#0
    00000EEA DD 39            [15] 4128 	add	ix, sp
    00000EEC F5               [11] 4129 	push	af
    00000EED 5F               [ 4] 4130 	ld	e, a
    00000EEE 4D               [ 4] 4131 	ld	c, l
                                   4132 ;./bluebakas.c:873: newX = (i16)g_RobotTileX + dx;
    00000EEF 3Ar11r00         [13] 4133 	ld	a, (_g_RobotTileX)
    00000EF2 6F               [ 4] 4134 	ld	l, a
    00000EF3 7B               [ 4] 4135 	ld	a, e
    00000EF4 07               [ 4] 4136 	rlca
    00000EF5 9F               [ 4] 4137 	sbc	a, a
    00000EF6 57               [ 4] 4138 	ld	d, a
    00000EF7 26 00            [ 7] 4139 	ld	h, #0x00
    00000EF9 19               [11] 4140 	add	hl, de
    00000EFA EB               [ 4] 4141 	ex	de, hl
                                   4142 ;./bluebakas.c:874: newY = (i16)g_RobotTileY + dy;
    00000EFB 3Ar12r00         [13] 4143 	ld	a, (_g_RobotTileY)
    00000EFE 6F               [ 4] 4144 	ld	l, a
    00000EFF 79               [ 4] 4145 	ld	a, c
    00000F00 07               [ 4] 4146 	rlca
    00000F01 9F               [ 4] 4147 	sbc	a, a
    00000F02 47               [ 4] 4148 	ld	b, a
    00000F03 26 00            [ 7] 4149 	ld	h, #0x00
    00000F05 09               [11] 4150 	add	hl, bc
    00000F06 E3               [19] 4151 	ex	(sp), hl
                                   4152 ;./bluebakas.c:876: if(newX < 0 || newY < 0 || newX >= PLAYFIELD_W || newY >= PLAYFIELD_H)
    00000F07 4B               [ 4] 4153 	ld	c, e
    00000F08 42               [ 4] 4154 	ld	b, d
    00000F09 CB 78            [ 8] 4155 	bit	7, b
    00000F0B 20 4C            [12] 4156 	jr	nz, 00106$
    00000F0D E1               [10] 4157 	pop	hl
    00000F0E E5               [11] 4158 	push	hl
    00000F0F CB 7C            [ 8] 4159 	bit	7, h
    00000F11 20 46            [12] 4160 	jr	nz, 00106$
    00000F13 79               [ 4] 4161 	ld	a, c
    00000F14 D6 20            [ 7] 4162 	sub	a, #0x20
    00000F16 78               [ 4] 4163 	ld	a, b
    00000F17 DE 00            [ 7] 4164 	sbc	a, #0x00
    00000F19 30 3E            [12] 4165 	jr	nc, 00106$
    00000F1B 7D               [ 4] 4166 	ld	a, l
    00000F1C D6 16            [ 7] 4167 	sub	a, #0x16
    00000F1E 7C               [ 4] 4168 	ld	a, h
    00000F1F DE 00            [ 7] 4169 	sbc	a, #0x00
                                   4170 ;./bluebakas.c:877: return;
    00000F21 30 36            [12] 4171 	jr	nc, 00106$
                                   4172 ;./bluebakas.c:880: SetMapTile(g_RobotTileX, g_RobotTileY, g_RobotUnderTile);
    00000F23 D5               [11] 4173 	push	de
    00000F24 3Ar13r00         [13] 4174 	ld	a, (_g_RobotUnderTile)
    00000F27 F5               [11] 4175 	push	af
    00000F28 33               [ 6] 4176 	inc	sp
    00000F29 3Ar12r00         [13] 4177 	ld	a, (_g_RobotTileY)
    00000F2C 6F               [ 4] 4178 	ld	l, a
    00000F2D 3Ar11r00         [13] 4179 	ld	a, (_g_RobotTileX)
    00000F30 CDr8Er0D         [17] 4180 	call	_SetMapTile
    00000F33 D1               [10] 4181 	pop	de
                                   4182 ;./bluebakas.c:883: g_RobotTileX = (u8)newX;
    00000F34 21r11r00         [10] 4183 	ld	hl, #_g_RobotTileX
    00000F37 73               [ 7] 4184 	ld	(hl), e
                                   4185 ;./bluebakas.c:884: g_RobotTileY = (u8)newY;
    00000F38 DD 7E FE         [19] 4186 	ld	a, -2 (ix)
    00000F3B 32r12r00         [13] 4187 	ld	(#_g_RobotTileY), a
                                   4188 ;./bluebakas.c:887: g_RobotUnderTile = GetMapTile(g_RobotTileX, g_RobotTileY);
    00000F3E 3Ar12r00         [13] 4189 	ld	a, (_g_RobotTileY)
    00000F41 6F               [ 4] 4190 	ld	l, a
    00000F42 3Ar11r00         [13] 4191 	ld	a, (_g_RobotTileX)
    00000F45 CDr5Cr0D         [17] 4192 	call	_GetMapTile
    00000F48 32r13r00         [13] 4193 	ld	(#_g_RobotUnderTile), a
                                   4194 ;./bluebakas.c:890: SetMapTile(g_RobotTileX, g_RobotTileY, TILE_REPAIR_ROBOT);
    00000F4B 3E 02            [ 7] 4195 	ld	a, #0x02
    00000F4D F5               [11] 4196 	push	af
    00000F4E 33               [ 6] 4197 	inc	sp
    00000F4F 3Ar12r00         [13] 4198 	ld	a, (_g_RobotTileY)
    00000F52 6F               [ 4] 4199 	ld	l, a
    00000F53 3Ar11r00         [13] 4200 	ld	a, (_g_RobotTileX)
    00000F56 CDr8Er0D         [17] 4201 	call	_SetMapTile
    00000F59                       4202 00106$:
                                   4203 ;./bluebakas.c:891: }
    00000F59 DD F9            [10] 4204 	ld	sp, ix
    00000F5B DD E1            [14] 4205 	pop	ix
    00000F5D C9               [10] 4206 	ret
                                   4207 ;./bluebakas.c:893: void RepairRobotTile()
                                   4208 ;	---------------------------------
                                   4209 ; Function RepairRobotTile
                                   4210 ; ---------------------------------
    00000F5E                       4211 _RepairRobotTile::
                                   4212 ;./bluebakas.c:898: if(Energy < REPAIR_COST)
    00000F5E 2Ar01r00         [16] 4213 	ld	hl, (_Energy)
    00000F61 11 14 00         [10] 4214 	ld	de, #0x0014
    00000F64 BF               [ 4] 4215 	cp	a, a
    00000F65 ED 52            [15] 4216 	sbc	hl, de
                                   4217 ;./bluebakas.c:899: return;
    00000F67 D8               [11] 4218 	ret	c
                                   4219 ;./bluebakas.c:901: originalTile = GetOriginalMapTile(g_RobotTileX, g_RobotTileY);
    00000F68 3Ar12r00         [13] 4220 	ld	a, (_g_RobotTileY)
    00000F6B 6F               [ 4] 4221 	ld	l, a
    00000F6C 3Ar11r00         [13] 4222 	ld	a, (_g_RobotTileX)
    00000F6F CDr73r0D         [17] 4223 	call	_GetOriginalMapTile
    00000F72 4F               [ 4] 4224 	ld	c, a
                                   4225 ;./bluebakas.c:909: if(originalTile != TILE_EMPTY)
    00000F73 B7               [ 4] 4226 	or	a, a
                                   4227 ;./bluebakas.c:910: buildTile = originalTile;
    00000F74 20 02            [12] 4228 	jr	nz, 00105$
                                   4229 ;./bluebakas.c:912: buildTile = TILE_SOLID; // Build anywhere, even where original map was empty.
    00000F76 0E 01            [ 7] 4230 	ld	c, #0x01
    00000F78                       4231 00105$:
                                   4232 ;./bluebakas.c:915: if(g_RobotUnderTile == buildTile)
    00000F78 3Ar13r00         [13] 4233 	ld	a, (_g_RobotUnderTile)
    00000F7B 91               [ 4] 4234 	sub	a, c
    00000F7C C8               [11] 4235 	ret	z
                                   4236 ;./bluebakas.c:916: return;
                                   4237 ;./bluebakas.c:920: g_RobotUnderTile = buildTile;
    00000F7D 21r13r00         [10] 4238 	ld	hl, #_g_RobotUnderTile
    00000F80 71               [ 7] 4239 	ld	(hl), c
                                   4240 ;./bluebakas.c:921: Energy -= REPAIR_COST;
    00000F81 2Ar01r00         [16] 4241 	ld	hl, (_Energy)
    00000F84 7D               [ 4] 4242 	ld	a, l
    00000F85 C6 EC            [ 7] 4243 	add	a, #0xec
    00000F87 6F               [ 4] 4244 	ld	l, a
    00000F88 7C               [ 4] 4245 	ld	a, h
    00000F89 CE FF            [ 7] 4246 	adc	a, #0xff
    00000F8B 67               [ 4] 4247 	ld	h, a
    00000F8C 22r01r00         [16] 4248 	ld	(_Energy), hl
                                   4249 ;./bluebakas.c:922: g_hasHUDChanged = TRUE;
    00000F8F 21r19r00         [10] 4250 	ld	hl, #_g_hasHUDChanged
    00000F92 36 01            [10] 4251 	ld	(hl), #0x01
                                   4252 ;./bluebakas.c:924: g_ShowGoodHit = FALSE;
    00000F94 AF               [ 4] 4253 	xor	a, a
    00000F95 32r18r00         [13] 4254 	ld	(#_g_ShowGoodHit), a
                                   4255 ;./bluebakas.c:925: DrawHUD();
    00000F98 CDr84r1E         [17] 4256 	call	_DrawHUD
                                   4257 ;./bluebakas.c:926: Print_DrawTextAt(23, 22, " BUILDING");
                                   4258 ;C:\Users\Jummy\Downloads\MSXgl-1.5.0b\engine/src/print.h:268: PRINT_DATA.CursorX = x;
    00000F9B 21r05r00         [10] 4259 	ld	hl, #_g_PrintData + 5
    00000F9E 36 17            [10] 4260 	ld	(hl), #0x17
                                   4261 ;C:\Users\Jummy\Downloads\MSXgl-1.5.0b\engine/src/print.h:269: PRINT_DATA.CursorY = y;
    00000FA0 21r06r00         [10] 4262 	ld	hl, #_g_PrintData + 6
    00000FA3 36 16            [10] 4263 	ld	(hl), #0x16
                                   4264 ;C:\Users\Jummy\Downloads\MSXgl-1.5.0b\engine/src/print.h:552: inline void Print_DrawTextAt(UX x, UY y, const c8* str) { Print_SetPosition(x, y); Print_DrawText(str); }
    00000FA5 21rABr0F         [10] 4265 	ld	hl, #___str_1
                                   4266 ;./bluebakas.c:926: Print_DrawTextAt(23, 22, " BUILDING");
                                   4267 ;./bluebakas.c:927: }
    00000FA8 C3r00r00         [10] 4268 	jp	_Print_DrawText
    00000FAB                       4269 ___str_1:
    00000FAB 20 42 55 49 4C 44 49  4270 	.ascii " BUILDING"
             4E 47
    00000FB4 00                    4271 	.db 0x00
                                   4272 ;./bluebakas.c:929: void UpdateRepairRobot()
                                   4273 ;	---------------------------------
                                   4274 ; Function UpdateRepairRobot
                                   4275 ; ---------------------------------
    00000FB5                       4276 _UpdateRepairRobot::
                                   4277 ;./bluebakas.c:934: row8 = Keyboard_Read(8);
    00000FB5 2E 08            [ 7] 4278 	ld	l, #0x08
    00000FB7 CDr00r00         [17] 4279 	call	_Keyboard_Read
    00000FBA 4D               [ 4] 4280 	ld	c, l
                                   4281 ;./bluebakas.c:936: spacePushed = IS_KEY_PUSHED(row8, g_KeyRow8Prev, KEY_SPACE);
    00000FBB CB 41            [ 8] 4282 	bit	0, c
    00000FBD 20 07            [12] 4283 	jr	nz, 00118$
    00000FBF 21r14r00         [10] 4284 	ld	hl, #_g_KeyRow8Prev
    00000FC2 CB 46            [12] 4285 	bit	0, (hl)
    00000FC4 20 04            [12] 4286 	jr	nz, 00119$
    00000FC6                       4287 00118$:
    00000FC6 AF               [ 4] 4288 	xor	a, a
    00000FC7 C3rCCr0F         [10] 4289 	jp	00120$
    00000FCA                       4290 00119$:
    00000FCA 3E 01            [ 7] 4291 	ld	a, #0x01
    00000FCC                       4292 00120$:
                                   4293 ;./bluebakas.c:938: if(spacePushed)
    00000FCC B7               [ 4] 4294 	or	a, a
    00000FCD 28 05            [12] 4295 	jr	z, 00102$
                                   4296 ;./bluebakas.c:940: RepairRobotTile();
    00000FCF C5               [11] 4297 	push	bc
    00000FD0 CDr5Er0F         [17] 4298 	call	_RepairRobotTile
    00000FD3 C1               [10] 4299 	pop	bc
    00000FD4                       4300 00102$:
                                   4301 ;./bluebakas.c:944: if(g_RobotMoveDelay > 0)
    00000FD4 3Ar15r00         [13] 4302 	ld	a, (_g_RobotMoveDelay+0)
    00000FD7 B7               [ 4] 4303 	or	a, a
    00000FD8 28 09            [12] 4304 	jr	z, 00104$
                                   4305 ;./bluebakas.c:946: g_RobotMoveDelay--;
    00000FDA 21r15r00         [10] 4306 	ld	hl, #_g_RobotMoveDelay
    00000FDD 35               [11] 4307 	dec	(hl)
                                   4308 ;./bluebakas.c:947: g_KeyRow8Prev = row8;
    00000FDE 21r14r00         [10] 4309 	ld	hl, #_g_KeyRow8Prev
    00000FE1 71               [ 7] 4310 	ld	(hl), c
                                   4311 ;./bluebakas.c:948: return;
    00000FE2 C9               [10] 4312 	ret
    00000FE3                       4313 00104$:
                                   4314 ;./bluebakas.c:951: if(IS_KEY_PRESSED(row8, KEY_LEFT))
    00000FE3 CB 61            [ 8] 4315 	bit	4, c
    00000FE5 20 11            [12] 4316 	jr	nz, 00114$
                                   4317 ;./bluebakas.c:953: MoveRepairRobot(-1, 0);
    00000FE7 C5               [11] 4318 	push	bc
    00000FE8 2E 00            [ 7] 4319 	ld	l, #0x00
    00000FEA 3E FF            [ 7] 4320 	ld	a, #0xff
    00000FEC CDrE4r0E         [17] 4321 	call	_MoveRepairRobot
    00000FEF C1               [10] 4322 	pop	bc
                                   4323 ;./bluebakas.c:954: g_RobotMoveDelay = 5;
    00000FF0 21r15r00         [10] 4324 	ld	hl, #_g_RobotMoveDelay
    00000FF3 36 05            [10] 4325 	ld	(hl), #0x05
    00000FF5 C3r32r10         [10] 4326 	jp	00115$
    00000FF8                       4327 00114$:
                                   4328 ;./bluebakas.c:956: else if(IS_KEY_PRESSED(row8, KEY_RIGHT))
    00000FF8 CB 79            [ 8] 4329 	bit	7, c
    00000FFA 20 11            [12] 4330 	jr	nz, 00111$
                                   4331 ;./bluebakas.c:958: MoveRepairRobot(1, 0);
    00000FFC C5               [11] 4332 	push	bc
    00000FFD 2E 00            [ 7] 4333 	ld	l, #0x00
    00000FFF 3E 01            [ 7] 4334 	ld	a, #0x01
    00001001 CDrE4r0E         [17] 4335 	call	_MoveRepairRobot
    00001004 C1               [10] 4336 	pop	bc
                                   4337 ;./bluebakas.c:959: g_RobotMoveDelay = 5;
    00001005 21r15r00         [10] 4338 	ld	hl, #_g_RobotMoveDelay
    00001008 36 05            [10] 4339 	ld	(hl), #0x05
    0000100A C3r32r10         [10] 4340 	jp	00115$
    0000100D                       4341 00111$:
                                   4342 ;./bluebakas.c:961: else if(IS_KEY_PRESSED(row8, KEY_UP))
    0000100D CB 69            [ 8] 4343 	bit	5, c
    0000100F 20 10            [12] 4344 	jr	nz, 00108$
                                   4345 ;./bluebakas.c:963: MoveRepairRobot(0, -1);
    00001011 C5               [11] 4346 	push	bc
    00001012 2E FF            [ 7] 4347 	ld	l, #0xff
    00001014 AF               [ 4] 4348 	xor	a, a
    00001015 CDrE4r0E         [17] 4349 	call	_MoveRepairRobot
    00001018 C1               [10] 4350 	pop	bc
                                   4351 ;./bluebakas.c:964: g_RobotMoveDelay = 5;
    00001019 21r15r00         [10] 4352 	ld	hl, #_g_RobotMoveDelay
    0000101C 36 05            [10] 4353 	ld	(hl), #0x05
    0000101E C3r32r10         [10] 4354 	jp	00115$
    00001021                       4355 00108$:
                                   4356 ;./bluebakas.c:966: else if(IS_KEY_PRESSED(row8, KEY_DOWN))
    00001021 CB 71            [ 8] 4357 	bit	6, c
    00001023 20 0D            [12] 4358 	jr	nz, 00115$
                                   4359 ;./bluebakas.c:968: MoveRepairRobot(0, 1);
    00001025 C5               [11] 4360 	push	bc
    00001026 2E 01            [ 7] 4361 	ld	l, #0x01
    00001028 AF               [ 4] 4362 	xor	a, a
    00001029 CDrE4r0E         [17] 4363 	call	_MoveRepairRobot
    0000102C C1               [10] 4364 	pop	bc
                                   4365 ;./bluebakas.c:969: g_RobotMoveDelay = 5;
    0000102D 21r15r00         [10] 4366 	ld	hl, #_g_RobotMoveDelay
    00001030 36 05            [10] 4367 	ld	(hl), #0x05
    00001032                       4368 00115$:
                                   4369 ;./bluebakas.c:972: g_KeyRow8Prev = row8;
    00001032 21r14r00         [10] 4370 	ld	hl, #_g_KeyRow8Prev
    00001035 71               [ 7] 4371 	ld	(hl), c
                                   4372 ;./bluebakas.c:973: }
    00001036 C9               [10] 4373 	ret
                                   4374 ;./bluebakas.c:979: bool HasLaserOnScreen()
                                   4375 ;	---------------------------------
                                   4376 ; Function HasLaserOnScreen
                                   4377 ; ---------------------------------
    00001037                       4378 _HasLaserOnScreen::
                                   4379 ;./bluebakas.c:983: for(index = 0; index < PLAYFIELD_SIZE; index++)
    00001037 01 00 00         [10] 4380 	ld	bc, #0x0000
    0000103A                       4381 00106$:
                                   4382 ;./bluebakas.c:985: if(g_RamMap[index] == TILE_LASER1)
    0000103A 21r74r00         [10] 4383 	ld	hl, #_g_RamMap
    0000103D 09               [11] 4384 	add	hl, bc
    0000103E 7E               [ 7] 4385 	ld	a, (hl)
    0000103F FE 18            [ 7] 4386 	cp	a, #0x18
    00001041 20 03            [12] 4387 	jr	nz, 00102$
                                   4388 ;./bluebakas.c:986: return TRUE;
    00001043 3E 01            [ 7] 4389 	ld	a, #0x01
    00001045 C9               [10] 4390 	ret
    00001046                       4391 00102$:
                                   4392 ;./bluebakas.c:988: if(g_RamMap[index] == TILE_LASER2)
    00001046 FE 11            [ 7] 4393 	cp	a, #0x11
    00001048 20 03            [12] 4394 	jr	nz, 00107$
                                   4395 ;./bluebakas.c:989: return TRUE;
    0000104A 3E 01            [ 7] 4396 	ld	a, #0x01
    0000104C C9               [10] 4397 	ret
    0000104D                       4398 00107$:
                                   4399 ;./bluebakas.c:983: for(index = 0; index < PLAYFIELD_SIZE; index++)
    0000104D 03               [ 6] 4400 	inc	bc
    0000104E 59               [ 4] 4401 	ld	e, c
    0000104F 50               [ 4] 4402 	ld	d, b
    00001050 7B               [ 4] 4403 	ld	a, e
    00001051 D6 C0            [ 7] 4404 	sub	a, #0xc0
    00001053 7A               [ 4] 4405 	ld	a, d
    00001054 DE 02            [ 7] 4406 	sbc	a, #0x02
    00001056 38 E2            [12] 4407 	jr	c, 00106$
                                   4408 ;./bluebakas.c:992: return FALSE;
    00001058 AF               [ 4] 4409 	xor	a, a
                                   4410 ;./bluebakas.c:993: }
    00001059 C9               [10] 4411 	ret
                                   4412 ;./bluebakas.c:995: bool CanFireLaser(u8 cannonX, u8 cannonY)
                                   4413 ;	---------------------------------
                                   4414 ; Function CanFireLaser
                                   4415 ; ---------------------------------
    0000105A                       4416 _CanFireLaser::
                                   4417 ;./bluebakas.c:998: if(GetMapTile(cannonX, cannonY) != TILE_CANNON)
    0000105A CDr5Cr0D         [17] 4418 	call	_GetMapTile
    0000105D FE 08            [ 7] 4419 	cp	a, #0x08
    0000105F 28 02            [12] 4420 	jr	z, 00102$
                                   4421 ;./bluebakas.c:999: return FALSE;
    00001061 AF               [ 4] 4422 	xor	a, a
    00001062 C9               [10] 4423 	ret
    00001063                       4424 00102$:
                                   4425 ;./bluebakas.c:1002: if(Energy < 50)
    00001063 2Ar01r00         [16] 4426 	ld	hl, (_Energy)
    00001066 11 32 00         [10] 4427 	ld	de, #0x0032
    00001069 BF               [ 4] 4428 	cp	a, a
    0000106A ED 52            [15] 4429 	sbc	hl, de
    0000106C 30 02            [12] 4430 	jr	nc, 00104$
                                   4431 ;./bluebakas.c:1003: return FALSE;
    0000106E AF               [ 4] 4432 	xor	a, a
    0000106F C9               [10] 4433 	ret
    00001070                       4434 00104$:
                                   4435 ;./bluebakas.c:1006: if(g_LaserActive)
    00001070 3Ar16r00         [13] 4436 	ld	a, (_g_LaserActive+0)
    00001073 B7               [ 4] 4437 	or	a, a
    00001074 28 02            [12] 4438 	jr	z, 00106$
                                   4439 ;./bluebakas.c:1007: return FALSE;
    00001076 AF               [ 4] 4440 	xor	a, a
    00001077 C9               [10] 4441 	ret
    00001078                       4442 00106$:
                                   4443 ;./bluebakas.c:1009: return TRUE;
    00001078 3E 01            [ 7] 4444 	ld	a, #0x01
                                   4445 ;./bluebakas.c:1010: }
    0000107A C9               [10] 4446 	ret
                                   4447 ;./bluebakas.c:1012: bool LaserHitsFuelAtTile(u8 tx, u8 ty)
                                   4448 ;	---------------------------------
                                   4449 ; Function LaserHitsFuelAtTile
                                   4450 ; ---------------------------------
    0000107B                       4451 _LaserHitsFuelAtTile::
    0000107B DD E5            [15] 4452 	push	ix
    0000107D DD 21 00 00      [14] 4453 	ld	ix,	#0
    00001081 DD 39            [15] 4454 	add	ix, sp
    00001083 FD 21 F4 FF      [14] 4455 	ld	iy, #-12
    00001087 FD 39            [15] 4456 	add	iy, sp
    00001089 FD F9            [10] 4457 	ld	sp, iy
    0000108B 4F               [ 4] 4458 	ld	c, a
    0000108C 5D               [ 4] 4459 	ld	e, l
                                   4460 ;./bluebakas.c:1024: if(!g_FuelActive)
    0000108D 3Ar03r00         [13] 4461 	ld	a, (_g_FuelActive+0)
                                   4462 ;./bluebakas.c:1025: return FALSE;
    00001090 B7               [ 4] 4463 	or	a,a
    00001091 CAr7Fr11         [10] 4464 	jp	z, 00111$
                                   4465 ;./bluebakas.c:1027: laserLeft = ((i16)tx) << 3;
    00001094 69               [ 4] 4466 	ld	l, c
    00001095 26 00            [ 7] 4467 	ld	h, #0x00
    00001097 29               [11] 4468 	add	hl, hl
    00001098 29               [11] 4469 	add	hl, hl
    00001099 29               [11] 4470 	add	hl, hl
    0000109A E3               [19] 4471 	ex	(sp), hl
                                   4472 ;./bluebakas.c:1028: laserTop = ((i16)ty) << 3;
    0000109B 16 00            [ 7] 4473 	ld	d, #0x00
    0000109D EB               [ 4] 4474 	ex	de, hl
    0000109E 29               [11] 4475 	add	hl, hl
    0000109F 29               [11] 4476 	add	hl, hl
    000010A0 29               [11] 4477 	add	hl, hl
    000010A1 EB               [ 4] 4478 	ex	de, hl
                                   4479 ;./bluebakas.c:1029: laserRight = laserLeft + 7;
    000010A2 C1               [10] 4480 	pop	bc
    000010A3 C5               [11] 4481 	push	bc
    000010A4 21 07 00         [10] 4482 	ld	hl, #0x0007
    000010A7 09               [11] 4483 	add	hl, bc
    000010A8 DD 75 F6         [19] 4484 	ld	-10 (ix), l
    000010AB DD 74 F7         [19] 4485 	ld	-9 (ix), h
                                   4486 ;./bluebakas.c:1030: laserBottom = laserTop + 7;
    000010AE 4B               [ 4] 4487 	ld	c, e
    000010AF 42               [ 4] 4488 	ld	b, d
    000010B0 21 07 00         [10] 4489 	ld	hl, #0x0007
    000010B3 09               [11] 4490 	add	hl, bc
    000010B4 DD 75 F8         [19] 4491 	ld	-8 (ix), l
    000010B7 DD 74 F9         [19] 4492 	ld	-7 (ix), h
                                   4493 ;./bluebakas.c:1032: fuelLeft = g_FuelXFix >> FIX_SHIFT;
    000010BA 2Ar05r00         [16] 4494 	ld	hl, (_g_FuelXFix)
    000010BD CB 2C            [ 8] 4495 	sra	h
    000010BF CB 1D            [ 8] 4496 	rr	l
    000010C1 CB 2C            [ 8] 4497 	sra	h
    000010C3 CB 1D            [ 8] 4498 	rr	l
    000010C5 CB 2C            [ 8] 4499 	sra	h
    000010C7 CB 1D            [ 8] 4500 	rr	l
    000010C9 CB 2C            [ 8] 4501 	sra	h
    000010CB CB 1D            [ 8] 4502 	rr	l
                                   4503 ;./bluebakas.c:1033: fuelTop = g_FuelYFix >> FIX_SHIFT;
    000010CD 3Ar07r00         [13] 4504 	ld	a, (_g_FuelYFix+0)
    000010D0 DD 77 FA         [19] 4505 	ld	-6 (ix), a
    000010D3 3Ar08r00         [13] 4506 	ld	a, (_g_FuelYFix+1)
    000010D6 DD 77 FB         [19] 4507 	ld	-5 (ix), a
    000010D9 DD CB FB 2E      [23] 4508 	sra	-5 (ix)
    000010DD DD CB FA 1E      [23] 4509 	rr	-6 (ix)
    000010E1 DD CB FB 2E      [23] 4510 	sra	-5 (ix)
    000010E5 DD CB FA 1E      [23] 4511 	rr	-6 (ix)
    000010E9 DD CB FB 2E      [23] 4512 	sra	-5 (ix)
    000010ED DD CB FA 1E      [23] 4513 	rr	-6 (ix)
    000010F1 DD CB FB 2E      [23] 4514 	sra	-5 (ix)
    000010F5 DD CB FA 1E      [23] 4515 	rr	-6 (ix)
                                   4516 ;./bluebakas.c:1034: fuelRight = fuelLeft + 7;
    000010F9 7D               [ 4] 4517 	ld	a, l
    000010FA 4C               [ 4] 4518 	ld	c, h
    000010FB C6 07            [ 7] 4519 	add	a, #0x07
    000010FD 47               [ 4] 4520 	ld	b, a
    000010FE 79               [ 4] 4521 	ld	a, c
    000010FF CE 00            [ 7] 4522 	adc	a, #0x00
    00001101 DD 70 FC         [19] 4523 	ld	-4 (ix), b
    00001104 DD 77 FD         [19] 4524 	ld	-3 (ix), a
                                   4525 ;./bluebakas.c:1035: fuelBottom = fuelTop + 7;
    00001107 DD 7E FA         [19] 4526 	ld	a, -6 (ix)
    0000110A DD 4E FB         [19] 4527 	ld	c, -5 (ix)
    0000110D C6 07            [ 7] 4528 	add	a, #0x07
    0000110F 47               [ 4] 4529 	ld	b, a
    00001110 79               [ 4] 4530 	ld	a, c
    00001111 CE 00            [ 7] 4531 	adc	a, #0x00
    00001113 DD 70 FE         [19] 4532 	ld	-2 (ix), b
    00001116 DD 77 FF         [19] 4533 	ld	-1 (ix), a
                                   4534 ;./bluebakas.c:1037: if(fuelRight < laserLeft)
    00001119 DD 7E FC         [19] 4535 	ld	a, -4 (ix)
    0000111C DD 96 F4         [19] 4536 	sub	a, -12 (ix)
    0000111F DD 7E FD         [19] 4537 	ld	a, -3 (ix)
    00001122 DD 9E F5         [19] 4538 	sbc	a, -11 (ix)
    00001125 E2r2Ar11         [10] 4539 	jp	po, 00153$
    00001128 EE 80            [ 7] 4540 	xor	a, #0x80
    0000112A                       4541 00153$:
    0000112A F2r31r11         [10] 4542 	jp	p, 00104$
                                   4543 ;./bluebakas.c:1038: return FALSE;
    0000112D AF               [ 4] 4544 	xor	a, a
    0000112E C3r7Fr11         [10] 4545 	jp	00111$
    00001131                       4546 00104$:
                                   4547 ;./bluebakas.c:1040: if(fuelLeft > laserRight)
    00001131 DD 7E F6         [19] 4548 	ld	a, -10 (ix)
    00001134 95               [ 4] 4549 	sub	a, l
    00001135 DD 7E F7         [19] 4550 	ld	a, -9 (ix)
    00001138 9C               [ 4] 4551 	sbc	a, h
    00001139 E2r3Er11         [10] 4552 	jp	po, 00154$
    0000113C EE 80            [ 7] 4553 	xor	a, #0x80
    0000113E                       4554 00154$:
    0000113E F2r45r11         [10] 4555 	jp	p, 00106$
                                   4556 ;./bluebakas.c:1041: return FALSE;
    00001141 AF               [ 4] 4557 	xor	a, a
    00001142 C3r7Fr11         [10] 4558 	jp	00111$
    00001145                       4559 00106$:
                                   4560 ;./bluebakas.c:1043: if(fuelBottom < laserTop)
    00001145 DD 7E FE         [19] 4561 	ld	a, -2 (ix)
    00001148 93               [ 4] 4562 	sub	a, e
    00001149 DD 7E FF         [19] 4563 	ld	a, -1 (ix)
    0000114C 9A               [ 4] 4564 	sbc	a, d
    0000114D E2r52r11         [10] 4565 	jp	po, 00155$
    00001150 EE 80            [ 7] 4566 	xor	a, #0x80
    00001152                       4567 00155$:
    00001152 F2r59r11         [10] 4568 	jp	p, 00108$
                                   4569 ;./bluebakas.c:1044: return FALSE;
    00001155 AF               [ 4] 4570 	xor	a, a
    00001156 C3r7Fr11         [10] 4571 	jp	00111$
    00001159                       4572 00108$:
                                   4573 ;./bluebakas.c:1046: if(fuelTop > laserBottom)
    00001159 DD 7E F8         [19] 4574 	ld	a, -8 (ix)
    0000115C DD 96 FA         [19] 4575 	sub	a, -6 (ix)
    0000115F DD 7E F9         [19] 4576 	ld	a, -7 (ix)
    00001162 DD 9E FB         [19] 4577 	sbc	a, -5 (ix)
    00001165 E2r6Ar11         [10] 4578 	jp	po, 00156$
    00001168 EE 80            [ 7] 4579 	xor	a, #0x80
    0000116A                       4580 00156$:
    0000116A F2r71r11         [10] 4581 	jp	p, 00110$
                                   4582 ;./bluebakas.c:1047: return FALSE;
    0000116D AF               [ 4] 4583 	xor	a, a
    0000116E C3r7Fr11         [10] 4584 	jp	00111$
    00001171                       4585 00110$:
                                   4586 ;./bluebakas.c:1049: StartExplosion(fuelLeft, fuelTop);
    00001171 DD 5E FA         [19] 4587 	ld	e, -6 (ix)
    00001174 DD 56 FB         [19] 4588 	ld	d, -5 (ix)
    00001177 CDrC9r0C         [17] 4589 	call	_StartExplosion
                                   4590 ;./bluebakas.c:1051: DespawnFuel();
    0000117A CDr70r0A         [17] 4591 	call	_DespawnFuel
                                   4592 ;./bluebakas.c:1053: return TRUE;
    0000117D 3E 01            [ 7] 4593 	ld	a, #0x01
    0000117F                       4594 00111$:
                                   4595 ;./bluebakas.c:1054: }
    0000117F DD F9            [10] 4596 	ld	sp, ix
    00001181 DD E1            [14] 4597 	pop	ix
    00001183 C9               [10] 4598 	ret
                                   4599 ;./bluebakas.c:1056: bool LaserHitsMeanieAtTile(u8 tx, u8 ty)
                                   4600 ;	---------------------------------
                                   4601 ; Function LaserHitsMeanieAtTile
                                   4602 ; ---------------------------------
    00001184                       4603 _LaserHitsMeanieAtTile::
    00001184 DD E5            [15] 4604 	push	ix
    00001186 DD 21 00 00      [14] 4605 	ld	ix,	#0
    0000118A DD 39            [15] 4606 	add	ix, sp
    0000118C FD 21 EE FF      [14] 4607 	ld	iy, #-18
    00001190 FD 39            [15] 4608 	add	iy, sp
    00001192 FD F9            [10] 4609 	ld	sp, iy
    00001194 DD 77 FE         [19] 4610 	ld	-2 (ix), a
    00001197 DD 75 FD         [19] 4611 	ld	-3 (ix), l
                                   4612 ;./bluebakas.c:1072: hit = FALSE;
    0000119A DD 36 EE 00      [19] 4613 	ld	-18 (ix), #0x00
                                   4614 ;./bluebakas.c:1074: laserLeft = ((i16)tx) << 3;
    0000119E DD 7E FE         [19] 4615 	ld	a, -2 (ix)
    000011A1 DD 77 FB         [19] 4616 	ld	-5 (ix), a
    000011A4 DD 36 FC 00      [19] 4617 	ld	-4 (ix), #0x00
    000011A8 DD 7E FB         [19] 4618 	ld	a, -5 (ix)
    000011AB DD 77 EF         [19] 4619 	ld	-17 (ix), a
    000011AE DD 36 F0 00      [19] 4620 	ld	-16 (ix), #0x00
    000011B2 06 03            [ 7] 4621 	ld	b, #0x03
    000011B4                       4622 00174$:
    000011B4 DD CB EF 26      [23] 4623 	sla	-17 (ix)
    000011B8 DD CB F0 16      [23] 4624 	rl	-16 (ix)
    000011BC 10 F6            [13] 4625 	djnz	00174$
                                   4626 ;./bluebakas.c:1075: laserTop = ((i16)ty) << 3;
    000011BE DD 7E FD         [19] 4627 	ld	a, -3 (ix)
    000011C1 DD 77 FB         [19] 4628 	ld	-5 (ix), a
    000011C4 DD 36 FC 00      [19] 4629 	ld	-4 (ix), #0x00
    000011C8 DD 7E FB         [19] 4630 	ld	a, -5 (ix)
    000011CB DD 77 F1         [19] 4631 	ld	-15 (ix), a
    000011CE DD 36 F2 00      [19] 4632 	ld	-14 (ix), #0x00
    000011D2 06 03            [ 7] 4633 	ld	b, #0x03
    000011D4                       4634 00175$:
    000011D4 DD CB F1 26      [23] 4635 	sla	-15 (ix)
    000011D8 DD CB F2 16      [23] 4636 	rl	-14 (ix)
    000011DC 10 F6            [13] 4637 	djnz	00175$
                                   4638 ;./bluebakas.c:1076: laserRight = laserLeft + 7;
    000011DE DD 7E EF         [19] 4639 	ld	a, -17 (ix)
    000011E1 DD 77 F9         [19] 4640 	ld	-7 (ix), a
    000011E4 DD 7E F0         [19] 4641 	ld	a, -16 (ix)
    000011E7 DD 77 FA         [19] 4642 	ld	-6 (ix), a
    000011EA 11 07 00         [10] 4643 	ld	de, #0x0007
    000011ED DD 6E F9         [19] 4644 	ld	l, -7 (ix)
    000011F0 DD 66 FA         [19] 4645 	ld	h, -6 (ix)
    000011F3 19               [11] 4646 	add	hl, de
    000011F4 DD 75 FB         [19] 4647 	ld	-5 (ix), l
    000011F7 DD 74 FC         [19] 4648 	ld	-4 (ix), h
    000011FA DD 7E FB         [19] 4649 	ld	a, -5 (ix)
    000011FD DD 77 F3         [19] 4650 	ld	-13 (ix), a
    00001200 DD 7E FC         [19] 4651 	ld	a, -4 (ix)
    00001203 DD 77 F4         [19] 4652 	ld	-12 (ix), a
                                   4653 ;./bluebakas.c:1077: laserBottom = laserTop + 7;
    00001206 DD 7E F1         [19] 4654 	ld	a, -15 (ix)
    00001209 DD 77 F9         [19] 4655 	ld	-7 (ix), a
    0000120C DD 7E F2         [19] 4656 	ld	a, -14 (ix)
    0000120F DD 77 FA         [19] 4657 	ld	-6 (ix), a
    00001212 11 07 00         [10] 4658 	ld	de, #0x0007
    00001215 DD 6E F9         [19] 4659 	ld	l, -7 (ix)
    00001218 DD 66 FA         [19] 4660 	ld	h, -6 (ix)
    0000121B 19               [11] 4661 	add	hl, de
    0000121C DD 75 FB         [19] 4662 	ld	-5 (ix), l
    0000121F DD 74 FC         [19] 4663 	ld	-4 (ix), h
    00001222 DD 7E FB         [19] 4664 	ld	a, -5 (ix)
    00001225 DD 77 F5         [19] 4665 	ld	-11 (ix), a
    00001228 DD 7E FC         [19] 4666 	ld	a, -4 (ix)
    0000122B DD 77 F6         [19] 4667 	ld	-10 (ix), a
                                   4668 ;./bluebakas.c:1079: for(i = 0; i < MEANIE_COUNT; i++)
    0000122E DD 36 FF 00      [19] 4669 	ld	-1 (ix), #0x00
    00001232                       4670 00114$:
                                   4671 ;./bluebakas.c:1081: if(!g_Meanies[i].Active)
    00001232 DD 4E FF         [19] 4672 	ld	c, -1 (ix)
    00001235 06 00            [ 7] 4673 	ld	b, #0x00
    00001237 69               [ 4] 4674 	ld	l, c
    00001238 60               [ 4] 4675 	ld	h, b
    00001239 29               [11] 4676 	add	hl, hl
    0000123A 29               [11] 4677 	add	hl, hl
    0000123B 29               [11] 4678 	add	hl, hl
    0000123C 29               [11] 4679 	add	hl, hl
    0000123D 09               [11] 4680 	add	hl, bc
    0000123E 29               [11] 4681 	add	hl, hl
    0000123F 09               [11] 4682 	add	hl, bc
    00001240 DD 75 FB         [19] 4683 	ld	-5 (ix), l
    00001243 DD 74 FC         [19] 4684 	ld	-4 (ix), h
    00001246 11r00r00         [10] 4685 	ld	de, #_g_Meanies
    00001249 DD 6E FB         [19] 4686 	ld	l, -5 (ix)
    0000124C 26 00            [ 7] 4687 	ld	h, #0x00
    0000124E 19               [11] 4688 	add	hl, de
    0000124F DD 75 F7         [19] 4689 	ld	-9 (ix), l
    00001252 DD 74 F8         [19] 4690 	ld	-8 (ix), h
    00001255 DD 7E F7         [19] 4691 	ld	a, -9 (ix)
    00001258 C6 17            [ 7] 4692 	add	a, #0x17
    0000125A 4F               [ 4] 4693 	ld	c, a
    0000125B DD 7E F8         [19] 4694 	ld	a, -8 (ix)
    0000125E CE 00            [ 7] 4695 	adc	a, #0x00
    00001260 47               [ 4] 4696 	ld	b, a
    00001261 0A               [ 7] 4697 	ld	a, (bc)
    00001262 B7               [ 4] 4698 	or	a, a
    00001263 CAr37r13         [10] 4699 	jp	z, 00111$
                                   4700 ;./bluebakas.c:1084: meanieLeft = g_Meanies[i].XFix >> FIX_SHIFT;
    00001266 DD 6E F7         [19] 4701 	ld	l, -9 (ix)
    00001269 DD 66 F8         [19] 4702 	ld	h, -8 (ix)
    0000126C 11 1A 00         [10] 4703 	ld	de, #0x001a
    0000126F 19               [11] 4704 	add	hl, de
    00001270 7E               [ 7] 4705 	ld	a, (hl)
    00001271 2B               [ 6] 4706 	dec	hl
    00001272 6E               [ 7] 4707 	ld	l, (hl)
    00001273 DD 75 F9         [19] 4708 	ld	-7 (ix), l
    00001276 DD 77 FA         [19] 4709 	ld	-6 (ix), a
    00001279 DD CB FA 2E      [23] 4710 	sra	-6 (ix)
    0000127D DD CB F9 1E      [23] 4711 	rr	-7 (ix)
    00001281 DD CB FA 2E      [23] 4712 	sra	-6 (ix)
    00001285 DD CB F9 1E      [23] 4713 	rr	-7 (ix)
    00001289 DD CB FA 2E      [23] 4714 	sra	-6 (ix)
    0000128D DD CB F9 1E      [23] 4715 	rr	-7 (ix)
    00001291 DD CB FA 2E      [23] 4716 	sra	-6 (ix)
    00001295 DD CB F9 1E      [23] 4717 	rr	-7 (ix)
                                   4718 ;./bluebakas.c:1085: meanieTop = g_Meanies[i].YFix >> FIX_SHIFT;
    00001299 DD 5E F7         [19] 4719 	ld	e, -9 (ix)
    0000129C DD 56 F8         [19] 4720 	ld	d, -8 (ix)
    0000129F 21 1B 00         [10] 4721 	ld	hl, #27
    000012A2 19               [11] 4722 	add	hl, de
    000012A3 5E               [ 7] 4723 	ld	e, (hl)
    000012A4 23               [ 6] 4724 	inc	hl
    000012A5 56               [ 7] 4725 	ld	d, (hl)
    000012A6 CB 2A            [ 8] 4726 	sra	d
    000012A8 CB 1B            [ 8] 4727 	rr	e
    000012AA CB 2A            [ 8] 4728 	sra	d
    000012AC CB 1B            [ 8] 4729 	rr	e
    000012AE CB 2A            [ 8] 4730 	sra	d
    000012B0 CB 1B            [ 8] 4731 	rr	e
    000012B2 CB 2A            [ 8] 4732 	sra	d
    000012B4 CB 1B            [ 8] 4733 	rr	e
                                   4734 ;./bluebakas.c:1086: meanieRight = meanieLeft + 7;
    000012B6 DD 7E F9         [19] 4735 	ld	a, -7 (ix)
    000012B9 DD 66 FA         [19] 4736 	ld	h, -6 (ix)
    000012BC C6 07            [ 7] 4737 	add	a, #0x07
    000012BE 6F               [ 4] 4738 	ld	l, a
    000012BF 30 01            [12] 4739 	jr	nc, 00176$
    000012C1 24               [ 4] 4740 	inc	h
    000012C2                       4741 00176$:
    000012C2 DD 75 FB         [19] 4742 	ld	-5 (ix), l
    000012C5 DD 74 FC         [19] 4743 	ld	-4 (ix), h
                                   4744 ;./bluebakas.c:1087: meanieBottom = meanieTop + 7;
    000012C8 7B               [ 4] 4745 	ld	a, e
    000012C9 62               [ 4] 4746 	ld	h, d
    000012CA C6 07            [ 7] 4747 	add	a, #0x07
    000012CC 6F               [ 4] 4748 	ld	l, a
    000012CD 30 01            [12] 4749 	jr	nc, 00177$
    000012CF 24               [ 4] 4750 	inc	h
    000012D0                       4751 00177$:
                                   4752 ;./bluebakas.c:1089: if(meanieRight < laserLeft)
    000012D0 DD 7E FB         [19] 4753 	ld	a, -5 (ix)
    000012D3 DD 96 EF         [19] 4754 	sub	a, -17 (ix)
    000012D6 DD 7E FC         [19] 4755 	ld	a, -4 (ix)
    000012D9 DD 9E F0         [19] 4756 	sbc	a, -16 (ix)
    000012DC E2rE1r12         [10] 4757 	jp	po, 00178$
    000012DF EE 80            [ 7] 4758 	xor	a, #0x80
    000012E1                       4759 00178$:
    000012E1 FAr37r13         [10] 4760 	jp	m, 00111$
                                   4761 ;./bluebakas.c:1092: if(meanieLeft > laserRight)
    000012E4 DD 7E F3         [19] 4762 	ld	a, -13 (ix)
    000012E7 DD 96 F9         [19] 4763 	sub	a, -7 (ix)
    000012EA DD 7E F4         [19] 4764 	ld	a, -12 (ix)
    000012ED DD 9E FA         [19] 4765 	sbc	a, -6 (ix)
    000012F0 E2rF5r12         [10] 4766 	jp	po, 00179$
    000012F3 EE 80            [ 7] 4767 	xor	a, #0x80
    000012F5                       4768 00179$:
    000012F5 FAr37r13         [10] 4769 	jp	m, 00111$
                                   4770 ;./bluebakas.c:1095: if(meanieBottom < laserTop)
    000012F8 7D               [ 4] 4771 	ld	a, l
    000012F9 DD 96 F1         [19] 4772 	sub	a, -15 (ix)
    000012FC 7C               [ 4] 4773 	ld	a, h
    000012FD DD 9E F2         [19] 4774 	sbc	a, -14 (ix)
    00001300 E2r05r13         [10] 4775 	jp	po, 00180$
    00001303 EE 80            [ 7] 4776 	xor	a, #0x80
    00001305                       4777 00180$:
    00001305 FAr37r13         [10] 4778 	jp	m, 00111$
                                   4779 ;./bluebakas.c:1098: if(meanieTop > laserBottom)
    00001308 DD 7E F5         [19] 4780 	ld	a, -11 (ix)
    0000130B 93               [ 4] 4781 	sub	a, e
    0000130C DD 7E F6         [19] 4782 	ld	a, -10 (ix)
    0000130F 9A               [ 4] 4783 	sbc	a, d
    00001310 E2r15r13         [10] 4784 	jp	po, 00181$
    00001313 EE 80            [ 7] 4785 	xor	a, #0x80
    00001315                       4786 00181$:
    00001315 FAr37r13         [10] 4787 	jp	m, 00111$
                                   4788 ;./bluebakas.c:1101: StartExplosion(meanieLeft, meanieTop);
    00001318 C5               [11] 4789 	push	bc
    00001319 DD 6E F9         [19] 4790 	ld	l, -7 (ix)
    0000131C DD 66 FA         [19] 4791 	ld	h, -6 (ix)
    0000131F CDrC9r0C         [17] 4792 	call	_StartExplosion
    00001322 C1               [10] 4793 	pop	bc
                                   4794 ;./bluebakas.c:1103: Pawn_Disable(&g_Meanies[i].PawnObj);
    00001323 DD 6E F7         [19] 4795 	ld	l, -9 (ix)
    00001326 DD 66 F8         [19] 4796 	ld	h, -8 (ix)
                                   4797 ;C:\Users\Jummy\Downloads\MSXgl-1.5.0b\engine/src/game/pawn.h:430: inline void Pawn_Disable(Pawn* pawn) { Pawn_SetEnable(pawn, FALSE); }
    00001329 C5               [11] 4798 	push	bc
    0000132A AF               [ 4] 4799 	xor	a, a
    0000132B F5               [11] 4800 	push	af
    0000132C 33               [ 6] 4801 	inc	sp
    0000132D CDr00r00         [17] 4802 	call	_Pawn_SetEnable
    00001330 C1               [10] 4803 	pop	bc
                                   4804 ;./bluebakas.c:1104: g_Meanies[i].Active = FALSE;
    00001331 AF               [ 4] 4805 	xor	a, a
    00001332 02               [ 7] 4806 	ld	(bc), a
                                   4807 ;./bluebakas.c:1106: hit = TRUE;
    00001333 DD 36 EE 01      [19] 4808 	ld	-18 (ix), #0x01
    00001337                       4809 00111$:
                                   4810 ;./bluebakas.c:1079: for(i = 0; i < MEANIE_COUNT; i++)
    00001337 DD 34 FF         [23] 4811 	inc	-1 (ix)
    0000133A DD 7E FF         [19] 4812 	ld	a, -1 (ix)
    0000133D D6 02            [ 7] 4813 	sub	a, #0x02
    0000133F DAr32r12         [10] 4814 	jp	c, 00114$
                                   4815 ;./bluebakas.c:1109: return hit;
    00001342 DD 7E EE         [19] 4816 	ld	a, -18 (ix)
                                   4817 ;./bluebakas.c:1110: }
    00001345 DD F9            [10] 4818 	ld	sp, ix
    00001347 DD E1            [14] 4819 	pop	ix
    00001349 C9               [10] 4820 	ret
                                   4821 ;./bluebakas.c:1112: void StartLaser(u8 row, bool fromLeft)
                                   4822 ;	---------------------------------
                                   4823 ; Function StartLaser
                                   4824 ; ---------------------------------
    0000134A                       4825 _StartLaser::
    0000134A 4F               [ 4] 4826 	ld	c, a
    0000134B 7D               [ 4] 4827 	ld	a, l
                                   4828 ;./bluebakas.c:1114: if(fromLeft)
    0000134C B7               [ 4] 4829 	or	a, a
    0000134D 28 20            [12] 4830 	jr	z, 00106$
                                   4831 ;./bluebakas.c:1116: if(!CanFireLaser(LASER_LEFT_CANNON_X, row))
    0000134F C5               [11] 4832 	push	bc
    00001350 69               [ 4] 4833 	ld	l, c
    00001351 3E 03            [ 7] 4834 	ld	a, #0x03
    00001353 CDr5Ar10         [17] 4835 	call	_CanFireLaser
    00001356 C1               [10] 4836 	pop	bc
    00001357 B7               [ 4] 4837 	or	a, a
                                   4838 ;./bluebakas.c:1117: return;
    00001358 C8               [11] 4839 	ret	z
                                   4840 ;./bluebakas.c:1119: g_LaserTileX = LASER_COL_MIN;
    00001359 21r1Ar00         [10] 4841 	ld	hl, #_g_LaserTileX
    0000135C 36 04            [10] 4842 	ld	(hl), #0x04
                                   4843 ;./bluebakas.c:1120: g_LaserTileY = row;
    0000135E 21r1Br00         [10] 4844 	ld	hl, #_g_LaserTileY
    00001361 71               [ 7] 4845 	ld	(hl), c
                                   4846 ;./bluebakas.c:1121: g_LaserTile = TILE_LASER1;
    00001362 21r1Cr00         [10] 4847 	ld	hl, #_g_LaserTile
    00001365 36 18            [10] 4848 	ld	(hl), #0x18
                                   4849 ;./bluebakas.c:1122: g_LaserDir = 1;
    00001367 21r1Dr00         [10] 4850 	ld	hl, #_g_LaserDir
    0000136A 36 01            [10] 4851 	ld	(hl), #0x01
    0000136C C3r8Cr13         [10] 4852 	jp	00107$
    0000136F                       4853 00106$:
                                   4854 ;./bluebakas.c:1126: if(!CanFireLaser(LASER_RIGHT_CANNON_X, row))
    0000136F C5               [11] 4855 	push	bc
    00001370 69               [ 4] 4856 	ld	l, c
    00001371 3E 1C            [ 7] 4857 	ld	a, #0x1c
    00001373 CDr5Ar10         [17] 4858 	call	_CanFireLaser
    00001376 C1               [10] 4859 	pop	bc
    00001377 B7               [ 4] 4860 	or	a, a
                                   4861 ;./bluebakas.c:1127: return;
    00001378 C8               [11] 4862 	ret	z
                                   4863 ;./bluebakas.c:1129: g_LaserTileX = LASER_COL_MAX;
    00001379 21r1Ar00         [10] 4864 	ld	hl, #_g_LaserTileX
    0000137C 36 1B            [10] 4865 	ld	(hl), #0x1b
                                   4866 ;./bluebakas.c:1130: g_LaserTileY = row;
    0000137E 21r1Br00         [10] 4867 	ld	hl, #_g_LaserTileY
    00001381 71               [ 7] 4868 	ld	(hl), c
                                   4869 ;./bluebakas.c:1131: g_LaserTile = TILE_LASER2;
    00001382 21r1Cr00         [10] 4870 	ld	hl, #_g_LaserTile
    00001385 36 11            [10] 4871 	ld	(hl), #0x11
                                   4872 ;./bluebakas.c:1132: g_LaserDir = -1;
    00001387 21r1Dr00         [10] 4873 	ld	hl, #_g_LaserDir
    0000138A 36 FF            [10] 4874 	ld	(hl), #0xff
    0000138C                       4875 00107$:
                                   4876 ;./bluebakas.c:1135: Energy -= 50;
    0000138C 2Ar01r00         [16] 4877 	ld	hl, (_Energy)
    0000138F 7D               [ 4] 4878 	ld	a, l
    00001390 C6 CE            [ 7] 4879 	add	a, #0xce
    00001392 6F               [ 4] 4880 	ld	l, a
    00001393 7C               [ 4] 4881 	ld	a, h
    00001394 CE FF            [ 7] 4882 	adc	a, #0xff
    00001396 67               [ 4] 4883 	ld	h, a
    00001397 22r01r00         [16] 4884 	ld	(_Energy), hl
                                   4885 ;./bluebakas.c:1136: g_hasHUDChanged = TRUE;
    0000139A 21r19r00         [10] 4886 	ld	hl, #_g_hasHUDChanged
    0000139D 36 01            [10] 4887 	ld	(hl), #0x01
                                   4888 ;./bluebakas.c:1137: DrawHUD();
    0000139F CDr84r1E         [17] 4889 	call	_DrawHUD
                                   4890 ;./bluebakas.c:1139: g_LaserStepDelay = LASER_STEP_DELAY;
    000013A2 21r1Er00         [10] 4891 	ld	hl, #_g_LaserStepDelay
    000013A5 36 01            [10] 4892 	ld	(hl), #0x01
                                   4893 ;./bluebakas.c:1140: g_LaserErasing = FALSE;
    000013A7 AF               [ 4] 4894 	xor	a, a
    000013A8 32r17r00         [13] 4895 	ld	(#_g_LaserErasing), a
                                   4896 ;./bluebakas.c:1141: g_LaserActive = TRUE;
    000013AB 21r16r00         [10] 4897 	ld	hl, #_g_LaserActive
    000013AE 36 01            [10] 4898 	ld	(hl), #0x01
                                   4899 ;./bluebakas.c:1143: SetMapTile(g_LaserTileX, g_LaserTileY, g_LaserTile);
    000013B0 3Ar1Cr00         [13] 4900 	ld	a, (_g_LaserTile)
    000013B3 F5               [11] 4901 	push	af
    000013B4 33               [ 6] 4902 	inc	sp
    000013B5 3Ar1Br00         [13] 4903 	ld	a, (_g_LaserTileY)
    000013B8 6F               [ 4] 4904 	ld	l, a
    000013B9 3Ar1Ar00         [13] 4905 	ld	a, (_g_LaserTileX)
    000013BC CDr8Er0D         [17] 4906 	call	_SetMapTile
                                   4907 ;./bluebakas.c:1144: PlaySFX(4, 1);
    000013BF 2E 01            [ 7] 4908 	ld	l, #0x01
    000013C1 3E 04            [ 7] 4909 	ld	a, #0x04
                                   4910 ;./bluebakas.c:1145: }
    000013C3 C3rE8r08         [10] 4911 	jp	_PlaySFX
                                   4912 ;./bluebakas.c:1147: void UpdateActiveLaser()
                                   4913 ;	---------------------------------
                                   4914 ; Function UpdateActiveLaser
                                   4915 ; ---------------------------------
    000013C6                       4916 _UpdateActiveLaser::
                                   4917 ;./bluebakas.c:1149: if(!g_LaserActive)
    000013C6 3Ar16r00         [13] 4918 	ld	a, (_g_LaserActive+0)
    000013C9 B7               [ 4] 4919 	or	a, a
                                   4920 ;./bluebakas.c:1150: return;
    000013CA C8               [11] 4921 	ret	z
                                   4922 ;./bluebakas.c:1152: if(g_LaserStepDelay > 0)
    000013CB 3Ar1Er00         [13] 4923 	ld	a, (_g_LaserStepDelay+0)
    000013CE B7               [ 4] 4924 	or	a, a
    000013CF 28 05            [12] 4925 	jr	z, 00104$
                                   4926 ;./bluebakas.c:1154: g_LaserStepDelay--;
    000013D1 21r1Er00         [10] 4927 	ld	hl, #_g_LaserStepDelay
    000013D4 35               [11] 4928 	dec	(hl)
                                   4929 ;./bluebakas.c:1155: return;
    000013D5 C9               [10] 4930 	ret
    000013D6                       4931 00104$:
                                   4932 ;./bluebakas.c:1158: if(!g_LaserErasing)
    000013D6 3Ar17r00         [13] 4933 	ld	a, (_g_LaserErasing+0)
    000013D9 B7               [ 4] 4934 	or	a, a
    000013DA C2rCCr14         [10] 4935 	jp	nz, 00141$
                                   4936 ;./bluebakas.c:1164: hitMeanie = LaserHitsMeanieAtTile(g_LaserTileX, g_LaserTileY);
    000013DD 3Ar1Br00         [13] 4937 	ld	a, (_g_LaserTileY)
    000013E0 6F               [ 4] 4938 	ld	l, a
    000013E1 3Ar1Ar00         [13] 4939 	ld	a, (_g_LaserTileX)
    000013E4 CDr84r11         [17] 4940 	call	_LaserHitsMeanieAtTile
    000013E7 4F               [ 4] 4941 	ld	c, a
                                   4942 ;./bluebakas.c:1165: hitFuel = LaserHitsFuelAtTile(g_LaserTileX, g_LaserTileY);
    000013E8 C5               [11] 4943 	push	bc
    000013E9 3Ar1Br00         [13] 4944 	ld	a, (_g_LaserTileY)
    000013EC 6F               [ 4] 4945 	ld	l, a
    000013ED 3Ar1Ar00         [13] 4946 	ld	a, (_g_LaserTileX)
    000013F0 CDr7Br10         [17] 4947 	call	_LaserHitsFuelAtTile
    000013F3 C1               [10] 4948 	pop	bc
                                   4949 ;./bluebakas.c:1167: if(hitMeanie || hitFuel)
    000013F4 0C               [ 4] 4950 	inc	c
    000013F5 0D               [ 4] 4951 	dec	c
    000013F6 20 04            [12] 4952 	jr	nz, 00119$
    000013F8 B7               [ 4] 4953 	or	a, a
    000013F9 CAr79r14         [10] 4954 	jp	z, 00120$
    000013FC                       4955 00119$:
                                   4956 ;./bluebakas.c:1169: if(hitMeanie)
    000013FC 79               [ 4] 4957 	ld	a, c
    000013FD B7               [ 4] 4958 	or	a, a
    000013FE 28 20            [12] 4959 	jr	z, 00112$
                                   4960 ;./bluebakas.c:1171: g_ShowGoodHit = TRUE;
    00001400 21r18r00         [10] 4961 	ld	hl, #_g_ShowGoodHit
    00001403 36 01            [10] 4962 	ld	(hl), #0x01
                                   4963 ;./bluebakas.c:1173: if(Score <= 190)
    00001405 3E BE            [ 7] 4964 	ld	a, #0xbe
    00001407 21r00r00         [10] 4965 	ld	hl, #_Score
    0000140A 96               [ 7] 4966 	sub	a, (hl)
    0000140B 38 0B            [12] 4967 	jr	c, 00106$
                                   4968 ;./bluebakas.c:1174: Score += 10;
    0000140D 3Ar00r00         [13] 4969 	ld	a, (_Score+0)
    00001410 C6 0A            [ 7] 4970 	add	a, #0x0a
    00001412 32r00r00         [13] 4971 	ld	(#_Score), a
    00001415 C3r3Ar14         [10] 4972 	jp	00113$
    00001418                       4973 00106$:
                                   4974 ;./bluebakas.c:1176: Score = 200;
    00001418 21r00r00         [10] 4975 	ld	hl, #_Score
    0000141B 36 C8            [10] 4976 	ld	(hl), #0xc8
    0000141D C3r3Ar14         [10] 4977 	jp	00113$
    00001420                       4978 00112$:
                                   4979 ;./bluebakas.c:1180: g_ShowGoodHit = FALSE;
    00001420 AF               [ 4] 4980 	xor	a, a
    00001421 32r18r00         [13] 4981 	ld	(#_g_ShowGoodHit), a
                                   4982 ;./bluebakas.c:1182: if(Score >= 80)
    00001424 3Ar00r00         [13] 4983 	ld	a, (_Score+0)
    00001427 D6 50            [ 7] 4984 	sub	a, #0x50
    00001429 38 0B            [12] 4985 	jr	c, 00109$
                                   4986 ;./bluebakas.c:1183: Score -= 80;
    0000142B 3Ar00r00         [13] 4987 	ld	a, (_Score)
    0000142E C6 B0            [ 7] 4988 	add	a, #0xb0
    00001430 32r00r00         [13] 4989 	ld	(#_Score), a
    00001433 C3r3Ar14         [10] 4990 	jp	00113$
    00001436                       4991 00109$:
                                   4992 ;./bluebakas.c:1185: Score = 0;
    00001436 AF               [ 4] 4993 	xor	a, a
    00001437 32r00r00         [13] 4994 	ld	(#_Score), a
    0000143A                       4995 00113$:
                                   4996 ;./bluebakas.c:1188: g_hasHUDChanged = TRUE;
    0000143A 21r19r00         [10] 4997 	ld	hl, #_g_hasHUDChanged
    0000143D 36 01            [10] 4998 	ld	(hl), #0x01
                                   4999 ;./bluebakas.c:1190: PlaySFX(5, 0);
    0000143F 2E 00            [ 7] 5000 	ld	l, #0x00
    00001441 3E 05            [ 7] 5001 	ld	a, #0x05
    00001443 CDrE8r08         [17] 5002 	call	_PlaySFX
                                   5003 ;./bluebakas.c:1192: if(Score >= 200)
    00001446 3Ar00r00         [13] 5004 	ld	a, (_Score+0)
    00001449 D6 C8            [ 7] 5005 	sub	a, #0xc8
                                   5006 ;./bluebakas.c:1194: ShowMeanerScreen();
                                   5007 ;./bluebakas.c:1195: return;
    0000144B D2rDDr1C         [10] 5008 	jp	nc, _ShowMeanerScreen
                                   5009 ;./bluebakas.c:1198: SetMapTile(g_LaserTileX, g_LaserTileY, TILE_EMPTY);
    0000144E AF               [ 4] 5010 	xor	a, a
    0000144F F5               [11] 5011 	push	af
    00001450 33               [ 6] 5012 	inc	sp
    00001451 3Ar1Br00         [13] 5013 	ld	a, (_g_LaserTileY)
    00001454 6F               [ 4] 5014 	ld	l, a
    00001455 3Ar1Ar00         [13] 5015 	ld	a, (_g_LaserTileX)
    00001458 CDr8Er0D         [17] 5016 	call	_SetMapTile
                                   5017 ;./bluebakas.c:1200: g_LaserErasing = TRUE;
    0000145B 21r17r00         [10] 5018 	ld	hl, #_g_LaserErasing
    0000145E 36 01            [10] 5019 	ld	(hl), #0x01
                                   5020 ;./bluebakas.c:1202: if(g_LaserDir > 0)
    00001460 AF               [ 4] 5021 	xor	a, a
    00001461 21r1Dr00         [10] 5022 	ld	hl, #_g_LaserDir
    00001464 96               [ 7] 5023 	sub	a, (hl)
    00001465 E2r6Ar14         [10] 5024 	jp	po, 00265$
    00001468 EE 80            [ 7] 5025 	xor	a, #0x80
    0000146A                       5026 00265$:
    0000146A F2r73r14         [10] 5027 	jp	p, 00117$
                                   5028 ;./bluebakas.c:1203: g_LaserTileX = LASER_COL_MIN;
    0000146D 21r1Ar00         [10] 5029 	ld	hl, #_g_LaserTileX
    00001470 36 04            [10] 5030 	ld	(hl), #0x04
    00001472 C9               [10] 5031 	ret
    00001473                       5032 00117$:
                                   5033 ;./bluebakas.c:1205: g_LaserTileX = LASER_COL_MAX;
    00001473 21r1Ar00         [10] 5034 	ld	hl, #_g_LaserTileX
    00001476 36 1B            [10] 5035 	ld	(hl), #0x1b
                                   5036 ;./bluebakas.c:1207: return;
    00001478 C9               [10] 5037 	ret
    00001479                       5038 00120$:
                                   5039 ;./bluebakas.c:1212: SetMapTile(g_LaserTileX, g_LaserTileY, g_LaserTile);
    00001479 3Ar1Cr00         [13] 5040 	ld	a, (_g_LaserTile)
    0000147C F5               [11] 5041 	push	af
    0000147D 33               [ 6] 5042 	inc	sp
    0000147E 3Ar1Br00         [13] 5043 	ld	a, (_g_LaserTileY)
    00001481 6F               [ 4] 5044 	ld	l, a
    00001482 3Ar1Ar00         [13] 5045 	ld	a, (_g_LaserTileX)
    00001485 CDr8Er0D         [17] 5046 	call	_SetMapTile
                                   5047 ;./bluebakas.c:1215: if(g_LaserDir > 0)
    00001488 AF               [ 4] 5048 	xor	a, a
    00001489 21r1Dr00         [10] 5049 	ld	hl, #_g_LaserDir
    0000148C 96               [ 7] 5050 	sub	a, (hl)
    0000148D E2r92r14         [10] 5051 	jp	po, 00266$
    00001490 EE 80            [ 7] 5052 	xor	a, #0x80
    00001492                       5053 00266$:
    00001492 F2rB0r14         [10] 5054 	jp	p, 00129$
                                   5055 ;./bluebakas.c:1217: if(g_LaserTileX >= LASER_COL_MAX)
    00001495 3Ar1Ar00         [13] 5056 	ld	a, (_g_LaserTileX+0)
    00001498 D6 1B            [ 7] 5057 	sub	a, #0x1b
    0000149A 38 0D            [12] 5058 	jr	c, 00123$
                                   5059 ;./bluebakas.c:1219: g_LaserErasing = TRUE;
    0000149C 21r17r00         [10] 5060 	ld	hl, #_g_LaserErasing
    0000149F 36 01            [10] 5061 	ld	(hl), #0x01
                                   5062 ;./bluebakas.c:1220: g_LaserTileX = LASER_COL_MIN;
    000014A1 21r1Ar00         [10] 5063 	ld	hl, #_g_LaserTileX
    000014A4 36 04            [10] 5064 	ld	(hl), #0x04
    000014A6 C3r10r15         [10] 5065 	jp	00142$
    000014A9                       5066 00123$:
                                   5067 ;./bluebakas.c:1224: g_LaserTileX++;
    000014A9 21r1Ar00         [10] 5068 	ld	hl, #_g_LaserTileX
    000014AC 34               [11] 5069 	inc	(hl)
    000014AD C3r10r15         [10] 5070 	jp	00142$
    000014B0                       5071 00129$:
                                   5072 ;./bluebakas.c:1229: if(g_LaserTileX <= LASER_COL_MIN)
    000014B0 3E 04            [ 7] 5073 	ld	a, #0x04
    000014B2 21r1Ar00         [10] 5074 	ld	hl, #_g_LaserTileX
    000014B5 96               [ 7] 5075 	sub	a, (hl)
    000014B6 38 0D            [12] 5076 	jr	c, 00126$
                                   5077 ;./bluebakas.c:1231: g_LaserErasing = TRUE;
    000014B8 21r17r00         [10] 5078 	ld	hl, #_g_LaserErasing
    000014BB 36 01            [10] 5079 	ld	(hl), #0x01
                                   5080 ;./bluebakas.c:1232: g_LaserTileX = LASER_COL_MAX;
    000014BD 21r1Ar00         [10] 5081 	ld	hl, #_g_LaserTileX
    000014C0 36 1B            [10] 5082 	ld	(hl), #0x1b
    000014C2 C3r10r15         [10] 5083 	jp	00142$
    000014C5                       5084 00126$:
                                   5085 ;./bluebakas.c:1236: g_LaserTileX--;
    000014C5 21r1Ar00         [10] 5086 	ld	hl, #_g_LaserTileX
    000014C8 35               [11] 5087 	dec	(hl)
    000014C9 C3r10r15         [10] 5088 	jp	00142$
    000014CC                       5089 00141$:
                                   5090 ;./bluebakas.c:1243: SetMapTile(g_LaserTileX, g_LaserTileY, TILE_EMPTY);
    000014CC AF               [ 4] 5091 	xor	a, a
    000014CD F5               [11] 5092 	push	af
    000014CE 33               [ 6] 5093 	inc	sp
    000014CF 3Ar1Br00         [13] 5094 	ld	a, (_g_LaserTileY)
    000014D2 6F               [ 4] 5095 	ld	l, a
    000014D3 3Ar1Ar00         [13] 5096 	ld	a, (_g_LaserTileX)
    000014D6 CDr8Er0D         [17] 5097 	call	_SetMapTile
                                   5098 ;./bluebakas.c:1245: if(g_LaserDir > 0)
    000014D9 AF               [ 4] 5099 	xor	a, a
    000014DA 21r1Dr00         [10] 5100 	ld	hl, #_g_LaserDir
    000014DD 96               [ 7] 5101 	sub	a, (hl)
    000014DE E2rE3r14         [10] 5102 	jp	po, 00267$
    000014E1 EE 80            [ 7] 5103 	xor	a, #0x80
    000014E3                       5104 00267$:
    000014E3 F2rFCr14         [10] 5105 	jp	p, 00138$
                                   5106 ;./bluebakas.c:1247: if(g_LaserTileX >= LASER_COL_MAX)
    000014E6 3Ar1Ar00         [13] 5107 	ld	a, (_g_LaserTileX+0)
    000014E9 D6 1B            [ 7] 5108 	sub	a, #0x1b
    000014EB 38 08            [12] 5109 	jr	c, 00132$
                                   5110 ;./bluebakas.c:1249: g_LaserActive = FALSE;
                                   5111 ;./bluebakas.c:1250: g_LaserErasing = FALSE;
    000014ED AF               [ 4] 5112 	xor	a, a
    000014EE 32r16r00         [13] 5113 	ld	(#_g_LaserActive), a
    000014F1 32r17r00         [13] 5114 	ld	(#_g_LaserErasing), a
                                   5115 ;./bluebakas.c:1251: return;
    000014F4 C9               [10] 5116 	ret
    000014F5                       5117 00132$:
                                   5118 ;./bluebakas.c:1255: g_LaserTileX++;
    000014F5 21r1Ar00         [10] 5119 	ld	hl, #_g_LaserTileX
    000014F8 34               [11] 5120 	inc	(hl)
    000014F9 C3r10r15         [10] 5121 	jp	00142$
    000014FC                       5122 00138$:
                                   5123 ;./bluebakas.c:1260: if(g_LaserTileX <= LASER_COL_MIN)
    000014FC 3E 04            [ 7] 5124 	ld	a, #0x04
    000014FE 21r1Ar00         [10] 5125 	ld	hl, #_g_LaserTileX
    00001501 96               [ 7] 5126 	sub	a, (hl)
    00001502 38 08            [12] 5127 	jr	c, 00135$
                                   5128 ;./bluebakas.c:1262: g_LaserActive = FALSE;
                                   5129 ;./bluebakas.c:1263: g_LaserErasing = FALSE;
    00001504 AF               [ 4] 5130 	xor	a, a
    00001505 32r16r00         [13] 5131 	ld	(#_g_LaserActive), a
    00001508 32r17r00         [13] 5132 	ld	(#_g_LaserErasing), a
                                   5133 ;./bluebakas.c:1264: return;
    0000150B C9               [10] 5134 	ret
    0000150C                       5135 00135$:
                                   5136 ;./bluebakas.c:1268: g_LaserTileX--;
    0000150C 21r1Ar00         [10] 5137 	ld	hl, #_g_LaserTileX
    0000150F 35               [11] 5138 	dec	(hl)
    00001510                       5139 00142$:
                                   5140 ;./bluebakas.c:1273: g_LaserStepDelay = LASER_STEP_DELAY;
    00001510 21r1Er00         [10] 5141 	ld	hl, #_g_LaserStepDelay
    00001513 36 01            [10] 5142 	ld	(hl), #0x01
                                   5143 ;./bluebakas.c:1274: }
    00001515 C9               [10] 5144 	ret
                                   5145 ;./bluebakas.c:1276: void UpdateLaser()
                                   5146 ;	---------------------------------
                                   5147 ; Function UpdateLaser
                                   5148 ; ---------------------------------
    00001516                       5149 _UpdateLaser::
                                   5150 ;./bluebakas.c:1282: row2 = Keyboard_Read(2);
    00001516 2E 02            [ 7] 5151 	ld	l, #0x02
    00001518 CDr00r00         [17] 5152 	call	_Keyboard_Read
    0000151B 5D               [ 4] 5153 	ld	e, l
                                   5154 ;./bluebakas.c:1283: row4 = Keyboard_Read(4);
    0000151C 2E 04            [ 7] 5155 	ld	l, #0x04
    0000151E CDr00r00         [17] 5156 	call	_Keyboard_Read
    00001521 45               [ 4] 5157 	ld	b, l
                                   5158 ;./bluebakas.c:1284: row5 = Keyboard_Read(5);
    00001522 2E 05            [ 7] 5159 	ld	l, #0x05
    00001524 CDr00r00         [17] 5160 	call	_Keyboard_Read
    00001527 4D               [ 4] 5161 	ld	c, l
                                   5162 ;./bluebakas.c:1286: UpdateActiveLaser();
    00001528 C5               [11] 5163 	push	bc
    00001529 D5               [11] 5164 	push	de
    0000152A CDrC6r13         [17] 5165 	call	_UpdateActiveLaser
    0000152D D1               [10] 5166 	pop	de
    0000152E C1               [10] 5167 	pop	bc
                                   5168 ;./bluebakas.c:1288: if(!g_LaserActive)
    0000152F 3Ar16r00         [13] 5169 	ld	a, (_g_LaserActive+0)
    00001532 B7               [ 4] 5170 	or	a, a
    00001533 C2rC9r15         [10] 5171 	jp	nz, 00125$
                                   5172 ;./bluebakas.c:1291: if(IS_KEY_PUSHED(row4, g_KeyRow4Prev, KEY_Q))
    00001536 CB 70            [ 8] 5173 	bit	6, b
    00001538 20 15            [12] 5174 	jr	nz, 00121$
    0000153A 21r20r00         [10] 5175 	ld	hl, #_g_KeyRow4Prev
    0000153D CB 76            [12] 5176 	bit	6, (hl)
    0000153F 28 0E            [12] 5177 	jr	z, 00121$
                                   5178 ;./bluebakas.c:1293: StartLaser(LASER_ROW_TOP, TRUE);
    00001541 C5               [11] 5179 	push	bc
    00001542 D5               [11] 5180 	push	de
    00001543 2E 01            [ 7] 5181 	ld	l, #0x01
    00001545 3E 03            [ 7] 5182 	ld	a, #0x03
    00001547 CDr4Ar13         [17] 5183 	call	_StartLaser
    0000154A D1               [10] 5184 	pop	de
    0000154B C1               [10] 5185 	pop	bc
    0000154C C3rC9r15         [10] 5186 	jp	00125$
    0000154F                       5187 00121$:
                                   5188 ;./bluebakas.c:1295: else if(IS_KEY_PUSHED(row2, g_KeyRow2Prev, KEY_A))
    0000154F CB 73            [ 8] 5189 	bit	6, e
    00001551 20 15            [12] 5190 	jr	nz, 00117$
    00001553 21r1Fr00         [10] 5191 	ld	hl, #_g_KeyRow2Prev
    00001556 CB 76            [12] 5192 	bit	6, (hl)
    00001558 28 0E            [12] 5193 	jr	z, 00117$
                                   5194 ;./bluebakas.c:1297: StartLaser(LASER_ROW_MIDDLE, TRUE);
    0000155A C5               [11] 5195 	push	bc
    0000155B D5               [11] 5196 	push	de
    0000155C 2E 01            [ 7] 5197 	ld	l, #0x01
    0000155E 3E 07            [ 7] 5198 	ld	a, #0x07
    00001560 CDr4Ar13         [17] 5199 	call	_StartLaser
    00001563 D1               [10] 5200 	pop	de
    00001564 C1               [10] 5201 	pop	bc
    00001565 C3rC9r15         [10] 5202 	jp	00125$
    00001568                       5203 00117$:
                                   5204 ;./bluebakas.c:1299: else if(IS_KEY_PUSHED(row5, g_KeyRow5Prev, KEY_Z))
    00001568 CB 79            [ 8] 5205 	bit	7, c
    0000156A 20 15            [12] 5206 	jr	nz, 00113$
    0000156C 21r21r00         [10] 5207 	ld	hl, #_g_KeyRow5Prev
    0000156F CB 7E            [12] 5208 	bit	7, (hl)
    00001571 28 0E            [12] 5209 	jr	z, 00113$
                                   5210 ;./bluebakas.c:1301: StartLaser(LASER_ROW_BOTTOM, TRUE);
    00001573 C5               [11] 5211 	push	bc
    00001574 D5               [11] 5212 	push	de
    00001575 2E 01            [ 7] 5213 	ld	l, #0x01
    00001577 3E 0B            [ 7] 5214 	ld	a, #0x0b
    00001579 CDr4Ar13         [17] 5215 	call	_StartLaser
    0000157C D1               [10] 5216 	pop	de
    0000157D C1               [10] 5217 	pop	bc
    0000157E C3rC9r15         [10] 5218 	jp	00125$
    00001581                       5219 00113$:
                                   5220 ;./bluebakas.c:1305: else if(IS_KEY_PUSHED(row4, g_KeyRow4Prev, KEY_O))
    00001581 CB 60            [ 8] 5221 	bit	4, b
    00001583 20 15            [12] 5222 	jr	nz, 00109$
    00001585 21r20r00         [10] 5223 	ld	hl, #_g_KeyRow4Prev
    00001588 CB 66            [12] 5224 	bit	4, (hl)
    0000158A 28 0E            [12] 5225 	jr	z, 00109$
                                   5226 ;./bluebakas.c:1307: StartLaser(LASER_ROW_TOP, FALSE);
    0000158C C5               [11] 5227 	push	bc
    0000158D D5               [11] 5228 	push	de
    0000158E 2E 00            [ 7] 5229 	ld	l, #0x00
    00001590 3E 03            [ 7] 5230 	ld	a, #0x03
    00001592 CDr4Ar13         [17] 5231 	call	_StartLaser
    00001595 D1               [10] 5232 	pop	de
    00001596 C1               [10] 5233 	pop	bc
    00001597 C3rC9r15         [10] 5234 	jp	00125$
    0000159A                       5235 00109$:
                                   5236 ;./bluebakas.c:1309: else if(IS_KEY_PUSHED(row4, g_KeyRow4Prev, KEY_K))
    0000159A CB 40            [ 8] 5237 	bit	0, b
    0000159C 20 15            [12] 5238 	jr	nz, 00105$
    0000159E 21r20r00         [10] 5239 	ld	hl, #_g_KeyRow4Prev
    000015A1 CB 46            [12] 5240 	bit	0, (hl)
    000015A3 28 0E            [12] 5241 	jr	z, 00105$
                                   5242 ;./bluebakas.c:1311: StartLaser(LASER_ROW_MIDDLE, FALSE);
    000015A5 C5               [11] 5243 	push	bc
    000015A6 D5               [11] 5244 	push	de
    000015A7 2E 00            [ 7] 5245 	ld	l, #0x00
    000015A9 3E 07            [ 7] 5246 	ld	a, #0x07
    000015AB CDr4Ar13         [17] 5247 	call	_StartLaser
    000015AE D1               [10] 5248 	pop	de
    000015AF C1               [10] 5249 	pop	bc
    000015B0 C3rC9r15         [10] 5250 	jp	00125$
    000015B3                       5251 00105$:
                                   5252 ;./bluebakas.c:1313: else if(IS_KEY_PUSHED(row4, g_KeyRow4Prev, KEY_M))
    000015B3 CB 50            [ 8] 5253 	bit	2, b
    000015B5 20 12            [12] 5254 	jr	nz, 00125$
    000015B7 21r20r00         [10] 5255 	ld	hl, #_g_KeyRow4Prev
    000015BA CB 56            [12] 5256 	bit	2, (hl)
    000015BC 28 0B            [12] 5257 	jr	z, 00125$
                                   5258 ;./bluebakas.c:1315: StartLaser(LASER_ROW_BOTTOM, FALSE);
    000015BE C5               [11] 5259 	push	bc
    000015BF D5               [11] 5260 	push	de
    000015C0 2E 00            [ 7] 5261 	ld	l, #0x00
    000015C2 3E 0B            [ 7] 5262 	ld	a, #0x0b
    000015C4 CDr4Ar13         [17] 5263 	call	_StartLaser
    000015C7 D1               [10] 5264 	pop	de
    000015C8 C1               [10] 5265 	pop	bc
    000015C9                       5266 00125$:
                                   5267 ;./bluebakas.c:1319: g_KeyRow2Prev = row2;
    000015C9 21r1Fr00         [10] 5268 	ld	hl, #_g_KeyRow2Prev
    000015CC 73               [ 7] 5269 	ld	(hl), e
                                   5270 ;./bluebakas.c:1320: g_KeyRow4Prev = row4;
    000015CD 21r20r00         [10] 5271 	ld	hl, #_g_KeyRow4Prev
    000015D0 70               [ 7] 5272 	ld	(hl), b
                                   5273 ;./bluebakas.c:1321: g_KeyRow5Prev = row5;
    000015D1 21r21r00         [10] 5274 	ld	hl, #_g_KeyRow5Prev
    000015D4 71               [ 7] 5275 	ld	(hl), c
                                   5276 ;./bluebakas.c:1322: }
    000015D5 C9               [10] 5277 	ret
                                   5278 ;./bluebakas.c:1328: u16 Rand16()
                                   5279 ;	---------------------------------
                                   5280 ; Function Rand16
                                   5281 ; ---------------------------------
    000015D6                       5282 _Rand16::
                                   5283 ;./bluebakas.c:1334: bit = ((g_Rand >> 0) ^ (g_Rand >> 2) ^ (g_Rand >> 3) ^ (g_Rand >> 5)) & 1;
    000015D6 ED 4Br0Br00      [20] 5284 	ld	bc, (_g_Rand)
    000015DA 2Ar0Br00         [16] 5285 	ld	hl, (_g_Rand)
    000015DD CB 3C            [ 8] 5286 	srl	h
    000015DF CB 1D            [ 8] 5287 	rr	l
    000015E1 CB 3C            [ 8] 5288 	srl	h
    000015E3 CB 1D            [ 8] 5289 	rr	l
    000015E5 79               [ 4] 5290 	ld	a, c
    000015E6 AD               [ 4] 5291 	xor	a, l
    000015E7 4F               [ 4] 5292 	ld	c, a
    000015E8 2Ar0Br00         [16] 5293 	ld	hl, (_g_Rand)
    000015EB CB 3C            [ 8] 5294 	srl	h
    000015ED CB 1D            [ 8] 5295 	rr	l
    000015EF CB 3C            [ 8] 5296 	srl	h
    000015F1 CB 1D            [ 8] 5297 	rr	l
    000015F3 CB 3C            [ 8] 5298 	srl	h
    000015F5 CB 1D            [ 8] 5299 	rr	l
    000015F7 79               [ 4] 5300 	ld	a, c
    000015F8 AD               [ 4] 5301 	xor	a, l
    000015F9 4F               [ 4] 5302 	ld	c, a
    000015FA 2Ar0Br00         [16] 5303 	ld	hl, (_g_Rand)
    000015FD CB 3C            [ 8] 5304 	srl	h
    000015FF CB 1D            [ 8] 5305 	rr	l
    00001601 CB 3C            [ 8] 5306 	srl	h
    00001603 CB 1D            [ 8] 5307 	rr	l
    00001605 CB 3C            [ 8] 5308 	srl	h
    00001607 CB 1D            [ 8] 5309 	rr	l
    00001609 CB 3C            [ 8] 5310 	srl	h
    0000160B CB 1D            [ 8] 5311 	rr	l
    0000160D CB 3C            [ 8] 5312 	srl	h
    0000160F CB 1D            [ 8] 5313 	rr	l
    00001611 79               [ 4] 5314 	ld	a, c
    00001612 AD               [ 4] 5315 	xor	a, l
    00001613 E6 01            [ 7] 5316 	and	a, #0x01
                                   5317 ;./bluebakas.c:1335: g_Rand = (g_Rand >> 1) | (bit << 15);
    00001615 2Ar0Br00         [16] 5318 	ld	hl, (_g_Rand)
    00001618 CB 3C            [ 8] 5319 	srl	h
    0000161A CB 1D            [ 8] 5320 	rr	l
    0000161C 0F               [ 4] 5321 	rrca
    0000161D E6 80            [ 7] 5322 	and	a, #0x80
    0000161F 4F               [ 4] 5323 	ld	c, a
    00001620 7D               [ 4] 5324 	ld	a, l
    00001621 32r0Br00         [13] 5325 	ld	(#_g_Rand), a
    00001624 79               [ 4] 5326 	ld	a, c
    00001625 B4               [ 4] 5327 	or	a, h
    00001626 32r0Cr00         [13] 5328 	ld	(_g_Rand+1), a
                                   5329 ;./bluebakas.c:1337: return g_Rand;
    00001629 ED 5Br0Br00      [20] 5330 	ld	de, (_g_Rand)
                                   5331 ;./bluebakas.c:1338: }
    0000162D C9               [10] 5332 	ret
                                   5333 ;./bluebakas.c:1340: u8 Rand8()
                                   5334 ;	---------------------------------
                                   5335 ; Function Rand8
                                   5336 ; ---------------------------------
    0000162E                       5337 _Rand8::
                                   5338 ;./bluebakas.c:1342: return (u8)(Rand16() >> 8);
    0000162E CDrD6r15         [17] 5339 	call	_Rand16
    00001631 7A               [ 4] 5340 	ld	a, d
                                   5341 ;./bluebakas.c:1343: }
    00001632 C9               [10] 5342 	ret
                                   5343 ;./bluebakas.c:1345: u8 RandRange(u8 min, u8 max)
                                   5344 ;	---------------------------------
                                   5345 ; Function RandRange
                                   5346 ; ---------------------------------
    00001633                       5347 _RandRange::
    00001633 DD E5            [15] 5348 	push	ix
    00001635 DD 21 00 00      [14] 5349 	ld	ix,	#0
    00001639 DD 39            [15] 5350 	add	ix, sp
    0000163B 3B               [ 6] 5351 	dec	sp
    0000163C DD 77 FF         [19] 5352 	ld	-1 (ix), a
    0000163F 4D               [ 4] 5353 	ld	c, l
                                   5354 ;./bluebakas.c:1350: r = Rand16();
    00001640 C5               [11] 5355 	push	bc
    00001641 CDrD6r15         [17] 5356 	call	_Rand16
    00001644 EB               [ 4] 5357 	ex	de, hl
    00001645 C1               [10] 5358 	pop	bc
                                   5359 ;./bluebakas.c:1351: range = (u16)max - (u16)min + 1;
    00001646 DD 5E FF         [19] 5360 	ld	e, -1 (ix)
    00001649 79               [ 4] 5361 	ld	a, c
    0000164A 93               [ 4] 5362 	sub	a, e
    0000164B 5F               [ 4] 5363 	ld	e, a
    0000164C 9F               [ 4] 5364 	sbc	a, a
    0000164D 57               [ 4] 5365 	ld	d, a
    0000164E 13               [ 6] 5366 	inc	de
                                   5367 ;./bluebakas.c:1353: return min + (u8)(r % range);
    0000164F CDr00r00         [17] 5368 	call	__moduint
    00001652 7B               [ 4] 5369 	ld	a, e
    00001653 DD 86 FF         [19] 5370 	add	a, -1 (ix)
                                   5371 ;./bluebakas.c:1354: }
    00001656 33               [ 6] 5372 	inc	sp
    00001657 DD E1            [14] 5373 	pop	ix
    00001659 C9               [10] 5374 	ret
                                   5375 ;./bluebakas.c:1356: void PickMeanieSideMove(Meanie* meanie)
                                   5376 ;	---------------------------------
                                   5377 ; Function PickMeanieSideMove
                                   5378 ; ---------------------------------
    0000165A                       5379 _PickMeanieSideMove::
                                   5380 ;./bluebakas.c:1360: choice = RandRange(0, 2);
    0000165A E5               [11] 5381 	push	hl
    0000165B 2E 02            [ 7] 5382 	ld	l, #0x02
    0000165D AF               [ 4] 5383 	xor	a, a
    0000165E CDr33r16         [17] 5384 	call	_RandRange
    00001661 C1               [10] 5385 	pop	bc
    00001662 5F               [ 4] 5386 	ld	e, a
                                   5387 ;./bluebakas.c:1362: if(choice == 0)
    00001663 B7               [ 4] 5388 	or	a, a
    00001664 20 05            [12] 5389 	jr	nz, 00105$
                                   5390 ;./bluebakas.c:1363: distance = 8;
    00001666 1E 08            [ 7] 5391 	ld	e, #0x08
    00001668 C3r72r16         [10] 5392 	jp	00106$
    0000166B                       5393 00105$:
                                   5394 ;./bluebakas.c:1364: else if(choice == 1)
    0000166B 1D               [ 4] 5395 	dec	e
                                   5396 ;./bluebakas.c:1365: distance = 16;
                                   5397 ;./bluebakas.c:1367: distance = 32;
    0000166C 1E 10            [ 7] 5398 	ld	e, #0x10
    0000166E 28 02            [12] 5399 	jr	z, 00106$
    00001670 1E 20            [ 7] 5400 	ld	e, #0x20
    00001672                       5401 00106$:
                                   5402 ;./bluebakas.c:1369: meanie->MoveLeftFix = ((u16)distance) << FIX_SHIFT;
    00001672 21 21 00         [10] 5403 	ld	hl, #0x0021
    00001675 09               [11] 5404 	add	hl, bc
    00001676 16 00            [ 7] 5405 	ld	d, #0x00
    00001678 EB               [ 4] 5406 	ex	de, hl
    00001679 29               [11] 5407 	add	hl, hl
    0000167A 29               [11] 5408 	add	hl, hl
    0000167B 29               [11] 5409 	add	hl, hl
    0000167C 29               [11] 5410 	add	hl, hl
    0000167D EB               [ 4] 5411 	ex	de, hl
    0000167E 73               [ 7] 5412 	ld	(hl), e
    0000167F 23               [ 6] 5413 	inc	hl
    00001680 72               [ 7] 5414 	ld	(hl), d
                                   5415 ;./bluebakas.c:1373: if(Rand8() & 0x80)
    00001681 C5               [11] 5416 	push	bc
    00001682 CDr2Er16         [17] 5417 	call	_Rand8
    00001685 5F               [ 4] 5418 	ld	e, a
    00001686 C1               [10] 5419 	pop	bc
                                   5420 ;./bluebakas.c:1374: meanie->VXFix = MEANIE_HSPEED_FIX;
    00001687 21 1D 00         [10] 5421 	ld	hl, #0x001d
    0000168A 09               [11] 5422 	add	hl, bc
                                   5423 ;./bluebakas.c:1373: if(Rand8() & 0x80)
    0000168B CB 7B            [ 8] 5424 	bit	7, e
    0000168D 28 06            [12] 5425 	jr	z, 00108$
                                   5426 ;./bluebakas.c:1374: meanie->VXFix = MEANIE_HSPEED_FIX;
    0000168F 36 10            [10] 5427 	ld	(hl), #0x10
    00001691 23               [ 6] 5428 	inc	hl
    00001692 36 00            [10] 5429 	ld	(hl), #0x00
    00001694 C9               [10] 5430 	ret
    00001695                       5431 00108$:
                                   5432 ;./bluebakas.c:1376: meanie->VXFix = -MEANIE_HSPEED_FIX;
    00001695 36 F0            [10] 5433 	ld	(hl), #0xf0
    00001697 23               [ 6] 5434 	inc	hl
    00001698 36 FF            [10] 5435 	ld	(hl), #0xff
                                   5436 ;./bluebakas.c:1377: }
    0000169A C9               [10] 5437 	ret
                                   5438 ;./bluebakas.c:1379: void SpawnMeanie(Meanie* meanie)
                                   5439 ;	---------------------------------
                                   5440 ; Function SpawnMeanie
                                   5441 ; ---------------------------------
    0000169B                       5442 _SpawnMeanie::
                                   5443 ;./bluebakas.c:1385: x = RandRange(MEANIE_SPAWN_MIN_X, MEANIE_SPAWN_MAX_X);
    0000169B E5               [11] 5444 	push	hl
    0000169C 2E C8            [ 7] 5445 	ld	l, #0xc8
    0000169E 3E 28            [ 7] 5446 	ld	a, #0x28
    000016A0 CDr33r16         [17] 5447 	call	_RandRange
    000016A3 47               [ 4] 5448 	ld	b, a
    000016A4 D1               [10] 5449 	pop	de
                                   5450 ;./bluebakas.c:1388: meanie->XFix = ((i16)x) << FIX_SHIFT;
    000016A5 21 19 00         [10] 5451 	ld	hl, #0x0019
    000016A8 19               [11] 5452 	add	hl, de
    000016A9 48               [ 4] 5453 	ld	c, b
    000016AA AF               [ 4] 5454 	xor	a, a
    000016AB CB 21            [ 8] 5455 	sla	c
    000016AD 8F               [ 4] 5456 	adc	a, a
    000016AE CB 21            [ 8] 5457 	sla	c
    000016B0 8F               [ 4] 5458 	adc	a, a
    000016B1 CB 21            [ 8] 5459 	sla	c
    000016B3 8F               [ 4] 5460 	adc	a, a
    000016B4 CB 21            [ 8] 5461 	sla	c
    000016B6 8F               [ 4] 5462 	adc	a, a
    000016B7 71               [ 7] 5463 	ld	(hl), c
    000016B8 23               [ 6] 5464 	inc	hl
    000016B9 77               [ 7] 5465 	ld	(hl), a
                                   5466 ;./bluebakas.c:1389: meanie->YFix = ((i16)MEANIE_SPAWN_Y) << FIX_SHIFT;
    000016BA 21 1B 00         [10] 5467 	ld	hl, #0x001b
    000016BD 19               [11] 5468 	add	hl, de
    000016BE AF               [ 4] 5469 	xor	a, a
    000016BF 77               [ 7] 5470 	ld	(hl), a
    000016C0 23               [ 6] 5471 	inc	hl
    000016C1 77               [ 7] 5472 	ld	(hl), a
                                   5473 ;./bluebakas.c:1392: meanie->VYFix = MEANIE_VSPEED_FIX;
    000016C2 21 1F 00         [10] 5474 	ld	hl, #0x001f
    000016C5 19               [11] 5475 	add	hl, de
    000016C6 36 08            [10] 5476 	ld	(hl), #0x08
    000016C8 23               [ 6] 5477 	inc	hl
    000016C9 36 00            [10] 5478 	ld	(hl), #0x00
                                   5479 ;./bluebakas.c:1395: PickMeanieSideMove(meanie);
    000016CB C5               [11] 5480 	push	bc
    000016CC EB               [ 4] 5481 	ex	de, hl
    000016CD E5               [11] 5482 	push	hl
    000016CE CDr5Ar16         [17] 5483 	call	_PickMeanieSideMove
    000016D1 D1               [10] 5484 	pop	de
    000016D2 C1               [10] 5485 	pop	bc
                                   5486 ;./bluebakas.c:1397: Pawn_SetPosition(&meanie->PawnObj, x, MEANIE_SPAWN_Y);
    000016D3 6B               [ 4] 5487 	ld	l, e
    000016D4 62               [ 4] 5488 	ld	h, d
    000016D5 E5               [11] 5489 	push	hl
    000016D6 D5               [11] 5490 	push	de
    000016D7 AF               [ 4] 5491 	xor	a, a
    000016D8 F5               [11] 5492 	push	af
    000016D9 33               [ 6] 5493 	inc	sp
    000016DA C5               [11] 5494 	push	bc
    000016DB 33               [ 6] 5495 	inc	sp
    000016DC CDr00r00         [17] 5496 	call	_Pawn_SetPosition
    000016DF D1               [10] 5497 	pop	de
    000016E0 E1               [10] 5498 	pop	hl
                                   5499 ;./bluebakas.c:1398: Pawn_Enable(&meanie->PawnObj);
                                   5500 ;C:\Users\Jummy\Downloads\MSXgl-1.5.0b\engine/src/game/pawn.h:437: inline void Pawn_Enable(Pawn* pawn) { Pawn_SetEnable(pawn, TRUE); }
    000016E1 D5               [11] 5501 	push	de
    000016E2 3E 01            [ 7] 5502 	ld	a, #0x01
    000016E4 F5               [11] 5503 	push	af
    000016E5 33               [ 6] 5504 	inc	sp
    000016E6 CDr00r00         [17] 5505 	call	_Pawn_SetEnable
    000016E9 D1               [10] 5506 	pop	de
                                   5507 ;./bluebakas.c:1400: meanie->Tick = Rand8();
    000016EA 21 18 00         [10] 5508 	ld	hl, #0x0018
    000016ED 19               [11] 5509 	add	hl, de
    000016EE E5               [11] 5510 	push	hl
    000016EF D5               [11] 5511 	push	de
    000016F0 CDr2Er16         [17] 5512 	call	_Rand8
    000016F3 D1               [10] 5513 	pop	de
    000016F4 E1               [10] 5514 	pop	hl
    000016F5 77               [ 7] 5515 	ld	(hl), a
                                   5516 ;./bluebakas.c:1401: meanie->Active = TRUE;
    000016F6 21 17 00         [10] 5517 	ld	hl, #0x0017
    000016F9 19               [11] 5518 	add	hl, de
    000016FA 36 01            [10] 5519 	ld	(hl), #0x01
                                   5520 ;./bluebakas.c:1402: }
    000016FC C9               [10] 5521 	ret
                                   5522 ;./bluebakas.c:1404: void TrySpawnMeanie()
                                   5523 ;	---------------------------------
                                   5524 ; Function TrySpawnMeanie
                                   5525 ; ---------------------------------
    000016FD                       5526 _TrySpawnMeanie::
                                   5527 ;./bluebakas.c:1410: if((Rand8() & 0xF8) != 0)
    000016FD CDr2Er16         [17] 5528 	call	_Rand8
                                   5529 ;./bluebakas.c:1411: return;
                                   5530 ;./bluebakas.c:1414: for(i = 0; i < MEANIE_COUNT; i++)
    00001700 E6 F8            [ 7] 5531 	and	a, #0xf8
    00001702 C0               [11] 5532 	ret	nz
    00001703 4F               [ 4] 5533 	ld	c, a
    00001704                       5534 00106$:
                                   5535 ;./bluebakas.c:1416: if(!g_Meanies[i].Active)
    00001704 06 00            [ 7] 5536 	ld	b, #0x00
    00001706 69               [ 4] 5537 	ld	l, c
    00001707 60               [ 4] 5538 	ld	h, b
    00001708 29               [11] 5539 	add	hl, hl
    00001709 29               [11] 5540 	add	hl, hl
    0000170A 29               [11] 5541 	add	hl, hl
    0000170B 29               [11] 5542 	add	hl, hl
    0000170C 09               [11] 5543 	add	hl, bc
    0000170D 29               [11] 5544 	add	hl, hl
    0000170E 09               [11] 5545 	add	hl, bc
    0000170F EB               [ 4] 5546 	ex	de, hl
    00001710 21r00r00         [10] 5547 	ld	hl, #_g_Meanies
    00001713 19               [11] 5548 	add	hl, de
    00001714 EB               [ 4] 5549 	ex	de, hl
    00001715 D5               [11] 5550 	push	de
    00001716 FD E1            [14] 5551 	pop	iy
    00001718 FD 7E 17         [19] 5552 	ld	a, 23 (iy)
    0000171B B7               [ 4] 5553 	or	a, a
    0000171C 20 04            [12] 5554 	jr	nz, 00107$
                                   5555 ;./bluebakas.c:1418: SpawnMeanie(&g_Meanies[i]);
    0000171E EB               [ 4] 5556 	ex	de, hl
                                   5557 ;./bluebakas.c:1419: return;
    0000171F C3r9Br16         [10] 5558 	jp	_SpawnMeanie
    00001722                       5559 00107$:
                                   5560 ;./bluebakas.c:1414: for(i = 0; i < MEANIE_COUNT; i++)
    00001722 0C               [ 4] 5561 	inc	c
    00001723 79               [ 4] 5562 	ld	a, c
    00001724 D6 02            [ 7] 5563 	sub	a, #0x02
    00001726 38 DC            [12] 5564 	jr	c, 00106$
                                   5565 ;./bluebakas.c:1422: }
    00001728 C9               [10] 5566 	ret
                                   5567 ;./bluebakas.c:1424: bool CheckMeaniePoint(i16 px, i16 py, u8* hitTx, u8* hitTy)
                                   5568 ;	---------------------------------
                                   5569 ; Function CheckMeaniePoint
                                   5570 ; ---------------------------------
    00001729                       5571 _CheckMeaniePoint::
    00001729 DD E5            [15] 5572 	push	ix
    0000172B DD 21 00 00      [14] 5573 	ld	ix,	#0
    0000172F DD 39            [15] 5574 	add	ix, sp
                                   5575 ;./bluebakas.c:1430: if(px < 0 || py < 0)
    00001731 44               [ 4] 5576 	ld	b, h
    00001732 CB 78            [ 8] 5577 	bit	7, b
    00001734 20 05            [12] 5578 	jr	nz, 00101$
    00001736 42               [ 4] 5579 	ld	b, d
    00001737 CB 78            [ 8] 5580 	bit	7, b
    00001739 28 04            [12] 5581 	jr	z, 00102$
    0000173B                       5582 00101$:
                                   5583 ;./bluebakas.c:1431: return FALSE;
    0000173B AF               [ 4] 5584 	xor	a, a
    0000173C C3r88r17         [10] 5585 	jp	00109$
    0000173F                       5586 00102$:
                                   5587 ;./bluebakas.c:1433: tx = (u8)(px >> 3);
    0000173F CB 2C            [ 8] 5588 	sra	h
    00001741 CB 1D            [ 8] 5589 	rr	l
    00001743 CB 2C            [ 8] 5590 	sra	h
    00001745 CB 1D            [ 8] 5591 	rr	l
    00001747 CB 2C            [ 8] 5592 	sra	h
    00001749 CB 1D            [ 8] 5593 	rr	l
    0000174B 45               [ 4] 5594 	ld	b, l
                                   5595 ;./bluebakas.c:1434: ty = (u8)(py >> 3);
    0000174C CB 2A            [ 8] 5596 	sra	d
    0000174E CB 1B            [ 8] 5597 	rr	e
    00001750 CB 2A            [ 8] 5598 	sra	d
    00001752 CB 1B            [ 8] 5599 	rr	e
    00001754 CB 2A            [ 8] 5600 	sra	d
    00001756 CB 1B            [ 8] 5601 	rr	e
    00001758 4B               [ 4] 5602 	ld	c, e
                                   5603 ;./bluebakas.c:1436: if(tx >= PLAYFIELD_W || ty >= PLAYFIELD_H)
    00001759 78               [ 4] 5604 	ld	a, b
    0000175A D6 20            [ 7] 5605 	sub	a, #0x20
    0000175C 30 05            [12] 5606 	jr	nc, 00104$
    0000175E 79               [ 4] 5607 	ld	a, c
    0000175F D6 16            [ 7] 5608 	sub	a, #0x16
    00001761 38 04            [12] 5609 	jr	c, 00105$
    00001763                       5610 00104$:
                                   5611 ;./bluebakas.c:1437: return FALSE;
    00001763 AF               [ 4] 5612 	xor	a, a
    00001764 C3r88r17         [10] 5613 	jp	00109$
    00001767                       5614 00105$:
                                   5615 ;./bluebakas.c:1439: tile = GetMapTile(tx, ty);
    00001767 C5               [11] 5616 	push	bc
    00001768 69               [ 4] 5617 	ld	l, c
    00001769 78               [ 4] 5618 	ld	a, b
    0000176A CDr5Cr0D         [17] 5619 	call	_GetMapTile
                                   5620 ;./bluebakas.c:1441: if(IsDestroyableTile(tile))
    0000176D CDrC1r0D         [17] 5621 	call	_IsDestroyableTile
    00001770 C1               [10] 5622 	pop	bc
    00001771 B7               [ 4] 5623 	or	a, a
    00001772 28 13            [12] 5624 	jr	z, 00108$
                                   5625 ;./bluebakas.c:1443: *hitTx = tx;
    00001774 DD 6E 04         [19] 5626 	ld	l, 4 (ix)
    00001777 DD 66 05         [19] 5627 	ld	h, 5 (ix)
    0000177A 70               [ 7] 5628 	ld	(hl), b
                                   5629 ;./bluebakas.c:1444: *hitTy = ty;
    0000177B DD 6E 06         [19] 5630 	ld	l, 6 (ix)
    0000177E DD 66 07         [19] 5631 	ld	h, 7 (ix)
    00001781 71               [ 7] 5632 	ld	(hl), c
                                   5633 ;./bluebakas.c:1445: return TRUE;
    00001782 3E 01            [ 7] 5634 	ld	a, #0x01
    00001784 C3r88r17         [10] 5635 	jp	00109$
    00001787                       5636 00108$:
                                   5637 ;./bluebakas.c:1448: return FALSE;
    00001787 AF               [ 4] 5638 	xor	a, a
    00001788                       5639 00109$:
                                   5640 ;./bluebakas.c:1449: }
    00001788 DD E1            [14] 5641 	pop	ix
    0000178A E1               [10] 5642 	pop	hl
    0000178B C1               [10] 5643 	pop	bc
    0000178C C1               [10] 5644 	pop	bc
    0000178D E9               [ 4] 5645 	jp	(hl)
                                   5646 ;./bluebakas.c:1451: bool CheckMeanieCrashAt(Meanie* meanie, i16 x, i16 y)
                                   5647 ;	---------------------------------
                                   5648 ; Function CheckMeanieCrashAt
                                   5649 ; ---------------------------------
    0000178E                       5650 _CheckMeanieCrashAt::
    0000178E DD E5            [15] 5651 	push	ix
    00001790 DD 21 00 00      [14] 5652 	ld	ix,	#0
    00001794 DD 39            [15] 5653 	add	ix, sp
    00001796 F5               [11] 5654 	push	af
    00001797 F5               [11] 5655 	push	af
    00001798 DD 75 FE         [19] 5656 	ld	-2 (ix), l
    0000179B DD 74 FF         [19] 5657 	ld	-1 (ix), h
    0000179E 4B               [ 4] 5658 	ld	c, e
    0000179F 42               [ 4] 5659 	ld	b, d
                                   5660 ;./bluebakas.c:1459: CheckMeaniePoint(x + 1, y + 1, &tx, &ty) ||
    000017A0 DD 6E 04         [19] 5661 	ld	l, 4 (ix)
    000017A3 DD 66 05         [19] 5662 	ld	h, 5 (ix)
    000017A6 5D               [ 4] 5663 	ld	e, l
    000017A7 54               [ 4] 5664 	ld	d, h
    000017A8 13               [ 6] 5665 	inc	de
    000017A9 C5               [11] 5666 	push	bc
    000017AA FD E1            [14] 5667 	pop	iy
    000017AC FD 23            [10] 5668 	inc	iy
    000017AE E5               [11] 5669 	push	hl
    000017AF C5               [11] 5670 	push	bc
    000017B0 D5               [11] 5671 	push	de
    000017B1 FD E5            [15] 5672 	push	iy
    000017B3 E5               [11] 5673 	push	hl
    000017B4 21 0B 00         [10] 5674 	ld	hl, #11
    000017B7 39               [11] 5675 	add	hl, sp
    000017B8 E3               [19] 5676 	ex	(sp), hl
    000017B9 E5               [11] 5677 	push	hl
    000017BA 21 0C 00         [10] 5678 	ld	hl, #12
    000017BD 39               [11] 5679 	add	hl, sp
    000017BE E3               [19] 5680 	ex	(sp), hl
    000017BF FD E5            [15] 5681 	push	iy
    000017C1 E1               [10] 5682 	pop	hl
    000017C2 CDr29r17         [17] 5683 	call	_CheckMeaniePoint
    000017C5 FD E1            [14] 5684 	pop	iy
    000017C7 D1               [10] 5685 	pop	de
    000017C8 C1               [10] 5686 	pop	bc
    000017C9 E1               [10] 5687 	pop	hl
    000017CA B7               [ 4] 5688 	or	a, a
    000017CB 20 4D            [12] 5689 	jr	nz, 00101$
                                   5690 ;./bluebakas.c:1460: CheckMeaniePoint(x + 7, y + 1, &tx, &ty) ||
    000017CD 79               [ 4] 5691 	ld	a, c
    000017CE C6 07            [ 7] 5692 	add	a, #0x07
    000017D0 4F               [ 4] 5693 	ld	c, a
    000017D1 30 01            [12] 5694 	jr	nc, 00133$
    000017D3 04               [ 4] 5695 	inc	b
    000017D4                       5696 00133$:
    000017D4 E5               [11] 5697 	push	hl
    000017D5 C5               [11] 5698 	push	bc
    000017D6 FD E5            [15] 5699 	push	iy
    000017D8 E5               [11] 5700 	push	hl
    000017D9 21 09 00         [10] 5701 	ld	hl, #9
    000017DC 39               [11] 5702 	add	hl, sp
    000017DD E3               [19] 5703 	ex	(sp), hl
    000017DE E5               [11] 5704 	push	hl
    000017DF 21 0A 00         [10] 5705 	ld	hl, #10
    000017E2 39               [11] 5706 	add	hl, sp
    000017E3 E3               [19] 5707 	ex	(sp), hl
    000017E4 69               [ 4] 5708 	ld	l, c
    000017E5 60               [ 4] 5709 	ld	h, b
    000017E6 CDr29r17         [17] 5710 	call	_CheckMeaniePoint
    000017E9 FD E1            [14] 5711 	pop	iy
    000017EB C1               [10] 5712 	pop	bc
    000017EC E1               [10] 5713 	pop	hl
    000017ED B7               [ 4] 5714 	or	a, a
    000017EE 20 2A            [12] 5715 	jr	nz, 00101$
                                   5716 ;./bluebakas.c:1461: CheckMeaniePoint(x + 1, y + 7, &tx, &ty) ||
    000017F0 11 07 00         [10] 5717 	ld	de, #0x0007
    000017F3 19               [11] 5718 	add	hl, de
    000017F4 C5               [11] 5719 	push	bc
    000017F5 EB               [ 4] 5720 	ex	de, hl
    000017F6 D5               [11] 5721 	push	de
    000017F7 F5               [11] 5722 	push	af
    000017F8 21 07 00         [10] 5723 	ld	hl, #7
    000017FB 39               [11] 5724 	add	hl, sp
    000017FC F1               [10] 5725 	pop	af
    000017FD E5               [11] 5726 	push	hl
    000017FE 2B               [ 6] 5727 	dec	hl
    000017FF E5               [11] 5728 	push	hl
    00001800 FD E5            [15] 5729 	push	iy
    00001802 E1               [10] 5730 	pop	hl
    00001803 CDr29r17         [17] 5731 	call	_CheckMeaniePoint
    00001806 D1               [10] 5732 	pop	de
    00001807 C1               [10] 5733 	pop	bc
    00001808 B7               [ 4] 5734 	or	a, a
    00001809 20 0F            [12] 5735 	jr	nz, 00101$
                                   5736 ;./bluebakas.c:1462: CheckMeaniePoint(x + 7, y + 7, &tx, &ty)
    0000180B 21 01 00         [10] 5737 	ld	hl, #1
    0000180E 39               [11] 5738 	add	hl, sp
    0000180F E5               [11] 5739 	push	hl
    00001810 2B               [ 6] 5740 	dec	hl
    00001811 E5               [11] 5741 	push	hl
    00001812 69               [ 4] 5742 	ld	l, c
    00001813 60               [ 4] 5743 	ld	h, b
    00001814 CDr29r17         [17] 5744 	call	_CheckMeaniePoint
    00001817 B7               [ 4] 5745 	or	a, a
    00001818 28 26            [12] 5746 	jr	z, 00102$
    0000181A                       5747 00101$:
                                   5748 ;./bluebakas.c:1465: DestroyMapTile(tx, ty);
    0000181A DD 6E FD         [19] 5749 	ld	l, -3 (ix)
    0000181D DD 7E FC         [19] 5750 	ld	a, -4 (ix)
    00001820 CDr48r18         [17] 5751 	call	_DestroyMapTile
                                   5752 ;./bluebakas.c:1467: Pawn_Disable(&meanie->PawnObj);
    00001823 DD 6E FE         [19] 5753 	ld	l, -2 (ix)
    00001826 DD 66 FF         [19] 5754 	ld	h, -1 (ix)
                                   5755 ;C:\Users\Jummy\Downloads\MSXgl-1.5.0b\engine/src/game/pawn.h:430: inline void Pawn_Disable(Pawn* pawn) { Pawn_SetEnable(pawn, FALSE); }
    00001829 AF               [ 4] 5756 	xor	a, a
    0000182A F5               [11] 5757 	push	af
    0000182B 33               [ 6] 5758 	inc	sp
    0000182C CDr00r00         [17] 5759 	call	_Pawn_SetEnable
                                   5760 ;./bluebakas.c:1468: meanie->Active = FALSE;
    0000182F DD 6E FE         [19] 5761 	ld	l, -2 (ix)
    00001832 DD 66 FF         [19] 5762 	ld	h, -1 (ix)
    00001835 11 17 00         [10] 5763 	ld	de, #0x0017
    00001838 19               [11] 5764 	add	hl, de
    00001839 36 00            [10] 5765 	ld	(hl), #0x00
                                   5766 ;./bluebakas.c:1470: return TRUE;
    0000183B 3E 01            [ 7] 5767 	ld	a, #0x01
    0000183D C3r41r18         [10] 5768 	jp	00107$
    00001840                       5769 00102$:
                                   5770 ;./bluebakas.c:1473: return FALSE;
    00001840 AF               [ 4] 5771 	xor	a, a
    00001841                       5772 00107$:
                                   5773 ;./bluebakas.c:1474: }
    00001841 DD F9            [10] 5774 	ld	sp, ix
    00001843 DD E1            [14] 5775 	pop	ix
    00001845 E1               [10] 5776 	pop	hl
    00001846 C1               [10] 5777 	pop	bc
    00001847 E9               [ 4] 5778 	jp	(hl)
                                   5779 ;./bluebakas.c:1476: void DestroyMapTile(u8 tx, u8 ty)
                                   5780 ;	---------------------------------
                                   5781 ; Function DestroyMapTile
                                   5782 ; ---------------------------------
    00001848                       5783 _DestroyMapTile::
    00001848 DD E5            [15] 5784 	push	ix
    0000184A DD 21 00 00      [14] 5785 	ld	ix,	#0
    0000184E DD 39            [15] 5786 	add	ix, sp
    00001850 F5               [11] 5787 	push	af
    00001851 3B               [ 6] 5788 	dec	sp
    00001852 DD 77 FF         [19] 5789 	ld	-1 (ix), a
                                   5790 ;./bluebakas.c:1480: tile = GetMapTile(tx, ty);
    00001855 DD 75 FE         [19] 5791 	ld	-2 (ix), l
    00001858 DD 7E FF         [19] 5792 	ld	a, -1 (ix)
    0000185B CDr5Cr0D         [17] 5793 	call	_GetMapTile
                                   5794 ;./bluebakas.c:1483: if(tile == TILE_REPAIR_ROBOT)
    0000185E DD 77 FD         [19] 5795 	ld	-3 (ix), a
    00001861 D6 02            [ 7] 5796 	sub	a, #0x02
    00001863 28 79            [12] 5797 	jr	z, 00111$
                                   5798 ;./bluebakas.c:1484: return;
                                   5799 ;./bluebakas.c:1486: if(tile == TILE_CORE)
    00001865 DD 7E FD         [19] 5800 	ld	a, -3 (ix)
    00001868 D6 10            [ 7] 5801 	sub	a, #0x10
    0000186A 20 41            [12] 5802 	jr	nz, 00106$
                                   5803 ;./bluebakas.c:1488: g_hasHUDChanged = TRUE;
    0000186C 21r19r00         [10] 5804 	ld	hl, #_g_hasHUDChanged
    0000186F 36 01            [10] 5805 	ld	(hl), #0x01
                                   5806 ;./bluebakas.c:1489: g_ShowGoodHit = FALSE;
    00001871 AF               [ 4] 5807 	xor	a, a
    00001872 32r18r00         [13] 5808 	ld	(#_g_ShowGoodHit), a
                                   5809 ;./bluebakas.c:1491: DrawHUD();
    00001875 CDr84r1E         [17] 5810 	call	_DrawHUD
                                   5811 ;./bluebakas.c:1492: Print_DrawTextAt(23, 22, "  OVERRUN");
                                   5812 ;C:\Users\Jummy\Downloads\MSXgl-1.5.0b\engine/src/print.h:268: PRINT_DATA.CursorX = x;
    00001878 21r05r00         [10] 5813 	ld	hl, #_g_PrintData + 5
    0000187B 36 17            [10] 5814 	ld	(hl), #0x17
                                   5815 ;C:\Users\Jummy\Downloads\MSXgl-1.5.0b\engine/src/print.h:269: PRINT_DATA.CursorY = y;
    0000187D 21r06r00         [10] 5816 	ld	hl, #_g_PrintData + 6
    00001880 36 16            [10] 5817 	ld	(hl), #0x16
                                   5818 ;C:\Users\Jummy\Downloads\MSXgl-1.5.0b\engine/src/print.h:552: inline void Print_DrawTextAt(UX x, UY y, const c8* str) { Print_SetPosition(x, y); Print_DrawText(str); }
    00001882 21rE3r18         [10] 5819 	ld	hl, #___str_2
    00001885 CDr00r00         [17] 5820 	call	_Print_DrawText
                                   5821 ;./bluebakas.c:1494: g_GameOverToTitle = TRUE;
    00001888 21r0Fr00         [10] 5822 	ld	hl, #_g_GameOverToTitle
    0000188B 36 01            [10] 5823 	ld	(hl), #0x01
                                   5824 ;./bluebakas.c:1495: g_GameOverSoundDone = FALSE;
                                   5825 ;./bluebakas.c:1498: g_FuelSoundWanted = FALSE;
    0000188D AF               [ 4] 5826 	xor	a, a
    0000188E 32r10r00         [13] 5827 	ld	(#_g_GameOverSoundDone), a
    00001891 32r0Dr00         [13] 5828 	ld	(#_g_FuelSoundWanted), a
                                   5829 ;./bluebakas.c:1499: g_FuelSoundRestart = FALSE;
    00001894 AF               [ 4] 5830 	xor	a, a
    00001895 32r0Er00         [13] 5831 	ld	(#_g_FuelSoundRestart), a
                                   5832 ;./bluebakas.c:1501: ayFX_Mute();
    00001898 CDr00r00         [17] 5833 	call	_ayFX_Mute
                                   5834 ;./bluebakas.c:1505: if(ayFX_PlayBank(7, 0) != AYFX_ERROR_NONE)
    0000189B 2E 00            [ 7] 5835 	ld	l, #0x00
    0000189D 3E 07            [ 7] 5836 	ld	a, #0x07
    0000189F CDr00r00         [17] 5837 	call	_ayFX_PlayBank
    000018A2 B7               [ 4] 5838 	or	a, a
    000018A3 28 39            [12] 5839 	jr	z, 00111$
                                   5840 ;./bluebakas.c:1508: g_GameOverSoundDone = TRUE;
    000018A5 21r10r00         [10] 5841 	ld	hl, #_g_GameOverSoundDone
    000018A8 36 01            [10] 5842 	ld	(hl), #0x01
                                   5843 ;./bluebakas.c:1511: return;
    000018AA C3rDEr18         [10] 5844 	jp	00111$
    000018AD                       5845 00106$:
                                   5846 ;./bluebakas.c:1514: Energy -= 50;
    000018AD 2Ar01r00         [16] 5847 	ld	hl, (_Energy)
    000018B0 7D               [ 4] 5848 	ld	a, l
    000018B1 C6 CE            [ 7] 5849 	add	a, #0xce
    000018B3 6F               [ 4] 5850 	ld	l, a
    000018B4 7C               [ 4] 5851 	ld	a, h
    000018B5 CE FF            [ 7] 5852 	adc	a, #0xff
    000018B7 67               [ 4] 5853 	ld	h, a
    000018B8 22r01r00         [16] 5854 	ld	(_Energy), hl
                                   5855 ;./bluebakas.c:1515: Print_DrawTextAt(23, 22, " SHIP HIT");
                                   5856 ;C:\Users\Jummy\Downloads\MSXgl-1.5.0b\engine/src/print.h:268: PRINT_DATA.CursorX = x;
    000018BB 21r05r00         [10] 5857 	ld	hl, #_g_PrintData + 5
    000018BE 36 17            [10] 5858 	ld	(hl), #0x17
                                   5859 ;C:\Users\Jummy\Downloads\MSXgl-1.5.0b\engine/src/print.h:269: PRINT_DATA.CursorY = y;
    000018C0 21r06r00         [10] 5860 	ld	hl, #_g_PrintData + 6
    000018C3 36 16            [10] 5861 	ld	(hl), #0x16
                                   5862 ;C:\Users\Jummy\Downloads\MSXgl-1.5.0b\engine/src/print.h:552: inline void Print_DrawTextAt(UX x, UY y, const c8* str) { Print_SetPosition(x, y); Print_DrawText(str); }
    000018C5 21rEDr18         [10] 5863 	ld	hl, #___str_3
    000018C8 CDr00r00         [17] 5864 	call	_Print_DrawText
                                   5865 ;./bluebakas.c:1516: g_ShowGoodHit = FALSE;
    000018CB AF               [ 4] 5866 	xor	a, a
    000018CC 32r18r00         [13] 5867 	ld	(#_g_ShowGoodHit), a
                                   5868 ;./bluebakas.c:1517: DrawHUD();
    000018CF CDr84r1E         [17] 5869 	call	_DrawHUD
                                   5870 ;./bluebakas.c:1519: SetMapTile(tx, ty, TILE_EMPTY);
    000018D2 AF               [ 4] 5871 	xor	a, a
    000018D3 F5               [11] 5872 	push	af
    000018D4 33               [ 6] 5873 	inc	sp
    000018D5 DD 6E FE         [19] 5874 	ld	l, -2 (ix)
    000018D8 DD 7E FF         [19] 5875 	ld	a, -1 (ix)
    000018DB CDr8Er0D         [17] 5876 	call	_SetMapTile
    000018DE                       5877 00111$:
                                   5878 ;./bluebakas.c:1520: }
    000018DE DD F9            [10] 5879 	ld	sp, ix
    000018E0 DD E1            [14] 5880 	pop	ix
    000018E2 C9               [10] 5881 	ret
    000018E3                       5882 ___str_2:
    000018E3 20 20 4F 56 45 52 52  5883 	.ascii "  OVERRUN"
             55 4E
    000018EC 00                    5884 	.db 0x00
    000018ED                       5885 ___str_3:
    000018ED 20 53 48 49 50 20 48  5886 	.ascii " SHIP HIT"
             49 54
    000018F6 00                    5887 	.db 0x00
                                   5888 ;./bluebakas.c:1522: void UpdateOneMeanie(Meanie* meanie)
                                   5889 ;	---------------------------------
                                   5890 ; Function UpdateOneMeanie
                                   5891 ; ---------------------------------
    000018F7                       5892 _UpdateOneMeanie::
    000018F7 DD E5            [15] 5893 	push	ix
    000018F9 DD 21 00 00      [14] 5894 	ld	ix,	#0
    000018FD DD 39            [15] 5895 	add	ix, sp
    000018FF FD 21 F2 FF      [14] 5896 	ld	iy, #-14
    00001903 FD 39            [15] 5897 	add	iy, sp
    00001905 FD F9            [10] 5898 	ld	sp, iy
    00001907 DD 75 FE         [19] 5899 	ld	-2 (ix), l
    0000190A DD 74 FF         [19] 5900 	ld	-1 (ix), h
                                   5901 ;./bluebakas.c:1528: if(!meanie->Active)
    0000190D 11 17 00         [10] 5902 	ld	de, #0x0017
    00001910 DD 6E FE         [19] 5903 	ld	l, -2 (ix)
    00001913 DD 66 FF         [19] 5904 	ld	h, -1 (ix)
    00001916 19               [11] 5905 	add	hl, de
    00001917 E3               [19] 5906 	ex	(sp), hl
    00001918 E1               [10] 5907 	pop	hl
    00001919 E5               [11] 5908 	push	hl
    0000191A 7E               [ 7] 5909 	ld	a, (hl)
    0000191B DD 77 FD         [19] 5910 	ld	-3 (ix), a
    0000191E B7               [ 4] 5911 	or	a, a
                                   5912 ;./bluebakas.c:1529: return;
    0000191F CAr40r1B         [10] 5913 	jp	z, 00118$
                                   5914 ;./bluebakas.c:1532: if(meanie->MoveLeftFix == 0)
    00001922 11 21 00         [10] 5915 	ld	de, #0x0021
    00001925 DD 6E FE         [19] 5916 	ld	l, -2 (ix)
    00001928 DD 66 FF         [19] 5917 	ld	h, -1 (ix)
    0000192B 19               [11] 5918 	add	hl, de
    0000192C DD 75 F8         [19] 5919 	ld	-8 (ix), l
    0000192F DD 74 F9         [19] 5920 	ld	-7 (ix), h
    00001932 7E               [ 7] 5921 	ld	a, (hl)
    00001933 23               [ 6] 5922 	inc	hl
    00001934 B6               [ 7] 5923 	or	a, (hl)
    00001935 20 09            [12] 5924 	jr	nz, 00104$
                                   5925 ;./bluebakas.c:1534: PickMeanieSideMove(meanie);
    00001937 DD 6E FE         [19] 5926 	ld	l, -2 (ix)
    0000193A DD 66 FF         [19] 5927 	ld	h, -1 (ix)
    0000193D CDr5Ar16         [17] 5928 	call	_PickMeanieSideMove
    00001940                       5929 00104$:
                                   5930 ;./bluebakas.c:1538: if(meanie->MoveLeftFix < MEANIE_HSPEED_FIX)
    00001940 DD 6E F8         [19] 5931 	ld	l, -8 (ix)
    00001943 DD 66 F9         [19] 5932 	ld	h, -7 (ix)
    00001946 7E               [ 7] 5933 	ld	a, (hl)
    00001947 DD 77 FA         [19] 5934 	ld	-6 (ix), a
    0000194A 23               [ 6] 5935 	inc	hl
    0000194B 7E               [ 7] 5936 	ld	a, (hl)
    0000194C DD 77 FB         [19] 5937 	ld	-5 (ix), a
    0000194F DD 7E FA         [19] 5938 	ld	a, -6 (ix)
    00001952 DD 77 F6         [19] 5939 	ld	-10 (ix), a
    00001955 DD 7E FB         [19] 5940 	ld	a, -5 (ix)
    00001958 DD 77 F7         [19] 5941 	ld	-9 (ix), a
                                   5942 ;./bluebakas.c:1540: if(meanie->VXFix < 0)
    0000195B DD 7E FE         [19] 5943 	ld	a, -2 (ix)
    0000195E DD 77 FC         [19] 5944 	ld	-4 (ix), a
    00001961 DD 7E FF         [19] 5945 	ld	a, -1 (ix)
    00001964 DD 77 FD         [19] 5946 	ld	-3 (ix), a
    00001967 DD 6E FC         [19] 5947 	ld	l, -4 (ix)
    0000196A DD 66 FD         [19] 5948 	ld	h, -3 (ix)
    0000196D 11 1D 00         [10] 5949 	ld	de, #0x001d
    00001970 19               [11] 5950 	add	hl, de
    00001971 7E               [ 7] 5951 	ld	a, (hl)
    00001972 DD 77 FC         [19] 5952 	ld	-4 (ix), a
    00001975 23               [ 6] 5953 	inc	hl
    00001976 7E               [ 7] 5954 	ld	a, (hl)
    00001977 DD 77 FD         [19] 5955 	ld	-3 (ix), a
                                   5956 ;./bluebakas.c:1538: if(meanie->MoveLeftFix < MEANIE_HSPEED_FIX)
    0000197A DD 7E F6         [19] 5957 	ld	a, -10 (ix)
    0000197D D6 10            [ 7] 5958 	sub	a, #0x10
    0000197F DD 7E F7         [19] 5959 	ld	a, -9 (ix)
    00001982 DE 00            [ 7] 5960 	sbc	a, #0x00
    00001984 30 30            [12] 5961 	jr	nc, 00109$
                                   5962 ;./bluebakas.c:1540: if(meanie->VXFix < 0)
                                   5963 ;./bluebakas.c:1541: step = -(i16)meanie->MoveLeftFix;
                                   5964 ;./bluebakas.c:1540: if(meanie->VXFix < 0)
    00001986 DD CB FD 7E      [20] 5965 	bit	7, -3 (ix)
    0000198A 28 11            [12] 5966 	jr	z, 00106$
                                   5967 ;./bluebakas.c:1541: step = -(i16)meanie->MoveLeftFix;
    0000198C AF               [ 4] 5968 	xor	a, a
    0000198D DD 96 FA         [19] 5969 	sub	a, -6 (ix)
    00001990 DD 77 FC         [19] 5970 	ld	-4 (ix), a
    00001993 9F               [ 4] 5971 	sbc	a, a
    00001994 DD 96 FB         [19] 5972 	sub	a, -5 (ix)
    00001997 DD 77 FD         [19] 5973 	ld	-3 (ix), a
    0000199A C3rA9r19         [10] 5974 	jp	00107$
    0000199D                       5975 00106$:
                                   5976 ;./bluebakas.c:1543: step = (i16)meanie->MoveLeftFix;
    0000199D DD 7E FA         [19] 5977 	ld	a, -6 (ix)
    000019A0 DD 77 FC         [19] 5978 	ld	-4 (ix), a
    000019A3 DD 7E FB         [19] 5979 	ld	a, -5 (ix)
    000019A6 DD 77 FD         [19] 5980 	ld	-3 (ix), a
    000019A9                       5981 00107$:
                                   5982 ;./bluebakas.c:1545: meanie->MoveLeftFix = 0;
    000019A9 DD 6E F8         [19] 5983 	ld	l, -8 (ix)
    000019AC DD 66 F9         [19] 5984 	ld	h, -7 (ix)
    000019AF AF               [ 4] 5985 	xor	a, a
    000019B0 77               [ 7] 5986 	ld	(hl), a
    000019B1 23               [ 6] 5987 	inc	hl
    000019B2 77               [ 7] 5988 	ld	(hl), a
    000019B3 C3rCBr19         [10] 5989 	jp	00110$
    000019B6                       5990 00109$:
                                   5991 ;./bluebakas.c:1549: step = meanie->VXFix;
                                   5992 ;./bluebakas.c:1550: meanie->MoveLeftFix -= MEANIE_HSPEED_FIX;
    000019B6 DD 7E F6         [19] 5993 	ld	a, -10 (ix)
    000019B9 C6 F0            [ 7] 5994 	add	a, #0xf0
    000019BB 4F               [ 4] 5995 	ld	c, a
    000019BC DD 7E F7         [19] 5996 	ld	a, -9 (ix)
    000019BF CE FF            [ 7] 5997 	adc	a, #0xff
    000019C1 47               [ 4] 5998 	ld	b, a
    000019C2 DD 6E F8         [19] 5999 	ld	l, -8 (ix)
    000019C5 DD 66 F9         [19] 6000 	ld	h, -7 (ix)
    000019C8 71               [ 7] 6001 	ld	(hl), c
    000019C9 23               [ 6] 6002 	inc	hl
    000019CA 70               [ 7] 6003 	ld	(hl), b
    000019CB                       6004 00110$:
                                   6005 ;./bluebakas.c:1554: meanie->XFix += step;
    000019CB 11 19 00         [10] 6006 	ld	de, #0x0019
    000019CE DD 6E FE         [19] 6007 	ld	l, -2 (ix)
    000019D1 DD 66 FF         [19] 6008 	ld	h, -1 (ix)
    000019D4 19               [11] 6009 	add	hl, de
    000019D5 DD 75 F4         [19] 6010 	ld	-12 (ix), l
    000019D8 DD 74 F5         [19] 6011 	ld	-11 (ix), h
    000019DB C1               [10] 6012 	pop	bc
    000019DC E1               [10] 6013 	pop	hl
    000019DD E5               [11] 6014 	push	hl
    000019DE C5               [11] 6015 	push	bc
    000019DF 7E               [ 7] 6016 	ld	a, (hl)
    000019E0 DD 77 F8         [19] 6017 	ld	-8 (ix), a
    000019E3 23               [ 6] 6018 	inc	hl
    000019E4 7E               [ 7] 6019 	ld	a, (hl)
    000019E5 DD 77 F9         [19] 6020 	ld	-7 (ix), a
    000019E8 DD 5E FC         [19] 6021 	ld	e, -4 (ix)
    000019EB DD 56 FD         [19] 6022 	ld	d, -3 (ix)
    000019EE DD 6E F8         [19] 6023 	ld	l, -8 (ix)
    000019F1 DD 66 F9         [19] 6024 	ld	h, -7 (ix)
    000019F4 19               [11] 6025 	add	hl, de
    000019F5 DD 75 FA         [19] 6026 	ld	-6 (ix), l
    000019F8 DD 74 FB         [19] 6027 	ld	-5 (ix), h
    000019FB DD 6E F4         [19] 6028 	ld	l, -12 (ix)
    000019FE DD 66 F5         [19] 6029 	ld	h, -11 (ix)
    00001A01 DD 7E FA         [19] 6030 	ld	a, -6 (ix)
    00001A04 77               [ 7] 6031 	ld	(hl), a
    00001A05 23               [ 6] 6032 	inc	hl
    00001A06 DD 7E FB         [19] 6033 	ld	a, -5 (ix)
    00001A09 77               [ 7] 6034 	ld	(hl), a
                                   6035 ;./bluebakas.c:1555: meanie->YFix += meanie->VYFix;
    00001A0A 11 1B 00         [10] 6036 	ld	de, #0x001b
    00001A0D DD 6E FE         [19] 6037 	ld	l, -2 (ix)
    00001A10 DD 66 FF         [19] 6038 	ld	h, -1 (ix)
    00001A13 19               [11] 6039 	add	hl, de
    00001A14 DD 75 F6         [19] 6040 	ld	-10 (ix), l
    00001A17 DD 74 F7         [19] 6041 	ld	-9 (ix), h
    00001A1A 7E               [ 7] 6042 	ld	a, (hl)
    00001A1B DD 77 F8         [19] 6043 	ld	-8 (ix), a
    00001A1E 23               [ 6] 6044 	inc	hl
    00001A1F 7E               [ 7] 6045 	ld	a, (hl)
    00001A20 DD 77 F9         [19] 6046 	ld	-7 (ix), a
    00001A23 DD 7E FE         [19] 6047 	ld	a, -2 (ix)
    00001A26 DD 77 FC         [19] 6048 	ld	-4 (ix), a
    00001A29 DD 7E FF         [19] 6049 	ld	a, -1 (ix)
    00001A2C DD 77 FD         [19] 6050 	ld	-3 (ix), a
    00001A2F DD 6E FC         [19] 6051 	ld	l, -4 (ix)
    00001A32 DD 66 FD         [19] 6052 	ld	h, -3 (ix)
    00001A35 11 1F 00         [10] 6053 	ld	de, #0x001f
    00001A38 19               [11] 6054 	add	hl, de
    00001A39 7E               [ 7] 6055 	ld	a, (hl)
    00001A3A DD 77 FA         [19] 6056 	ld	-6 (ix), a
    00001A3D 23               [ 6] 6057 	inc	hl
    00001A3E 7E               [ 7] 6058 	ld	a, (hl)
    00001A3F DD 77 FB         [19] 6059 	ld	-5 (ix), a
    00001A42 DD 5E FA         [19] 6060 	ld	e, -6 (ix)
    00001A45 DD 56 FB         [19] 6061 	ld	d, -5 (ix)
    00001A48 DD 6E F8         [19] 6062 	ld	l, -8 (ix)
    00001A4B DD 66 F9         [19] 6063 	ld	h, -7 (ix)
    00001A4E 19               [11] 6064 	add	hl, de
    00001A4F DD 75 FC         [19] 6065 	ld	-4 (ix), l
    00001A52 DD 74 FD         [19] 6066 	ld	-3 (ix), h
    00001A55 DD 6E F6         [19] 6067 	ld	l, -10 (ix)
    00001A58 DD 66 F7         [19] 6068 	ld	h, -9 (ix)
    00001A5B DD 7E FC         [19] 6069 	ld	a, -4 (ix)
    00001A5E 77               [ 7] 6070 	ld	(hl), a
    00001A5F 23               [ 6] 6071 	inc	hl
    00001A60 DD 7E FD         [19] 6072 	ld	a, -3 (ix)
    00001A63 77               [ 7] 6073 	ld	(hl), a
                                   6074 ;./bluebakas.c:1557: x = meanie->XFix >> FIX_SHIFT;
    00001A64 C1               [10] 6075 	pop	bc
    00001A65 E1               [10] 6076 	pop	hl
    00001A66 E5               [11] 6077 	push	hl
    00001A67 C5               [11] 6078 	push	bc
    00001A68 7E               [ 7] 6079 	ld	a, (hl)
    00001A69 DD 77 FA         [19] 6080 	ld	-6 (ix), a
    00001A6C 23               [ 6] 6081 	inc	hl
    00001A6D 7E               [ 7] 6082 	ld	a, (hl)
    00001A6E DD 77 FB         [19] 6083 	ld	-5 (ix), a
    00001A71 DD CB FB 2E      [23] 6084 	sra	-5 (ix)
    00001A75 DD CB FA 1E      [23] 6085 	rr	-6 (ix)
    00001A79 DD CB FB 2E      [23] 6086 	sra	-5 (ix)
    00001A7D DD CB FA 1E      [23] 6087 	rr	-6 (ix)
    00001A81 DD CB FB 2E      [23] 6088 	sra	-5 (ix)
    00001A85 DD CB FA 1E      [23] 6089 	rr	-6 (ix)
    00001A89 DD CB FB 2E      [23] 6090 	sra	-5 (ix)
    00001A8D DD CB FA 1E      [23] 6091 	rr	-6 (ix)
                                   6092 ;./bluebakas.c:1558: y = meanie->YFix >> FIX_SHIFT;
    00001A91 DD CB FD 2E      [23] 6093 	sra	-3 (ix)
    00001A95 DD CB FC 1E      [23] 6094 	rr	-4 (ix)
    00001A99 DD CB FD 2E      [23] 6095 	sra	-3 (ix)
    00001A9D DD CB FC 1E      [23] 6096 	rr	-4 (ix)
    00001AA1 DD CB FD 2E      [23] 6097 	sra	-3 (ix)
    00001AA5 DD CB FC 1E      [23] 6098 	rr	-4 (ix)
    00001AA9 DD CB FD 2E      [23] 6099 	sra	-3 (ix)
    00001AAD DD CB FC 1E      [23] 6100 	rr	-4 (ix)
                                   6101 ;./bluebakas.c:1562: if(CheckMeanieCrashAt(meanie, x, y))
    00001AB1 DD 6E FC         [19] 6102 	ld	l, -4 (ix)
    00001AB4 DD 66 FD         [19] 6103 	ld	h, -3 (ix)
    00001AB7 E5               [11] 6104 	push	hl
    00001AB8 DD 5E FA         [19] 6105 	ld	e, -6 (ix)
    00001ABB DD 56 FB         [19] 6106 	ld	d, -5 (ix)
    00001ABE DD 6E FE         [19] 6107 	ld	l, -2 (ix)
    00001AC1 DD 66 FF         [19] 6108 	ld	h, -1 (ix)
    00001AC4 CDr8Er17         [17] 6109 	call	_CheckMeanieCrashAt
    00001AC7 B7               [ 4] 6110 	or	a, a
                                   6111 ;./bluebakas.c:1563: return;
    00001AC8 20 76            [12] 6112 	jr	nz, 00118$
                                   6113 ;./bluebakas.c:1566: if(x <= MEANIE_MIN_X || x >= MEANIE_MAX_X || y >= MEANIE_BOTTOM_Y)
    00001ACA DD 4E FA         [19] 6114 	ld	c, -6 (ix)
    00001ACD DD 46 FB         [19] 6115 	ld	b, -5 (ix)
                                   6116 ;./bluebakas.c:1568: Pawn_Disable(&meanie->PawnObj);
    00001AD0 DD 7E FE         [19] 6117 	ld	a, -2 (ix)
    00001AD3 DD 77 F8         [19] 6118 	ld	-8 (ix), a
    00001AD6 DD 7E FF         [19] 6119 	ld	a, -1 (ix)
    00001AD9 DD 77 F9         [19] 6120 	ld	-7 (ix), a
                                   6121 ;./bluebakas.c:1566: if(x <= MEANIE_MIN_X || x >= MEANIE_MAX_X || y >= MEANIE_BOTTOM_Y)
    00001ADC AF               [ 4] 6122 	xor	a, a
    00001ADD B9               [ 4] 6123 	cp	a, c
    00001ADE 98               [ 4] 6124 	sbc	a, b
    00001ADF E2rE4r1A         [10] 6125 	jp	po, 00176$
    00001AE2 EE 80            [ 7] 6126 	xor	a, #0x80
    00001AE4                       6127 00176$:
    00001AE4 F2rFFr1A         [10] 6128 	jp	p, 00113$
    00001AE7 79               [ 4] 6129 	ld	a, c
    00001AE8 D6 FF            [ 7] 6130 	sub	a, #0xff
    00001AEA 78               [ 4] 6131 	ld	a, b
    00001AEB DE 00            [ 7] 6132 	sbc	a, #0x00
    00001AED 30 10            [12] 6133 	jr	nc, 00113$
    00001AEF DD 7E FC         [19] 6134 	ld	a, -4 (ix)
    00001AF2 DD 46 FD         [19] 6135 	ld	b, -3 (ix)
    00001AF5 D6 C8            [ 7] 6136 	sub	a, #0xc8
    00001AF7 78               [ 4] 6137 	ld	a, b
    00001AF8 17               [ 4] 6138 	rla
    00001AF9 3F               [ 4] 6139 	ccf
    00001AFA 1F               [ 4] 6140 	rra
    00001AFB DE 80            [ 7] 6141 	sbc	a, #0x80
    00001AFD 38 13            [12] 6142 	jr	c, 00114$
    00001AFF                       6143 00113$:
                                   6144 ;./bluebakas.c:1568: Pawn_Disable(&meanie->PawnObj);
    00001AFF DD 6E F8         [19] 6145 	ld	l, -8 (ix)
    00001B02 DD 66 F9         [19] 6146 	ld	h, -7 (ix)
                                   6147 ;C:\Users\Jummy\Downloads\MSXgl-1.5.0b\engine/src/game/pawn.h:430: inline void Pawn_Disable(Pawn* pawn) { Pawn_SetEnable(pawn, FALSE); }
    00001B05 AF               [ 4] 6148 	xor	a, a
    00001B06 F5               [11] 6149 	push	af
    00001B07 33               [ 6] 6150 	inc	sp
    00001B08 CDr00r00         [17] 6151 	call	_Pawn_SetEnable
                                   6152 ;./bluebakas.c:1569: meanie->Active = FALSE;
    00001B0B E1               [10] 6153 	pop	hl
    00001B0C 36 00            [10] 6154 	ld	(hl), #0x00
    00001B0E E5               [11] 6155 	push	hl
                                   6156 ;./bluebakas.c:1570: return;
    00001B0F C3r40r1B         [10] 6157 	jp	00118$
    00001B12                       6158 00114$:
                                   6159 ;./bluebakas.c:1573: Pawn_SetPosition(&meanie->PawnObj, (u8)x, (u8)y);
    00001B12 DD 7E FC         [19] 6160 	ld	a, -4 (ix)
    00001B15 DD 77 FD         [19] 6161 	ld	-3 (ix), a
    00001B18 DD 7E FA         [19] 6162 	ld	a, -6 (ix)
    00001B1B DD 77 FC         [19] 6163 	ld	-4 (ix), a
    00001B1E DD 66 FD         [19] 6164 	ld	h, -3 (ix)
    00001B21 DD 6E FC         [19] 6165 	ld	l, -4 (ix)
    00001B24 E5               [11] 6166 	push	hl
    00001B25 DD 6E F8         [19] 6167 	ld	l, -8 (ix)
    00001B28 DD 66 F9         [19] 6168 	ld	h, -7 (ix)
    00001B2B CDr00r00         [17] 6169 	call	_Pawn_SetPosition
                                   6170 ;./bluebakas.c:1575: Pawn_Update(&meanie->PawnObj);
    00001B2E DD 6E F8         [19] 6171 	ld	l, -8 (ix)
    00001B31 DD 66 F9         [19] 6172 	ld	h, -7 (ix)
    00001B34 CDr00r00         [17] 6173 	call	_Pawn_Update
                                   6174 ;./bluebakas.c:1576: Pawn_Draw(&meanie->PawnObj);
    00001B37 DD 6E F8         [19] 6175 	ld	l, -8 (ix)
    00001B3A DD 66 F9         [19] 6176 	ld	h, -7 (ix)
    00001B3D CDr00r00         [17] 6177 	call	_Pawn_Draw
    00001B40                       6178 00118$:
                                   6179 ;./bluebakas.c:1577: }
    00001B40 DD F9            [10] 6180 	ld	sp, ix
    00001B42 DD E1            [14] 6181 	pop	ix
    00001B44 C9               [10] 6182 	ret
                                   6183 ;./bluebakas.c:1579: void UpdateMeanie()
                                   6184 ;	---------------------------------
                                   6185 ; Function UpdateMeanie
                                   6186 ; ---------------------------------
    00001B45                       6187 _UpdateMeanie::
    00001B45 DD E5            [15] 6188 	push	ix
    00001B47 DD 21 00 00      [14] 6189 	ld	ix,	#0
    00001B4B DD 39            [15] 6190 	add	ix, sp
    00001B4D 3B               [ 6] 6191 	dec	sp
                                   6192 ;./bluebakas.c:1583: bool freeze = g_LaserActive || g_LaserErasing || g_GameOverToTitle;
    00001B4E 3Ar16r00         [13] 6193 	ld	a, (_g_LaserActive+0)
    00001B51 B7               [ 4] 6194 	or	a, a
    00001B52 20 0C            [12] 6195 	jr	nz, 00115$
    00001B54 3Ar17r00         [13] 6196 	ld	a, (_g_LaserErasing+0)
    00001B57 B7               [ 4] 6197 	or	a, a
    00001B58 20 06            [12] 6198 	jr	nz, 00115$
    00001B5A 3Ar0Fr00         [13] 6199 	ld	a, (_g_GameOverToTitle+0)
    00001B5D B7               [ 4] 6200 	or	a,a
    00001B5E 28 02            [12] 6201 	jr	z, 00116$
    00001B60                       6202 00115$:
    00001B60 3E 01            [ 7] 6203 	ld	a, #0x01
    00001B62                       6204 00116$:
    00001B62 DD 77 FF         [19] 6205 	ld	-1 (ix), a
                                   6206 ;./bluebakas.c:1585: if(!freeze)
    00001B65 B7               [ 4] 6207 	or	a, a
    00001B66 20 03            [12] 6208 	jr	nz, 00135$
                                   6209 ;./bluebakas.c:1586: TrySpawnMeanie();
    00001B68 CDrFDr16         [17] 6210 	call	_TrySpawnMeanie
                                   6211 ;./bluebakas.c:1588: for(i = 0; i < MEANIE_COUNT; i++)
    00001B6B                       6212 00135$:
    00001B6B 0E 00            [ 7] 6213 	ld	c, #0x00
    00001B6D                       6214 00111$:
                                   6215 ;./bluebakas.c:1590: if(!g_Meanies[i].Active)
    00001B6D 06 00            [ 7] 6216 	ld	b, #0x00
    00001B6F 69               [ 4] 6217 	ld	l, c
    00001B70 60               [ 4] 6218 	ld	h, b
    00001B71 29               [11] 6219 	add	hl, hl
    00001B72 29               [11] 6220 	add	hl, hl
    00001B73 29               [11] 6221 	add	hl, hl
    00001B74 29               [11] 6222 	add	hl, hl
    00001B75 09               [11] 6223 	add	hl, bc
    00001B76 29               [11] 6224 	add	hl, hl
    00001B77 09               [11] 6225 	add	hl, bc
    00001B78 EB               [ 4] 6226 	ex	de, hl
    00001B79 21r00r00         [10] 6227 	ld	hl, #_g_Meanies
    00001B7C 19               [11] 6228 	add	hl, de
    00001B7D EB               [ 4] 6229 	ex	de, hl
    00001B7E D5               [11] 6230 	push	de
    00001B7F FD E1            [14] 6231 	pop	iy
    00001B81 FD 7E 17         [19] 6232 	ld	a, 23 (iy)
    00001B84 B7               [ 4] 6233 	or	a, a
    00001B85 28 1B            [12] 6234 	jr	z, 00109$
                                   6235 ;./bluebakas.c:1593: if(freeze)
    00001B87 DD 7E FF         [19] 6236 	ld	a, -1 (ix)
    00001B8A B7               [ 4] 6237 	or	a, a
    00001B8B 28 09            [12] 6238 	jr	z, 00106$
                                   6239 ;./bluebakas.c:1595: Pawn_Draw(&g_Meanies[i].PawnObj);
    00001B8D C5               [11] 6240 	push	bc
    00001B8E EB               [ 4] 6241 	ex	de, hl
    00001B8F CDr00r00         [17] 6242 	call	_Pawn_Draw
    00001B92 C1               [10] 6243 	pop	bc
                                   6244 ;./bluebakas.c:1596: continue;
    00001B93 C3rA2r1B         [10] 6245 	jp	00109$
    00001B96                       6246 00106$:
                                   6247 ;./bluebakas.c:1599: UpdateOneMeanie(&g_Meanies[i]);
    00001B96 C5               [11] 6248 	push	bc
    00001B97 EB               [ 4] 6249 	ex	de, hl
    00001B98 CDrF7r18         [17] 6250 	call	_UpdateOneMeanie
    00001B9B C1               [10] 6251 	pop	bc
                                   6252 ;./bluebakas.c:1601: if(g_GameOverToTitle)
    00001B9C 3Ar0Fr00         [13] 6253 	ld	a, (_g_GameOverToTitle+0)
    00001B9F B7               [ 4] 6254 	or	a, a
                                   6255 ;./bluebakas.c:1602: return;
    00001BA0 20 06            [12] 6256 	jr	nz, 00112$
    00001BA2                       6257 00109$:
                                   6258 ;./bluebakas.c:1588: for(i = 0; i < MEANIE_COUNT; i++)
    00001BA2 0C               [ 4] 6259 	inc	c
    00001BA3 79               [ 4] 6260 	ld	a, c
    00001BA4 D6 02            [ 7] 6261 	sub	a, #0x02
    00001BA6 38 C5            [12] 6262 	jr	c, 00111$
    00001BA8                       6263 00112$:
                                   6264 ;./bluebakas.c:1604: }
    00001BA8 33               [ 6] 6265 	inc	sp
    00001BA9 DD E1            [14] 6266 	pop	ix
    00001BAB C9               [10] 6267 	ret
                                   6268 ;./bluebakas.c:1610: void ShowTitleScreen()
                                   6269 ;	---------------------------------
                                   6270 ; Function ShowTitleScreen
                                   6271 ; ---------------------------------
    00001BAC                       6272 _ShowTitleScreen::
    00001BAC DD E5            [15] 6273 	push	ix
    00001BAE DD 21 00 00      [14] 6274 	ld	ix,	#0
    00001BB2 DD 39            [15] 6275 	add	ix, sp
    00001BB4 F5               [11] 6276 	push	af
    00001BB5 F5               [11] 6277 	push	af
                                   6278 ;C:\Users\Jummy\Downloads\MSXgl-1.5.0b\engine/src/vdp.h:1027: inline VADDR VDP_GetLayoutTable() { return VADDR_GET(g_ScreenLayoutLow, g_ScreenLayoutHigh); }
    00001BB6 ED 5Br00r00      [20] 6279 	ld	de, (_g_ScreenLayoutLow)
                                   6280 ;./bluebakas.c:1612: VDP_FillVRAM_16K(TILE_EMPTY, VDP_GetLayoutTable(), 768);
    00001BBA 21 00 03         [10] 6281 	ld	hl, #0x0300
    00001BBD E5               [11] 6282 	push	hl
    00001BBE AF               [ 4] 6283 	xor	a, a
    00001BBF CDr00r00         [17] 6284 	call	_VDP_FillVRAM_16K
                                   6285 ;./bluebakas.c:1614: Print_DrawTextAt(11, 3,  "BLUE BAKAS");
                                   6286 ;C:\Users\Jummy\Downloads\MSXgl-1.5.0b\engine/src/print.h:268: PRINT_DATA.CursorX = x;
    00001BC2 21r05r00         [10] 6287 	ld	hl, #(_g_PrintData + 5)
    00001BC5 36 0B            [10] 6288 	ld	(hl), #0x0b
                                   6289 ;C:\Users\Jummy\Downloads\MSXgl-1.5.0b\engine/src/print.h:269: PRINT_DATA.CursorY = y;
    00001BC7 23               [ 6] 6290 	inc	hl
    00001BC8 36 03            [10] 6291 	ld	(hl), #0x03
                                   6292 ;C:\Users\Jummy\Downloads\MSXgl-1.5.0b\engine/src/print.h:552: inline void Print_DrawTextAt(UX x, UY y, const c8* str) { Print_SetPosition(x, y); Print_DrawText(str); }
    00001BCA 21r5Br1C         [10] 6293 	ld	hl, #___str_4
    00001BCD CDr00r00         [17] 6294 	call	_Print_DrawText
                                   6295 ;./bluebakas.c:1615: Print_DrawTextAt(8, 4,  "FROM OUTER SPACE");
                                   6296 ;C:\Users\Jummy\Downloads\MSXgl-1.5.0b\engine/src/print.h:268: PRINT_DATA.CursorX = x;
    00001BD0 21r05r00         [10] 6297 	ld	hl, #(_g_PrintData + 5)
    00001BD3 36 08            [10] 6298 	ld	(hl), #0x08
                                   6299 ;C:\Users\Jummy\Downloads\MSXgl-1.5.0b\engine/src/print.h:269: PRINT_DATA.CursorY = y;
    00001BD5 23               [ 6] 6300 	inc	hl
    00001BD6 36 04            [10] 6301 	ld	(hl), #0x04
                                   6302 ;C:\Users\Jummy\Downloads\MSXgl-1.5.0b\engine/src/print.h:552: inline void Print_DrawTextAt(UX x, UY y, const c8* str) { Print_SetPosition(x, y); Print_DrawText(str); }
    00001BD8 21r66r1C         [10] 6303 	ld	hl, #___str_5
    00001BDB CDr00r00         [17] 6304 	call	_Print_DrawText
                                   6305 ;./bluebakas.c:1617: Print_DrawTextAt(11, 14, "Hit a key");
                                   6306 ;C:\Users\Jummy\Downloads\MSXgl-1.5.0b\engine/src/print.h:268: PRINT_DATA.CursorX = x;
    00001BDE 21r05r00         [10] 6307 	ld	hl, #(_g_PrintData + 5)
    00001BE1 36 0B            [10] 6308 	ld	(hl), #0x0b
                                   6309 ;C:\Users\Jummy\Downloads\MSXgl-1.5.0b\engine/src/print.h:269: PRINT_DATA.CursorY = y;
    00001BE3 23               [ 6] 6310 	inc	hl
    00001BE4 36 0E            [10] 6311 	ld	(hl), #0x0e
                                   6312 ;C:\Users\Jummy\Downloads\MSXgl-1.5.0b\engine/src/print.h:552: inline void Print_DrawTextAt(UX x, UY y, const c8* str) { Print_SetPosition(x, y); Print_DrawText(str); }
    00001BE6 21r77r1C         [10] 6313 	ld	hl, #___str_6
    00001BE9 CDr00r00         [17] 6314 	call	_Print_DrawText
                                   6315 ;./bluebakas.c:1619: Print_DrawTextAt(5, 18, "(C) Duane Later, 1981");
                                   6316 ;C:\Users\Jummy\Downloads\MSXgl-1.5.0b\engine/src/print.h:268: PRINT_DATA.CursorX = x;
    00001BEC 21r05r00         [10] 6317 	ld	hl, #(_g_PrintData + 5)
    00001BEF 36 05            [10] 6318 	ld	(hl), #0x05
                                   6319 ;C:\Users\Jummy\Downloads\MSXgl-1.5.0b\engine/src/print.h:269: PRINT_DATA.CursorY = y;
    00001BF1 23               [ 6] 6320 	inc	hl
    00001BF2 36 12            [10] 6321 	ld	(hl), #0x12
                                   6322 ;C:\Users\Jummy\Downloads\MSXgl-1.5.0b\engine/src/print.h:552: inline void Print_DrawTextAt(UX x, UY y, const c8* str) { Print_SetPosition(x, y); Print_DrawText(str); }
    00001BF4 21r81r1C         [10] 6323 	ld	hl, #___str_7
    00001BF7 CDr00r00         [17] 6324 	call	_Print_DrawText
                                   6325 ;./bluebakas.c:1620: Print_DrawTextAt(0, 19, "(C) Commodore Business Machines");
                                   6326 ;C:\Users\Jummy\Downloads\MSXgl-1.5.0b\engine/src/print.h:268: PRINT_DATA.CursorX = x;
    00001BFA 21r05r00         [10] 6327 	ld	hl, #(_g_PrintData + 5)
    00001BFD 36 00            [10] 6328 	ld	(hl), #0x00
                                   6329 ;C:\Users\Jummy\Downloads\MSXgl-1.5.0b\engine/src/print.h:269: PRINT_DATA.CursorY = y;
    00001BFF 23               [ 6] 6330 	inc	hl
    00001C00 36 13            [10] 6331 	ld	(hl), #0x13
                                   6332 ;C:\Users\Jummy\Downloads\MSXgl-1.5.0b\engine/src/print.h:552: inline void Print_DrawTextAt(UX x, UY y, const c8* str) { Print_SetPosition(x, y); Print_DrawText(str); }
    00001C02 21r97r1C         [10] 6333 	ld	hl, #___str_8
    00001C05 CDr00r00         [17] 6334 	call	_Print_DrawText
                                   6335 ;./bluebakas.c:1622: Print_DrawTextAt(5, 21, "MSX1 port by @thatbruh");
                                   6336 ;C:\Users\Jummy\Downloads\MSXgl-1.5.0b\engine/src/print.h:268: PRINT_DATA.CursorX = x;
    00001C08 21r05r00         [10] 6337 	ld	hl, #(_g_PrintData + 5)
    00001C0B 36 05            [10] 6338 	ld	(hl), #0x05
                                   6339 ;C:\Users\Jummy\Downloads\MSXgl-1.5.0b\engine/src/print.h:269: PRINT_DATA.CursorY = y;
    00001C0D 23               [ 6] 6340 	inc	hl
    00001C0E 36 15            [10] 6341 	ld	(hl), #0x15
                                   6342 ;C:\Users\Jummy\Downloads\MSXgl-1.5.0b\engine/src/print.h:552: inline void Print_DrawTextAt(UX x, UY y, const c8* str) { Print_SetPosition(x, y); Print_DrawText(str); }
    00001C10 21rB7r1C         [10] 6343 	ld	hl, #___str_9
    00001C13 CDr00r00         [17] 6344 	call	_Print_DrawText
                                   6345 ;./bluebakas.c:1623: Print_DrawTextAt(6, 22, "Developed with");
                                   6346 ;C:\Users\Jummy\Downloads\MSXgl-1.5.0b\engine/src/print.h:268: PRINT_DATA.CursorX = x;
    00001C16 21r05r00         [10] 6347 	ld	hl, #(_g_PrintData + 5)
    00001C19 36 06            [10] 6348 	ld	(hl), #0x06
                                   6349 ;C:\Users\Jummy\Downloads\MSXgl-1.5.0b\engine/src/print.h:269: PRINT_DATA.CursorY = y;
    00001C1B 23               [ 6] 6350 	inc	hl
    00001C1C 36 16            [10] 6351 	ld	(hl), #0x16
                                   6352 ;C:\Users\Jummy\Downloads\MSXgl-1.5.0b\engine/src/print.h:552: inline void Print_DrawTextAt(UX x, UY y, const c8* str) { Print_SetPosition(x, y); Print_DrawText(str); }
    00001C1E 21rCEr1C         [10] 6353 	ld	hl, #___str_10
    00001C21 CDr00r00         [17] 6354 	call	_Print_DrawText
                                   6355 ;./bluebakas.c:1627: const u8 msxglLogoTiles[] = { 9, 10, 11, 12 };
    00001C24 DD 36 FC 09      [19] 6356 	ld	-4 (ix), #0x09
    00001C28 DD 36 FD 0A      [19] 6357 	ld	-3 (ix), #0x0a
    00001C2C DD 36 FE 0B      [19] 6358 	ld	-2 (ix), #0x0b
    00001C30 DD 36 FF 0C      [19] 6359 	ld	-1 (ix), #0x0c
                                   6360 ;./bluebakas.c:1631: VDP_GetLayoutTable() + (22 * 32) + 21,
    00001C34 2Ar00r00         [16] 6361 	ld	hl, (_g_ScreenLayoutLow)
    00001C37 01 D5 02         [10] 6362 	ld	bc, #0x02d5
    00001C3A 09               [11] 6363 	add	hl, bc
    00001C3B EB               [ 4] 6364 	ex	de, hl
                                   6365 ;./bluebakas.c:1630: msxglLogoTiles,
    00001C3C 21 04 00         [10] 6366 	ld	hl, #0x0004
    00001C3F E5               [11] 6367 	push	hl
    00001C40 21 02 00         [10] 6368 	ld	hl, #2
    00001C43 39               [11] 6369 	add	hl, sp
    00001C44 CDr00r00         [17] 6370 	call	_VDP_WriteVRAM_16K
                                   6371 ;./bluebakas.c:1636: WaitForCleanKeyPress();
    00001C47 CDr41r09         [17] 6372 	call	_WaitForCleanKeyPress
                                   6373 ;C:\Users\Jummy\Downloads\MSXgl-1.5.0b\engine/src/vdp.h:1027: inline VADDR VDP_GetLayoutTable() { return VADDR_GET(g_ScreenLayoutLow, g_ScreenLayoutHigh); }
    00001C4A ED 5Br00r00      [20] 6374 	ld	de, (_g_ScreenLayoutLow)
                                   6375 ;./bluebakas.c:1639: VDP_FillVRAM_16K(TILE_EMPTY, VDP_GetLayoutTable(), 768);
    00001C4E 21 00 03         [10] 6376 	ld	hl, #0x0300
    00001C51 E5               [11] 6377 	push	hl
    00001C52 AF               [ 4] 6378 	xor	a, a
    00001C53 CDr00r00         [17] 6379 	call	_VDP_FillVRAM_16K
                                   6380 ;./bluebakas.c:1640: }
    00001C56 DD F9            [10] 6381 	ld	sp, ix
    00001C58 DD E1            [14] 6382 	pop	ix
    00001C5A C9               [10] 6383 	ret
    00001C5B                       6384 ___str_4:
    00001C5B 42 4C 55 45 20 42 41  6385 	.ascii "BLUE BAKAS"
             4B 41 53
    00001C65 00                    6386 	.db 0x00
    00001C66                       6387 ___str_5:
    00001C66 46 52 4F 4D 20 4F 55  6388 	.ascii "FROM OUTER SPACE"
             54 45 52 20 53 50 41
             43 45
    00001C76 00                    6389 	.db 0x00
    00001C77                       6390 ___str_6:
    00001C77 48 69 74 20 61 20 6B  6391 	.ascii "Hit a key"
             65 79
    00001C80 00                    6392 	.db 0x00
    00001C81                       6393 ___str_7:
    00001C81 28 43 29 20 44 75 61  6394 	.ascii "(C) Duane Later, 1981"
             6E 65 20 4C 61 74 65
             72 2C 20 31 39 38 31
    00001C96 00                    6395 	.db 0x00
    00001C97                       6396 ___str_8:
    00001C97 28 43 29 20 43 6F 6D  6397 	.ascii "(C) Commodore Business Machines"
             6D 6F 64 6F 72 65 20
             42 75 73 69 6E 65 73
             73 20 4D 61 63 68 69
             6E 65 73
    00001CB6 00                    6398 	.db 0x00
    00001CB7                       6399 ___str_9:
    00001CB7 4D 53 58 31 20 70 6F  6400 	.ascii "MSX1 port by @thatbruh"
             72 74 20 62 79 20 40
             74 68 61 74 62 72 75
             68
    00001CCD 00                    6401 	.db 0x00
    00001CCE                       6402 ___str_10:
    00001CCE 44 65 76 65 6C 6F 70  6403 	.ascii "Developed with"
             65 64 20 77 69 74 68
    00001CDC 00                    6404 	.db 0x00
                                   6405 ;./bluebakas.c:1642: void ShowMeanerScreen()
                                   6406 ;	---------------------------------
                                   6407 ; Function ShowMeanerScreen
                                   6408 ; ---------------------------------
    00001CDD                       6409 _ShowMeanerScreen::
                                   6410 ;./bluebakas.c:1644: PSG_Mute();
    00001CDD CDr00r00         [17] 6411 	call	_PSG_Mute
                                   6412 ;./bluebakas.c:1645: ayFX_Mute();
    00001CE0 CDr00r00         [17] 6413 	call	_ayFX_Mute
                                   6414 ;./bluebakas.c:1649: InitGraphics();
    00001CE3 CDr00r00         [17] 6415 	call	_InitGraphics
                                   6416 ;./bluebakas.c:1651: Print_DrawTextAt(3, 10, "WE'RE GONNA BE MEANER NOW");
                                   6417 ;C:\Users\Jummy\Downloads\MSXgl-1.5.0b\engine/src/print.h:268: PRINT_DATA.CursorX = x;
    00001CE6 21r05r00         [10] 6418 	ld	hl, #_g_PrintData + 5
    00001CE9 36 03            [10] 6419 	ld	(hl), #0x03
                                   6420 ;C:\Users\Jummy\Downloads\MSXgl-1.5.0b\engine/src/print.h:269: PRINT_DATA.CursorY = y;
    00001CEB 21r06r00         [10] 6421 	ld	hl, #_g_PrintData + 6
    00001CEE 36 0A            [10] 6422 	ld	(hl), #0x0a
                                   6423 ;C:\Users\Jummy\Downloads\MSXgl-1.5.0b\engine/src/print.h:552: inline void Print_DrawTextAt(UX x, UY y, const c8* str) { Print_SetPosition(x, y); Print_DrawText(str); }
    00001CF0 21r0Cr1D         [10] 6424 	ld	hl, #___str_11
    00001CF3 CDr00r00         [17] 6425 	call	_Print_DrawText
                                   6426 ;./bluebakas.c:1652: Energy = 1000;
    00001CF6 21 E8 03         [10] 6427 	ld	hl, #0x03e8
    00001CF9 22r01r00         [16] 6428 	ld	(_Energy), hl
                                   6429 ;./bluebakas.c:1653: Score = 0;
    00001CFC AF               [ 4] 6430 	xor	a, a
    00001CFD 32r00r00         [13] 6431 	ld	(#_Score), a
                                   6432 ;./bluebakas.c:1655: WaitForCleanKeyPress();
    00001D00 CDr41r09         [17] 6433 	call	_WaitForCleanKeyPress
                                   6434 ;./bluebakas.c:1657: InitGraphics();
    00001D03 CDr00r00         [17] 6435 	call	_InitGraphics
                                   6436 ;./bluebakas.c:1658: LoadLevel();
    00001D06 CDr41r1D         [17] 6437 	call	_LoadLevel
                                   6438 ;./bluebakas.c:1659: ResetGameplayFlags();
                                   6439 ;./bluebakas.c:1660: }
    00001D09 C3r05r09         [10] 6440 	jp	_ResetGameplayFlags
    00001D0C                       6441 ___str_11:
    00001D0C 57 45 27 52 45 20 47  6442 	.ascii "WE'RE GONNA BE MEANER NOW"
             4F 4E 4E 41 20 42 45
             20 4D 45 41 4E 45 52
             20 4E 4F 57
    00001D25 00                    6443 	.db 0x00
                                   6444 ;./bluebakas.c:1666: void LoadMap() {
                                   6445 ;	---------------------------------
                                   6446 ; Function LoadMap
                                   6447 ; ---------------------------------
    00001D26                       6448 _LoadMap::
                                   6449 ;./bluebakas.c:1668: Mem_Copy(g_Map, g_RamMap, PLAYFIELD_SIZE);
    00001D26 21r74r00         [10] 6450 	ld	hl, #_g_RamMap+0
    00001D29 5D               [ 4] 6451 	ld	e, l
    00001D2A 54               [ 4] 6452 	ld	d, h
    00001D2B E5               [11] 6453 	push	hl
    00001D2C 21r9Er03         [10] 6454 	ld	hl, #_g_Map
    00001D2F 01 C0 02         [10] 6455 	ld	bc, #0x02c0
    00001D32 ED B0            [21] 6456 	ldir
    00001D34 E1               [10] 6457 	pop	hl
                                   6458 ;C:\Users\Jummy\Downloads\MSXgl-1.5.0b\engine/src/vdp.h:1027: inline VADDR VDP_GetLayoutTable() { return VADDR_GET(g_ScreenLayoutLow, g_ScreenLayoutHigh); }
    00001D35 ED 5Br00r00      [20] 6459 	ld	de, (_g_ScreenLayoutLow)
                                   6460 ;./bluebakas.c:1671: VDP_WriteVRAM_16K(g_RamMap, VDP_GetLayoutTable(), PLAYFIELD_SIZE);
    00001D39 01 C0 02         [10] 6461 	ld	bc, #0x02c0
    00001D3C C5               [11] 6462 	push	bc
    00001D3D CDr00r00         [17] 6463 	call	_VDP_WriteVRAM_16K
                                   6464 ;./bluebakas.c:1672: }
    00001D40 C9               [10] 6465 	ret
                                   6466 ;./bluebakas.c:1674: void LoadLevel()
                                   6467 ;	---------------------------------
                                   6468 ; Function LoadLevel
                                   6469 ; ---------------------------------
    00001D41                       6470 _LoadLevel::
                                   6471 ;./bluebakas.c:1676: LoadMap();
    00001D41 CDr26r1D         [17] 6472 	call	_LoadMap
                                   6473 ;./bluebakas.c:1678: InitMeanie();
    00001D44 CDr57r09         [17] 6474 	call	_InitMeanie
                                   6475 ;./bluebakas.c:1679: InitFuel();
    00001D47 CDrF3r09         [17] 6476 	call	_InitFuel
                                   6477 ;./bluebakas.c:1680: InitExplosion();
    00001D4A CDr83r0C         [17] 6478 	call	_InitExplosion
                                   6479 ;./bluebakas.c:1681: InitRepairRobot();
                                   6480 ;./bluebakas.c:1682: }
    00001D4D C3r75r0E         [10] 6481 	jp	_InitRepairRobot
                                   6482 ;./bluebakas.c:1684: void DrawInt4At(u8 x, u8 y, u16 value)
                                   6483 ;	---------------------------------
                                   6484 ; Function DrawInt4At
                                   6485 ; ---------------------------------
    00001D50                       6486 _DrawInt4At::
    00001D50 DD E5            [15] 6487 	push	ix
    00001D52 DD 21 00 00      [14] 6488 	ld	ix,	#0
    00001D56 DD 39            [15] 6489 	add	ix, sp
    00001D58 FD 21 F8 FF      [14] 6490 	ld	iy, #-8
    00001D5C FD 39            [15] 6491 	add	iy, sp
    00001D5E FD F9            [10] 6492 	ld	sp, iy
    00001D60 DD 77 FF         [19] 6493 	ld	-1 (ix), a
    00001D63 DD 75 FE         [19] 6494 	ld	-2 (ix), l
                                   6495 ;./bluebakas.c:1686: if(value >= 1000)
    00001D66 DD 7E 04         [19] 6496 	ld	a, 4 (ix)
    00001D69 DD 77 F9         [19] 6497 	ld	-7 (ix), a
    00001D6C DD 7E 05         [19] 6498 	ld	a, 5 (ix)
    00001D6F DD 77 FA         [19] 6499 	ld	-6 (ix), a
                                   6500 ;./bluebakas.c:1687: Print_DrawIntAt(x, y, (i16)value);
    00001D72 DD 7E 04         [19] 6501 	ld	a, 4 (ix)
    00001D75 DD 77 FB         [19] 6502 	ld	-5 (ix), a
    00001D78 DD 7E 05         [19] 6503 	ld	a, 5 (ix)
    00001D7B DD 77 FC         [19] 6504 	ld	-4 (ix), a
                                   6505 ;./bluebakas.c:1686: if(value >= 1000)
    00001D7E DD 7E F9         [19] 6506 	ld	a, -7 (ix)
    00001D81 D6 E8            [ 7] 6507 	sub	a, #0xe8
    00001D83 DD 7E FA         [19] 6508 	ld	a, -6 (ix)
    00001D86 DE 03            [ 7] 6509 	sbc	a, #0x03
    00001D88 38 3E            [12] 6510 	jr	c, 00108$
                                   6511 ;./bluebakas.c:1687: Print_DrawIntAt(x, y, (i16)value);
    00001D8A DD 7E FB         [19] 6512 	ld	a, -5 (ix)
    00001D8D DD 77 F8         [19] 6513 	ld	-8 (ix), a
    00001D90 DD 7E FC         [19] 6514 	ld	a, -4 (ix)
    00001D93 DD 77 F9         [19] 6515 	ld	-7 (ix), a
                                   6516 ;C:\Users\Jummy\Downloads\MSXgl-1.5.0b\engine/src/print.h:268: PRINT_DATA.CursorX = x;
    00001D96 21r05r00         [10] 6517 	ld	hl, #(_g_PrintData + 5)
    00001D99 DD 7E FF         [19] 6518 	ld	a, -1 (ix)
    00001D9C 77               [ 7] 6519 	ld	(hl), a
                                   6520 ;C:\Users\Jummy\Downloads\MSXgl-1.5.0b\engine/src/print.h:269: PRINT_DATA.CursorY = y;
    00001D9D 23               [ 6] 6521 	inc	hl
    00001D9E DD 7E FE         [19] 6522 	ld	a, -2 (ix)
    00001DA1 77               [ 7] 6523 	ld	(hl), a
                                   6524 ;C:\Users\Jummy\Downloads\MSXgl-1.5.0b\engine/src/print.h:637: inline void Print_DrawIntAt(UX x, UY y, i16 val) { Print_SetPosition(x, y); Print_DrawInt(val); }
    00001DA2 DD 7E F8         [19] 6525 	ld	a, -8 (ix)
    00001DA5 DD 77 FA         [19] 6526 	ld	-6 (ix), a
    00001DA8 DD 7E F9         [19] 6527 	ld	a, -7 (ix)
    00001DAB DD 77 FB         [19] 6528 	ld	-5 (ix), a
    00001DAE 07               [ 4] 6529 	rlca
    00001DAF 9F               [ 4] 6530 	sbc	a, a
    00001DB0 DD 77 FC         [19] 6531 	ld	-4 (ix), a
    00001DB3 DD 77 FD         [19] 6532 	ld	-3 (ix), a
    00001DB6 DD 5E FA         [19] 6533 	ld	e, -6 (ix)
    00001DB9 DD 56 FB         [19] 6534 	ld	d, -5 (ix)
    00001DBC DD 6E FC         [19] 6535 	ld	l, -4 (ix)
    00001DBF DD 66 FD         [19] 6536 	ld	h, -3 (ix)
    00001DC2 CDr00r00         [17] 6537 	call	_Print_DrawInt
                                   6538 ;./bluebakas.c:1687: Print_DrawIntAt(x, y, (i16)value);
    00001DC5 C3r74r1E         [10] 6539 	jp	00124$
    00001DC8                       6540 00108$:
                                   6541 ;./bluebakas.c:1691: Print_DrawIntAt(x + 1, y, (i16)value);
    00001DC8 DD 7E FF         [19] 6542 	ld	a, -1 (ix)
    00001DCB DD 77 FD         [19] 6543 	ld	-3 (ix), a
                                   6544 ;./bluebakas.c:1688: else if(value >= 100)
    00001DCE DD 7E F9         [19] 6545 	ld	a, -7 (ix)
    00001DD1 D6 64            [ 7] 6546 	sub	a, #0x64
    00001DD3 DD 7E FA         [19] 6547 	ld	a, -6 (ix)
    00001DD6 DE 00            [ 7] 6548 	sbc	a, #0x00
    00001DD8 38 31            [12] 6549 	jr	c, 00105$
                                   6550 ;./bluebakas.c:1690: Print_DrawTextAt(x, y, " ");
                                   6551 ;C:\Users\Jummy\Downloads\MSXgl-1.5.0b\engine/src/print.h:268: PRINT_DATA.CursorX = x;
    00001DDA 01r05r00         [10] 6552 	ld	bc, #_g_PrintData + 5
    00001DDD DD 7E FF         [19] 6553 	ld	a, -1 (ix)
    00001DE0 02               [ 7] 6554 	ld	(bc), a
                                   6555 ;C:\Users\Jummy\Downloads\MSXgl-1.5.0b\engine/src/print.h:269: PRINT_DATA.CursorY = y;
    00001DE1 21r06r00         [10] 6556 	ld	hl, #_g_PrintData + 6
    00001DE4 DD 7E FE         [19] 6557 	ld	a, -2 (ix)
    00001DE7 77               [ 7] 6558 	ld	(hl), a
                                   6559 ;C:\Users\Jummy\Downloads\MSXgl-1.5.0b\engine/src/print.h:552: inline void Print_DrawTextAt(UX x, UY y, const c8* str) { Print_SetPosition(x, y); Print_DrawText(str); }
    00001DE8 E5               [11] 6560 	push	hl
    00001DE9 C5               [11] 6561 	push	bc
    00001DEA 21r7Br1E         [10] 6562 	ld	hl, #___str_12
    00001DED CDr00r00         [17] 6563 	call	_Print_DrawText
    00001DF0 C1               [10] 6564 	pop	bc
    00001DF1 E1               [10] 6565 	pop	hl
                                   6566 ;./bluebakas.c:1691: Print_DrawIntAt(x + 1, y, (i16)value);
    00001DF2 DD 5E FB         [19] 6567 	ld	e, -5 (ix)
    00001DF5 DD 56 FC         [19] 6568 	ld	d, -4 (ix)
    00001DF8 DD 7E FD         [19] 6569 	ld	a, -3 (ix)
    00001DFB 3C               [ 4] 6570 	inc	a
                                   6571 ;C:\Users\Jummy\Downloads\MSXgl-1.5.0b\engine/src/print.h:268: PRINT_DATA.CursorX = x;
    00001DFC 02               [ 7] 6572 	ld	(bc), a
                                   6573 ;C:\Users\Jummy\Downloads\MSXgl-1.5.0b\engine/src/print.h:269: PRINT_DATA.CursorY = y;
    00001DFD DD 7E FE         [19] 6574 	ld	a, -2 (ix)
    00001E00 77               [ 7] 6575 	ld	(hl), a
                                   6576 ;C:\Users\Jummy\Downloads\MSXgl-1.5.0b\engine/src/print.h:637: inline void Print_DrawIntAt(UX x, UY y, i16 val) { Print_SetPosition(x, y); Print_DrawInt(val); }
    00001E01 7A               [ 4] 6577 	ld	a, d
    00001E02 07               [ 4] 6578 	rlca
    00001E03 ED 62            [15] 6579 	sbc	hl, hl
    00001E05 CDr00r00         [17] 6580 	call	_Print_DrawInt
                                   6581 ;./bluebakas.c:1691: Print_DrawIntAt(x + 1, y, (i16)value);
    00001E08 C3r74r1E         [10] 6582 	jp	00124$
    00001E0B                       6583 00105$:
                                   6584 ;./bluebakas.c:1693: else if(value >= 10)
    00001E0B DD 7E F9         [19] 6585 	ld	a, -7 (ix)
    00001E0E D6 0A            [ 7] 6586 	sub	a, #0x0a
    00001E10 38 32            [12] 6587 	jr	c, 00102$
                                   6588 ;./bluebakas.c:1695: Print_DrawTextAt(x, y, "  ");
                                   6589 ;C:\Users\Jummy\Downloads\MSXgl-1.5.0b\engine/src/print.h:268: PRINT_DATA.CursorX = x;
    00001E12 01r05r00         [10] 6590 	ld	bc, #_g_PrintData + 5
    00001E15 DD 7E FF         [19] 6591 	ld	a, -1 (ix)
    00001E18 02               [ 7] 6592 	ld	(bc), a
                                   6593 ;C:\Users\Jummy\Downloads\MSXgl-1.5.0b\engine/src/print.h:269: PRINT_DATA.CursorY = y;
    00001E19 21r06r00         [10] 6594 	ld	hl, #_g_PrintData + 6
    00001E1C DD 7E FE         [19] 6595 	ld	a, -2 (ix)
    00001E1F 77               [ 7] 6596 	ld	(hl), a
                                   6597 ;C:\Users\Jummy\Downloads\MSXgl-1.5.0b\engine/src/print.h:552: inline void Print_DrawTextAt(UX x, UY y, const c8* str) { Print_SetPosition(x, y); Print_DrawText(str); }
    00001E20 E5               [11] 6598 	push	hl
    00001E21 C5               [11] 6599 	push	bc
    00001E22 21r7Dr1E         [10] 6600 	ld	hl, #___str_13
    00001E25 CDr00r00         [17] 6601 	call	_Print_DrawText
    00001E28 C1               [10] 6602 	pop	bc
    00001E29 E1               [10] 6603 	pop	hl
                                   6604 ;./bluebakas.c:1696: Print_DrawIntAt(x + 2, y, (i16)value);
    00001E2A DD 5E FB         [19] 6605 	ld	e, -5 (ix)
    00001E2D DD 56 FC         [19] 6606 	ld	d, -4 (ix)
    00001E30 DD 7E FD         [19] 6607 	ld	a, -3 (ix)
    00001E33 3C               [ 4] 6608 	inc	a
    00001E34 3C               [ 4] 6609 	inc	a
                                   6610 ;C:\Users\Jummy\Downloads\MSXgl-1.5.0b\engine/src/print.h:268: PRINT_DATA.CursorX = x;
    00001E35 02               [ 7] 6611 	ld	(bc), a
                                   6612 ;C:\Users\Jummy\Downloads\MSXgl-1.5.0b\engine/src/print.h:269: PRINT_DATA.CursorY = y;
    00001E36 DD 7E FE         [19] 6613 	ld	a, -2 (ix)
    00001E39 77               [ 7] 6614 	ld	(hl), a
                                   6615 ;C:\Users\Jummy\Downloads\MSXgl-1.5.0b\engine/src/print.h:637: inline void Print_DrawIntAt(UX x, UY y, i16 val) { Print_SetPosition(x, y); Print_DrawInt(val); }
    00001E3A 7A               [ 4] 6616 	ld	a, d
    00001E3B 07               [ 4] 6617 	rlca
    00001E3C ED 62            [15] 6618 	sbc	hl, hl
    00001E3E CDr00r00         [17] 6619 	call	_Print_DrawInt
                                   6620 ;./bluebakas.c:1696: Print_DrawIntAt(x + 2, y, (i16)value);
    00001E41 C3r74r1E         [10] 6621 	jp	00124$
    00001E44                       6622 00102$:
                                   6623 ;./bluebakas.c:1700: Print_DrawTextAt(x, y, "   ");
                                   6624 ;C:\Users\Jummy\Downloads\MSXgl-1.5.0b\engine/src/print.h:268: PRINT_DATA.CursorX = x;
    00001E44 01r05r00         [10] 6625 	ld	bc, #_g_PrintData + 5
    00001E47 DD 7E FF         [19] 6626 	ld	a, -1 (ix)
    00001E4A 02               [ 7] 6627 	ld	(bc), a
                                   6628 ;C:\Users\Jummy\Downloads\MSXgl-1.5.0b\engine/src/print.h:269: PRINT_DATA.CursorY = y;
    00001E4B 21r06r00         [10] 6629 	ld	hl, #_g_PrintData + 6
    00001E4E DD 7E FE         [19] 6630 	ld	a, -2 (ix)
    00001E51 77               [ 7] 6631 	ld	(hl), a
                                   6632 ;C:\Users\Jummy\Downloads\MSXgl-1.5.0b\engine/src/print.h:552: inline void Print_DrawTextAt(UX x, UY y, const c8* str) { Print_SetPosition(x, y); Print_DrawText(str); }
    00001E52 E5               [11] 6633 	push	hl
    00001E53 C5               [11] 6634 	push	bc
    00001E54 21r80r1E         [10] 6635 	ld	hl, #___str_14
    00001E57 CDr00r00         [17] 6636 	call	_Print_DrawText
    00001E5A C1               [10] 6637 	pop	bc
    00001E5B E1               [10] 6638 	pop	hl
                                   6639 ;./bluebakas.c:1701: Print_DrawIntAt(x + 3, y, (i16)value);
    00001E5C DD 5E FB         [19] 6640 	ld	e, -5 (ix)
    00001E5F DD 56 FC         [19] 6641 	ld	d, -4 (ix)
    00001E62 DD 7E FD         [19] 6642 	ld	a, -3 (ix)
    00001E65 3C               [ 4] 6643 	inc	a
    00001E66 3C               [ 4] 6644 	inc	a
    00001E67 3C               [ 4] 6645 	inc	a
                                   6646 ;C:\Users\Jummy\Downloads\MSXgl-1.5.0b\engine/src/print.h:268: PRINT_DATA.CursorX = x;
    00001E68 02               [ 7] 6647 	ld	(bc), a
                                   6648 ;C:\Users\Jummy\Downloads\MSXgl-1.5.0b\engine/src/print.h:269: PRINT_DATA.CursorY = y;
    00001E69 DD 7E FE         [19] 6649 	ld	a, -2 (ix)
    00001E6C 77               [ 7] 6650 	ld	(hl), a
                                   6651 ;C:\Users\Jummy\Downloads\MSXgl-1.5.0b\engine/src/print.h:637: inline void Print_DrawIntAt(UX x, UY y, i16 val) { Print_SetPosition(x, y); Print_DrawInt(val); }
    00001E6D 7A               [ 4] 6652 	ld	a, d
    00001E6E 07               [ 4] 6653 	rlca
    00001E6F ED 62            [15] 6654 	sbc	hl, hl
    00001E71 CDr00r00         [17] 6655 	call	_Print_DrawInt
                                   6656 ;./bluebakas.c:1701: Print_DrawIntAt(x + 3, y, (i16)value);
    00001E74                       6657 00124$:
                                   6658 ;./bluebakas.c:1703: }
    00001E74 DD F9            [10] 6659 	ld	sp, ix
    00001E76 DD E1            [14] 6660 	pop	ix
    00001E78 E1               [10] 6661 	pop	hl
    00001E79 F1               [10] 6662 	pop	af
    00001E7A E9               [ 4] 6663 	jp	(hl)
    00001E7B                       6664 ___str_12:
    00001E7B 20                    6665 	.ascii " "
    00001E7C 00                    6666 	.db 0x00
    00001E7D                       6667 ___str_13:
    00001E7D 20 20                 6668 	.ascii "  "
    00001E7F 00                    6669 	.db 0x00
    00001E80                       6670 ___str_14:
    00001E80 20 20 20              6671 	.ascii "   "
    00001E83 00                    6672 	.db 0x00
                                   6673 ;./bluebakas.c:1705: void DrawHUD()
                                   6674 ;	---------------------------------
                                   6675 ; Function DrawHUD
                                   6676 ; ---------------------------------
    00001E84                       6677 _DrawHUD::
                                   6678 ;./bluebakas.c:1707: Print_DrawTextAt(0, 22, "ENERGY=");
                                   6679 ;C:\Users\Jummy\Downloads\MSXgl-1.5.0b\engine/src/print.h:268: PRINT_DATA.CursorX = x;
    00001E84 21r05r00         [10] 6680 	ld	hl, #(_g_PrintData + 5)
    00001E87 36 00            [10] 6681 	ld	(hl), #0x00
                                   6682 ;C:\Users\Jummy\Downloads\MSXgl-1.5.0b\engine/src/print.h:269: PRINT_DATA.CursorY = y;
    00001E89 23               [ 6] 6683 	inc	hl
    00001E8A 36 16            [10] 6684 	ld	(hl), #0x16
                                   6685 ;C:\Users\Jummy\Downloads\MSXgl-1.5.0b\engine/src/print.h:552: inline void Print_DrawTextAt(UX x, UY y, const c8* str) { Print_SetPosition(x, y); Print_DrawText(str); }
    00001E8C 21rE3r1E         [10] 6686 	ld	hl, #___str_15
    00001E8F CDr00r00         [17] 6687 	call	_Print_DrawText
                                   6688 ;./bluebakas.c:1708: DrawInt4At(8, 22, Energy);
    00001E92 2Ar01r00         [16] 6689 	ld	hl, (_Energy)
    00001E95 E5               [11] 6690 	push	hl
    00001E96 2E 16            [ 7] 6691 	ld	l, #0x16
    00001E98 3E 08            [ 7] 6692 	ld	a, #0x08
    00001E9A CDr50r1D         [17] 6693 	call	_DrawInt4At
                                   6694 ;./bluebakas.c:1710: Print_DrawTextAt(0, 23, "SCORE=");
                                   6695 ;C:\Users\Jummy\Downloads\MSXgl-1.5.0b\engine/src/print.h:268: PRINT_DATA.CursorX = x;
    00001E9D 21r05r00         [10] 6696 	ld	hl, #(_g_PrintData + 5)
    00001EA0 36 00            [10] 6697 	ld	(hl), #0x00
                                   6698 ;C:\Users\Jummy\Downloads\MSXgl-1.5.0b\engine/src/print.h:269: PRINT_DATA.CursorY = y;
    00001EA2 23               [ 6] 6699 	inc	hl
    00001EA3 36 17            [10] 6700 	ld	(hl), #0x17
                                   6701 ;C:\Users\Jummy\Downloads\MSXgl-1.5.0b\engine/src/print.h:552: inline void Print_DrawTextAt(UX x, UY y, const c8* str) { Print_SetPosition(x, y); Print_DrawText(str); }
    00001EA5 21rEBr1E         [10] 6702 	ld	hl, #___str_16
    00001EA8 CDr00r00         [17] 6703 	call	_Print_DrawText
                                   6704 ;./bluebakas.c:1711: DrawInt4At(7, 23, Score);
    00001EAB 3Ar00r00         [13] 6705 	ld	a, (_Score)
    00001EAE 06 00            [ 7] 6706 	ld	b, #0x00
    00001EB0 4F               [ 4] 6707 	ld	c, a
    00001EB1 C5               [11] 6708 	push	bc
    00001EB2 2E 17            [ 7] 6709 	ld	l, #0x17
    00001EB4 3E 07            [ 7] 6710 	ld	a, #0x07
    00001EB6 CDr50r1D         [17] 6711 	call	_DrawInt4At
                                   6712 ;./bluebakas.c:1713: if(Energy == 0)
    00001EB9 3Ar02r00         [13] 6713 	ld	a, (_Energy+1)
    00001EBC 21r01r00         [10] 6714 	ld	hl, #_Energy
    00001EBF B6               [ 7] 6715 	or	a, (hl)
    00001EC0 20 0E            [12] 6716 	jr	nz, 00104$
                                   6717 ;./bluebakas.c:1715: Print_DrawTextAt(23, 22, "NO ENERGY");
                                   6718 ;C:\Users\Jummy\Downloads\MSXgl-1.5.0b\engine/src/print.h:268: PRINT_DATA.CursorX = x;
    00001EC2 21r05r00         [10] 6719 	ld	hl, #(_g_PrintData + 5)
    00001EC5 36 17            [10] 6720 	ld	(hl), #0x17
                                   6721 ;C:\Users\Jummy\Downloads\MSXgl-1.5.0b\engine/src/print.h:269: PRINT_DATA.CursorY = y;
    00001EC7 23               [ 6] 6722 	inc	hl
    00001EC8 36 16            [10] 6723 	ld	(hl), #0x16
                                   6724 ;C:\Users\Jummy\Downloads\MSXgl-1.5.0b\engine/src/print.h:552: inline void Print_DrawTextAt(UX x, UY y, const c8* str) { Print_SetPosition(x, y); Print_DrawText(str); }
                                   6725 ;./bluebakas.c:1715: Print_DrawTextAt(23, 22, "NO ENERGY");
    00001ECA 21rF2r1E         [10] 6726 	ld	hl, #___str_17
    00001ECD C3r00r00         [10] 6727 	jp	_Print_DrawText
    00001ED0                       6728 00104$:
                                   6729 ;./bluebakas.c:1717: else if(g_ShowGoodHit)
    00001ED0 3Ar18r00         [13] 6730 	ld	a, (_g_ShowGoodHit+0)
    00001ED3 B7               [ 4] 6731 	or	a, a
    00001ED4 C8               [11] 6732 	ret	z
                                   6733 ;./bluebakas.c:1719: Print_DrawTextAt(23, 22, " GOOD HIT");
                                   6734 ;C:\Users\Jummy\Downloads\MSXgl-1.5.0b\engine/src/print.h:268: PRINT_DATA.CursorX = x;
    00001ED5 21r05r00         [10] 6735 	ld	hl, #(_g_PrintData + 5)
    00001ED8 36 17            [10] 6736 	ld	(hl), #0x17
                                   6737 ;C:\Users\Jummy\Downloads\MSXgl-1.5.0b\engine/src/print.h:269: PRINT_DATA.CursorY = y;
    00001EDA 23               [ 6] 6738 	inc	hl
    00001EDB 36 16            [10] 6739 	ld	(hl), #0x16
                                   6740 ;C:\Users\Jummy\Downloads\MSXgl-1.5.0b\engine/src/print.h:552: inline void Print_DrawTextAt(UX x, UY y, const c8* str) { Print_SetPosition(x, y); Print_DrawText(str); }
    00001EDD 21rFCr1E         [10] 6741 	ld	hl, #___str_18
                                   6742 ;./bluebakas.c:1719: Print_DrawTextAt(23, 22, " GOOD HIT");
                                   6743 ;./bluebakas.c:1721: }
    00001EE0 C3r00r00         [10] 6744 	jp	_Print_DrawText
    00001EE3                       6745 ___str_15:
    00001EE3 45 4E 45 52 47 59 3D  6746 	.ascii "ENERGY="
    00001EEA 00                    6747 	.db 0x00
    00001EEB                       6748 ___str_16:
    00001EEB 53 43 4F 52 45 3D     6749 	.ascii "SCORE="
    00001EF1 00                    6750 	.db 0x00
    00001EF2                       6751 ___str_17:
    00001EF2 4E 4F 20 45 4E 45 52  6752 	.ascii "NO ENERGY"
             47 59
    00001EFB 00                    6753 	.db 0x00
    00001EFC                       6754 ___str_18:
    00001EFC 20 47 4F 4F 44 20 48  6755 	.ascii " GOOD HIT"
             49 54
    00001F05 00                    6756 	.db 0x00
                                   6757 ;./bluebakas.c:1727: void main()
                                   6758 ;	---------------------------------
                                   6759 ; Function main
                                   6760 ; ---------------------------------
    00001F06                       6761 _main::
                                   6762 ;./bluebakas.c:1729: InitGraphics();
    00001F06 CDr00r00         [17] 6763 	call	_InitGraphics
                                   6764 ;./bluebakas.c:1730: ShowTitleScreen();
    00001F09 CDrACr1B         [17] 6765 	call	_ShowTitleScreen
                                   6766 ;./bluebakas.c:1731: LoadLevel();
    00001F0C CDr41r1D         [17] 6767 	call	_LoadLevel
                                   6768 ;./bluebakas.c:1732: InitSound();
    00001F0F CDrC7r08         [17] 6769 	call	_InitSound
                                   6770 ;./bluebakas.c:1734: while(1)
    00001F12                       6771 00110$:
                                   6772 ;C:\Users\Jummy\Downloads\MSXgl-1.5.0b\engine/src/system.h:145: inline void Halt() { __asm__("halt"); }
    00001F12 76               [ 4] 6773 	halt
                                   6774 ;./bluebakas.c:1738: if(g_GameOverToTitle)
    00001F13 3Ar0Fr00         [13] 6775 	ld	a, (_g_GameOverToTitle+0)
    00001F16 B7               [ 4] 6776 	or	a, a
    00001F17 28 33            [12] 6777 	jr	z, 00104$
                                   6778 ;./bluebakas.c:1740: if(g_GameOverSoundDone)
    00001F19 3Ar10r00         [13] 6779 	ld	a, (_g_GameOverSoundDone+0)
    00001F1C B7               [ 4] 6780 	or	a, a
    00001F1D 28 F3            [12] 6781 	jr	z, 00110$
                                   6782 ;./bluebakas.c:1742: ayFX_Mute();
    00001F1F CDr00r00         [17] 6783 	call	_ayFX_Mute
                                   6784 ;./bluebakas.c:1743: PSG_Mute();
    00001F22 CDr00r00         [17] 6785 	call	_PSG_Mute
                                   6786 ;./bluebakas.c:1745: g_GameOverToTitle = FALSE;
                                   6787 ;./bluebakas.c:1746: g_GameOverSoundDone = FALSE;
    00001F25 AF               [ 4] 6788 	xor	a, a
    00001F26 32r0Fr00         [13] 6789 	ld	(#_g_GameOverToTitle), a
    00001F29 32r10r00         [13] 6790 	ld	(#_g_GameOverSoundDone), a
                                   6791 ;./bluebakas.c:1748: Score = 0;
    00001F2C AF               [ 4] 6792 	xor	a, a
    00001F2D 32r00r00         [13] 6793 	ld	(#_Score), a
                                   6794 ;./bluebakas.c:1749: Energy = 1000;
    00001F30 21 E8 03         [10] 6795 	ld	hl, #0x03e8
    00001F33 22r01r00         [16] 6796 	ld	(_Energy), hl
                                   6797 ;./bluebakas.c:1751: g_FuelSoundWanted = FALSE;
                                   6798 ;./bluebakas.c:1752: g_FuelSoundRestart = FALSE;
    00001F36 AF               [ 4] 6799 	xor	a, a
    00001F37 32r0Dr00         [13] 6800 	ld	(#_g_FuelSoundWanted), a
    00001F3A 32r0Er00         [13] 6801 	ld	(#_g_FuelSoundRestart), a
                                   6802 ;./bluebakas.c:1754: ResetGameplayFlags();
    00001F3D CDr05r09         [17] 6803 	call	_ResetGameplayFlags
                                   6804 ;./bluebakas.c:1756: InitGraphics();
    00001F40 CDr00r00         [17] 6805 	call	_InitGraphics
                                   6806 ;./bluebakas.c:1757: ShowTitleScreen();
    00001F43 CDrACr1B         [17] 6807 	call	_ShowTitleScreen
                                   6808 ;./bluebakas.c:1758: LoadLevel();
    00001F46 CDr41r1D         [17] 6809 	call	_LoadLevel
                                   6810 ;./bluebakas.c:1761: continue;
    00001F49 C3r12r1F         [10] 6811 	jp	00110$
    00001F4C                       6812 00104$:
                                   6813 ;./bluebakas.c:1764: UpdateRepairRobot();
    00001F4C CDrB5r0F         [17] 6814 	call	_UpdateRepairRobot
                                   6815 ;./bluebakas.c:1765: UpdateLaser();
    00001F4F CDr16r15         [17] 6816 	call	_UpdateLaser
                                   6817 ;./bluebakas.c:1766: UpdateExplosion();
    00001F52 CDr26r0D         [17] 6818 	call	_UpdateExplosion
                                   6819 ;./bluebakas.c:1767: UpdateMeanie();
    00001F55 CDr45r1B         [17] 6820 	call	_UpdateMeanie
                                   6821 ;./bluebakas.c:1769: if(g_GameOverToTitle)
    00001F58 3Ar0Fr00         [13] 6822 	ld	a, (_g_GameOverToTitle+0)
    00001F5B B7               [ 4] 6823 	or	a, a
    00001F5C 20 B4            [12] 6824 	jr	nz, 00110$
                                   6825 ;./bluebakas.c:1772: UpdateFuel();
    00001F5E CDr1Ar0B         [17] 6826 	call	_UpdateFuel
                                   6827 ;./bluebakas.c:1774: if(g_hasHUDChanged)
    00001F61 3Ar19r00         [13] 6828 	ld	a, (_g_hasHUDChanged+0)
    00001F64 B7               [ 4] 6829 	or	a, a
    00001F65 28 AB            [12] 6830 	jr	z, 00110$
                                   6831 ;./bluebakas.c:1776: DrawHUD();
    00001F67 CDr84r1E         [17] 6832 	call	_DrawHUD
                                   6833 ;./bluebakas.c:1777: g_hasHUDChanged = FALSE;
    00001F6A AF               [ 4] 6834 	xor	a, a
    00001F6B 21r19r00         [10] 6835 	ld	hl, #_g_hasHUDChanged
    00001F6E 77               [ 7] 6836 	ld	(hl), a
                                   6837 ;./bluebakas.c:1780: }
    00001F6F C3r12r1F         [10] 6838 	jp	00110$
                                   6839 	.area _CODE
                                   6840 	.area _INITIALIZER
    00000000                       6841 __xinit__Score:
    00000000 00                    6842 	.db #0x00	; 0
    00000001                       6843 __xinit__Energy:
    00000001 E8 03                 6844 	.dw #0x03e8
    00000003                       6845 __xinit__g_FuelActive:
    00000003 00                    6846 	.db #0x00	; 0
    00000004                       6847 __xinit__g_ExplosionActive:
    00000004 00                    6848 	.db #0x00	; 0
    00000005                       6849 __xinit__g_FuelXFix:
    00000005 00 00                 6850 	.dw #0x0000
    00000007                       6851 __xinit__g_FuelYFix:
    00000007 00 00                 6852 	.dw #0x0000
    00000009                       6853 __xinit__g_FuelSpawnDelay:
    00000009 08 07                 6854 	.dw #0x0708
    0000000B                       6855 __xinit__g_Rand:
    0000000B A7 00                 6856 	.dw #0x00a7
    0000000D                       6857 __xinit__g_FuelSoundWanted:
    0000000D 00                    6858 	.db #0x00	; 0
    0000000E                       6859 __xinit__g_FuelSoundRestart:
    0000000E 00                    6860 	.db #0x00	; 0
    0000000F                       6861 __xinit__g_GameOverToTitle:
    0000000F 00                    6862 	.db #0x00	; 0
    00000010                       6863 __xinit__g_GameOverSoundDone:
    00000010 00                    6864 	.db #0x00	; 0
    00000011                       6865 __xinit__g_RobotTileX:
    00000011 00                    6866 	.db #0x00	; 0
    00000012                       6867 __xinit__g_RobotTileY:
    00000012 00                    6868 	.db #0x00	; 0
    00000013                       6869 __xinit__g_RobotUnderTile:
    00000013 00                    6870 	.db #0x00	; 0
    00000014                       6871 __xinit__g_KeyRow8Prev:
    00000014 FF                    6872 	.db #0xff	; 255
    00000015                       6873 __xinit__g_RobotMoveDelay:
    00000015 00                    6874 	.db #0x00	; 0
    00000016                       6875 __xinit__g_LaserActive:
    00000016 00                    6876 	.db #0x00	; 0
    00000017                       6877 __xinit__g_LaserErasing:
    00000017 00                    6878 	.db #0x00	; 0
    00000018                       6879 __xinit__g_ShowGoodHit:
    00000018 00                    6880 	.db #0x00	; 0
    00000019                       6881 __xinit__g_hasHUDChanged:
    00000019 01                    6882 	.db #0x01	; 1
    0000001A                       6883 __xinit__g_LaserTileX:
    0000001A 00                    6884 	.db #0x00	; 0
    0000001B                       6885 __xinit__g_LaserTileY:
    0000001B 00                    6886 	.db #0x00	; 0
    0000001C                       6887 __xinit__g_LaserTile:
    0000001C 00                    6888 	.db #0x00	; 0
    0000001D                       6889 __xinit__g_LaserDir:
    0000001D 00                    6890 	.db #0x00	;  0
    0000001E                       6891 __xinit__g_LaserStepDelay:
    0000001E 00                    6892 	.db #0x00	; 0
    0000001F                       6893 __xinit__g_KeyRow2Prev:
    0000001F FF                    6894 	.db #0xff	; 255
    00000020                       6895 __xinit__g_KeyRow4Prev:
    00000020 FF                    6896 	.db #0xff	; 255
    00000021                       6897 __xinit__g_KeyRow5Prev:
    00000021 FF                    6898 	.db #0xff	; 255
                                   6899 	.area _CABS (ABS)
