ASxxxx Assembler V05.50.4+NoICE+SDCCmods-WIP-R14  (Zilog Z80 / Hitachi HD64180 / ZX-Next / eZ80 / R800)                               Page 1
Hexadecimal [32-Bits]



                                      1 ; ____________________________
                                      2 ; ██▀███▀██▀▀▀▀▀▀▀█▀▀█        │   ▄▄       ▄▄   ▄▄
                                      3 ; ██  ▀  █▄  ▀██▄ ▀ ▄█ ▄▀▀ █  │  ██ ▀ ██▄▀ ██▀ █ ██
                                      4 ; █  █ █  ▀▀  ▄█  █  █ ▀▄█ █▄ │  ▀█▄▀ ██   ▀█▄ ▀▄█▀
                                      5 ; ▀▀▀▀▀▀▀▀▀▀▀▀▀▀▀▀▀▀▀▀────────┘
                                      6 ;  by Guillaume 'Aoineko' Blanchard under CC-BY-AS license
                                      7 ;──────────────────────────────────────────────────────────────────────────────
                                      8 ; crt0 header for 32KB ROM program
                                      9 ;──────────────────────────────────────────────────────────────────────────────
                                     10 ; Code address: 0x4000
                                     11 ; Data address: 0xC000
                                     12 ;──────────────────────────────────────────────────────────────────────────────
                                     13 .module	crt0
                                     14 
ASxxxx Assembler V05.50.4+NoICE+SDCCmods-WIP-R14  (Zilog Z80 / Hitachi HD64180 / ZX-Next / eZ80 / R800)                               Page 2
Hexadecimal [32-Bits]



                                     15 .include "defines.asm"
                                      1 ; ____________________________
                                      2 ; ██▀███▀██▀▀▀▀▀▀▀█▀▀█        │   ▄▄       ▄▄   ▄▄
                                      3 ; ██  ▀  █▄  ▀██▄ ▀ ▄█ ▄▀▀ █  │  ██ ▀ ██▄▀ ██▀ █ ██
                                      4 ; █  █ █  ▀▀  ▄█  █  █ ▀▄█ █▄ │  ▀█▄▀ ██   ▀█▄ ▀▄█▀
                                      5 ; ▀▀▀▀▀▀▀▀▀▀▀▀▀▀▀▀▀▀▀▀────────┘
                                      6 ;  by Guillaume 'Aoineko' Blanchard under CC-BY-AS license
                                      7 ;──────────────────────────────────────────────────────────────────────────────
                                      8 ; crt0 helper defines
                                      9 ;------------------------------------------------------------------------------
                                     10 ; By Guillaume 'Aoineko' Blanchard for MSX Game Library 
                                     11 ; (ɔ) 2022 under CC-BY-AS license
                                     12 ;------------------------------------------------------------------------------
                                     13 .module	crt0
                                     14 
                                     15 ;------------------------------------------------------------------------------
                                     16 ; Global symbols
                                     17 .globl _main
                                     18 .globl l__INITIALIZER
                                     19 .globl s__INITIALIZED
                                     20 .globl s__INITIALIZER
                                     21 .globl s__HEADER
                                     22 .globl s__GSFINAL
                                     23 .globl s__HEAP
                                     24 
                                     25 ;------------------------------------------------------------------------------
                                     26 ; I/O ports
                         000000A8    27 PPI_A				= #0xA8
                         000000A9    28 PPI_B				= #0xA9
                         000000AA    29 PPI_C				= #0xAA
                         000000AB    30 PPI_MODE			= #0xAB
                         00000099    31 VDP_S				= #0x99
                         00000099    32 VDP_A				= #0x99
                         00000066    33 V9_P06				= #0x66
                                     34 
                                     35 ;------------------------------------------------------------------------------
                                     36 ; Main-ROM routines
                         00000014    37 WRSLT				= #0x0014 ; Writes a value to an address in another slot
                         00000024    38 ENASLT				= #0x0024 ; Switches indicated slot at indicated page on perpetually
                         0000002B    39 ROMVER				= #0x002B ; Basic ROM version
                         0000002D    40 MSXVER				= #0x002D ; MSX version number
                         0000006C    41 INITXT				= #0x006C ; Switches to SCREEN 0
                         00000078    42 SETTXT				= #0x0078 ; Switches VDP to SCREEN 0 mode
                         0000009F    43 CHGET				= #0x009F ; One character input (waiting)
                         000000A2    44 CHPUT				= #0x00A2 ; Displays one character
                         000000C3    45 CLS					= #0x00C3 ; Clears the screen
                         00000138    46 RSLREG				= #0x0138 ; Reads the primary slot register
                                     47 
                                     48 ;------------------------------------------------------------------------------
                                     49 ; RAM work area variables
                         0000F3AE    50 LINL40				= #0xF3AE
                         0000FC4A    51 HIMEM				= #0xFC4A
                         0000FCC1    52 EXPTBL				= #0xFCC1
                         0000FEDA    53 H_STKE				= #0xFEDA
                         0000FFFF    54 SLTSL				= #0xFFFF
ASxxxx Assembler V05.50.4+NoICE+SDCCmods-WIP-R14  (Zilog Z80 / Hitachi HD64180 / ZX-Next / eZ80 / R800)                               Page 3
Hexadecimal [32-Bits]



                                     55 
                                     56 ;------------------------------------------------------------------------------
                                     57 ; MSX version
                         00000000    58 MSX1				= 0 ; MSX 1
                         00000001    59 MSX2				= 1 ; MSX 2
                         00000002    60 MSX2P				= 2 ; MSX 2+
                         00000003    61 MSXTR				= 3 ; MSX turbo R
                         00000004    62 MSX2PP				= 4 ; MSX 2++
                         00000005    63 MSX2S				= 5 ; MSX 2#
                                     64 
                                     65 ;------------------------------------------------------------------------------
                                     66 ; Row #7 keys
                         00000001    67 KEY_F4				= #0b00000001
                         00000002    68 KEY_F5				= #0b00000010
                         00000004    69 KEY_ESC				= #0b00000100
                         00000008    70 KEY_TAB				= #0b00001000
                         00000010    71 KEY_STOP			= #0b00010000
                         00000020    72 KEY_BS				= #0b00100000
                         00000040    73 KEY_SELECT			= #0b01000000
                         00000080    74 KEY_RETURN			= #0b10000000
                                     75 
                                     76 ;------------------------------------------------------------------------------
                                     77 ; ROM types
                                     78 ; /!\ Must match the values in "config_option.h"
                         00000000    79 ROM_PLAIN			= 0		; Plain ROM (no mapper)
                         00000002    80 ROM_MAPPER_8K		= 2		; Mapper 8 KB
                         00000002    81 ROM_ASCII8			= 2		;  ASCII-8 mapper
                         00000003    82 ROM_KONAMI			= 3		;  Konami without SCC mapper
                         00000004    83 ROM_KONAMI_SCC		= 4		;  Konami with SCC mapper
                         00000005    84 ROM_NEO8			= 5		;  NEO-8 mapper
                         00000006    85 ROM_YAMANOOTO		= 6		;  Yamanooto mapper
                         00000007    86 ROM_POPOLON			= 7		;  Popolon SCC mapper
                         0000000A    87 ROM_MAPPER_16K		= 10	; Mapper 16 KB
                         0000000A    88 ROM_ASCII16			= 10	;  ASCII-16 mmaper
                         0000000B    89 ROM_NEO16			= 11	;  NEO-16 mapper
                         0000000C    90 ROM_ASCII16X		= 12	;  ASCII16-X mmaper
                                     91 
                                     92 ;------------------------------------------------------------------------------
                                     93 ; Yamanooto registers types
                         00007FFF    94 YAMA_ENAR			= #0x7FFF		; Features enable register
                         00000001    95 YAMA_ENAR_REGEN		= #0b00000001	; Registers enable. Setting this bit allows writing to all other registers and all register readability.
                         00000010    96 YAMA_ENAR_WREN		= #0b00010000	; Write enable. Set to 1 to enable writes to flash rom.
                         00007FFE    97 YAMA_OFFR			= #0x7FFE		; Mapper offset register
                         00007FFD    98 YAMA_CFGR			= #0x7FFD		; Configuration and control register
                         00000001    99 YAMA_CFGR_MDIS		= #0b00000001	; This bit disables mapping so you avoid mapper changes with small (up to 32 kbyte) roms that poke the switching area. Usually this is a problem only in K4 mode. Remember to reset this bit to make changes again.
                         00000002   100 YAMA_CFGR_ECHO		= #0b00000010	; This bit allows the built-in PSG to respond to the port number of the internal PSG of the MSX, causing music intended for the internal PSG to be played too in the Yamanooto and be heard through the stereo output of the cartridge. This is set only during boot when you press the HOME key.
                         00000004   101 YAMA_CFGR_ROMDIS	= #0b00000100	; Setting this bit disables access to flash rom. This is automatically set during boot when the DEL key is pressed. You need to clear this bit in software to be able read/write the flash rom.
                         00000008   102 YAMA_CFGR_K4		= #0b00001000	; Changes mapper configuration from Konami5 (SCC) to Konami4 for compatibility with game compilations including non-SCC games.
                                    103 
                                    104 ;------------------------------------------------------------------------------
                                    105 ; Popolon SCC registers
                         00003800   106 POPOLON_OFF			= #0x3800		; Mapper 16-bit offset register
                         00003804   107 POPOLON_CFGR		= #0x3804		; Configuration register
                         00000000   108 POPOLON_CFGR_OE		= #0b00000000	; Offset enable (default mode)
                         00000001   109 POPOLON_CFGR_OD		= #0b00000001	; Offset disable
ASxxxx Assembler V05.50.4+NoICE+SDCCmods-WIP-R14  (Zilog Z80 / Hitachi HD64180 / ZX-Next / eZ80 / R800)                               Page 4
Hexadecimal [32-Bits]



                                    110 
                                    111 ;------------------------------------------------------------------------------
                                    112 ; ISR types
                         00000000   113 ISR_NONE			= 0				; No ISR
                         00000001   114 ISR_ALL				= 1				; Handle any interruption
                         00000002   115 ISR_VBLANK			= 2				; V-blank handler (V9938 or V9958)
                         00000003   116 ISR_VHBLANK			= 3				; V-blank and h-blank handler (V9958)
                         00000004   117 ISR_V9990			= 4				; V-blank, h-blank and command end handler (V9990)
                                    118 
                                    119 ;------------------------------------------------------------------------------
                                    120 ; Install ISR in RAM; either in page 0 (with optional code/data copy there) or in page 3 to use with IM2
                         00000000   121 RAMISR_NONE			= 0				; Don't install ISR in RAM
                         00000001   122 RAMISR_PAGE0		= 1				; Install ISR in page 0
                         00000002   123 RAMISR_SEGMENT0		= 2				; Install ISR and segment data (for mapped-ROM) in page 0
                         00000003   124 RAMISR_PAGE3		= 3				; Install ISR in page 3 (to use with IM2)
                                    125 
                                    126 ;------------------------------------------------------------------------------
                                    127 ; Default values
                         00004000   128 START_ADDR			= 0x4000		; Program start address
                         00000000   129 ROM_MAPPER			= ROM_PLAIN		; ROM type
                         00000000   130 ROM_SKIP			= 0				; Skip boot with a key press
                         00000004   131 ROM_SKIP_KEY		= KEY_ESC		; Skip key to check
                         00000000   132 ROM_DELAY			= 0				; Install BDOS
                         00000000   133 ROM_BCALL			= 0				; Add banked call trampoline
                         00000002   134 ROM_ISR				= ISR_VBLANK	; ISR type
                         00000000   135 ROM_RAMISR			= RAMISR_NONE	; Install ISR in RAM's page 0
                         00000000   136 ISR_SET_S0			= 0				; Reset statut register to S#0 in ISR
                         00000000   137 APP_SIGN			= 0				; Add application signature
                         00004C47   138 APP_SIGN_NAME		= "GL"			; Application creator/group/company name
                         00000000   139 APP_SIGN_ID			= 0x0000		; Application number
                         00000000   140 DOS_PARSEARG		= 0				; Parse MSX-DOS command-line arguments
                         00000000   141 DOS_ISR				= 0				; Install ISR for MSX-DOS
                         00000000   142 CHECK_MSX			= MSX1			; Minimum MSX version required
                         00000000   143 BIOS_RELEASE    	= 0				; Event called before BIOS is released
                                    144 
                                    145 ;------------------------------------------------------------------------------
                                    146 ; Project overwrite values; File generated by the build tool
ASxxxx Assembler V05.50.4+NoICE+SDCCmods-WIP-R14  (Zilog Z80 / Hitachi HD64180 / ZX-Next / eZ80 / R800)                               Page 5
Hexadecimal [32-Bits]



                                    147 .include "crt0_config.asm"
                                      1 ; MSXgl | Crt0 config file generated by the Build tool
                         00004000     2 ADDR_BOOT=0x4000
                         00000001     3 DOS_PARSEARG=1
                         00000001     4 APP_SIGN=1
                         00004C47     5 APP_SIGN_NAME="GL"
                         00003154     6 APP_SIGN_ID="T1"
                                      7 .macro ROM_SIGN_MACRO
                                      8 .endm
ASxxxx Assembler V05.50.4+NoICE+SDCCmods-WIP-R14  (Zilog Z80 / Hitachi HD64180 / ZX-Next / eZ80 / R800)                               Page 6
Hexadecimal [32-Bits]



                                     16 .include "macros.asm"
                                      1 ; ____________________________
                                      2 ; ██▀███▀██▀▀▀▀▀▀▀█▀▀█        │   ▄▄       ▄▄   ▄▄
                                      3 ; ██  ▀  █▄  ▀██▄ ▀ ▄█ ▄▀▀ █  │  ██ ▀ ██▄▀ ██▀ █ ██
                                      4 ; █  █ █  ▀▀  ▄█  █  █ ▀▄█ █▄ │  ▀█▄▀ ██   ▀█▄ ▀▄█▀
                                      5 ; ▀▀▀▀▀▀▀▀▀▀▀▀▀▀▀▀▀▀▀▀────────┘
                                      6 ;  by Guillaume 'Aoineko' Blanchard under CC-BY-AS license
                                      7 ;──────────────────────────────────────────────────────────────────────────────
                                      8 .module	crt0
                                      9 
                                     10 ;==============================================================================
                                     11 ; HEADER
                                     12 ;==============================================================================
                                     13 
                                     14 ;------------------------------------------------------------------------------
                                     15 ; ROM Header
                                     16 ;------------------------------------------------------------------------------
                                     17 .macro ROM_HEADER startAddr
                                     18 
                                     19 	crt0_rom_header::
                                     20 		.ascii	"AB"
                                     21 		.dw		startAddr
                                     22 		.dw		0x0000
                                     23 		.dw		0x0000
                                     24 		.dw		0x0000
                                     25 		.dw		0x0000
                                     26 		.dw		0x0000
                                     27 		.dw		0x0000
                                     28 
                                     29 		ROM_SIGN_MACRO ; empty if AddROMSignature build option is set to false
                                     30 
                                     31 	.if APP_SIGN
                                     32 	_g_AppSignature::
                                     33 		.dw		APP_SIGN_NAME
                                     34 		.dw		APP_SIGN_ID
                                     35 	.endif
                                     36 	; .ifdef APP_SIGN_EXTRA
                                     37 		; .db		APP_SIGN_EXTRA
                                     38 	; .endif
                                     39 
                                     40 .endm
                                     41 
                                     42 ;------------------------------------------------------------------------------
                                     43 ; Basic Header
                                     44 ;------------------------------------------------------------------------------
                                     45 .macro BASIC_HEADER endAddr
                                     46 
                                     47 	crt0_basic_header::
                                     48 		.db 	0xFE				; ID byte
                                     49 		.dw 	crt0_basic_start	; Start address
                                     50 		.dw		crt0_end			; End address
                                     51 		.dw 	crt0_basic_exec		; Execution address
                                     52 
                                     53 	crt0_basic_start:
                                     54 	.if APP_SIGN
ASxxxx Assembler V05.50.4+NoICE+SDCCmods-WIP-R14  (Zilog Z80 / Hitachi HD64180 / ZX-Next / eZ80 / R800)                               Page 7
Hexadecimal [32-Bits]



                                     55 	_g_AppSignature::
                                     56 		.dw		APP_SIGN_NAME
                                     57 		.dw		APP_SIGN_ID
                                     58 	.endif
                                     59 	; .ifdef APP_SIGN_EXTRA
                                     60 		; .db		APP_SIGN_EXTRA
                                     61 	; .endif
                                     62 	crt0_basic_exec:
                                     63 
                                     64 .endm
                                     65 
                                     66 ;==============================================================================
                                     67 ; MAPPER
                                     68 ;==============================================================================
                                     69 
                                     70 ;------------------------------------------------------------------------------
                                     71 ; Bank switching addresses
                                     72 ;------------------------------------------------------------------------------
                                     73 
                                     74 ; ROM_ASCII8
                         00000000    75 .ifeq ROM_MAPPER-ROM_ASCII8
                                     76 	BANK0_ADDR = #0x6000
                                     77 	BANK1_ADDR = #0x6800
                                     78 	BANK2_ADDR = #0x7000
                                     79 	BANK3_ADDR = #0x7800
                                     80 	BANKED_ADDR = BANK2_ADDR
                                     81 .endif
                                     82 ; ROM_ASCII16
                         00000000    83 .ifeq ROM_MAPPER-ROM_ASCII16
                                     84 	BANK0_ADDR = #0x6000
                                     85 	BANK1_ADDR = #0x77FF
                                     86 	BANKED_ADDR = BANK1_ADDR
                                     87 .endif
                                     88 ; ROM_KONAMI
                         00000000    89 .ifeq ROM_MAPPER-ROM_KONAMI
                                     90 	BANK1_ADDR = #0x6000
                                     91 	BANK2_ADDR = #0x8000
                                     92 	BANK3_ADDR = #0xA000
                                     93 	BANKED_ADDR = BANK2_ADDR
                                     94 .endif
                                     95 ; ROM_KONAMI_SCC
                         00000000    96 .ifeq ROM_MAPPER-ROM_KONAMI_SCC
                                     97 	BANK0_ADDR = #0x5000
                                     98 	BANK1_ADDR = #0x7000
                                     99 	BANK2_ADDR = #0x9000
                                    100 	BANK3_ADDR = #0xB000
                                    101 	BANKED_ADDR = BANK2_ADDR
                                    102 .endif
                                    103 ; ROM_NEO8
                         00000000   104 .ifeq ROM_MAPPER-ROM_NEO8
                                    105 	BANK0_ADDR = #0x5000
                                    106 	BANK1_ADDR = #0x5800
                                    107 	BANK2_ADDR = #0x6000
                                    108 	BANK3_ADDR = #0x6800
                                    109 	BANK4_ADDR = #0x7000
ASxxxx Assembler V05.50.4+NoICE+SDCCmods-WIP-R14  (Zilog Z80 / Hitachi HD64180 / ZX-Next / eZ80 / R800)                               Page 8
Hexadecimal [32-Bits]



                                    110 	BANK5_ADDR = #0x7800
                                    111 	BANKED_ADDR = BANK4_ADDR
                                    112 .endif
                                    113 ; ROM_NEO16
                         00000000   114 .ifeq ROM_MAPPER-ROM_NEO16
                                    115 	BANK0_ADDR = #0x5000
                                    116 	BANK1_ADDR = #0x6000
                                    117 	BANK2_ADDR = #0x7000
                                    118 	BANKED_ADDR = BANK2_ADDR
                                    119 .endif
                                    120 ; ROM_YAMANOOTO
                         00000000   121 .ifeq ROM_MAPPER-ROM_YAMANOOTO
                                    122 	BANK0_ADDR = #0x5000
                                    123 	BANK1_ADDR = #0x7000
                                    124 	BANK2_ADDR = #0x9000
                                    125 	BANK3_ADDR = #0xB000
                                    126 	BANKED_ADDR = BANK2_ADDR
                                    127 .endif
                                    128 ; ROM_ASCII16-X
                         00000000   129 .ifeq ROM_MAPPER-ROM_ASCII16X
                                    130 	BANK0_ADDR = #0x6000
                                    131 	BANK1_ADDR = #0x7000
                                    132 	BANKED_ADDR = BANK1_ADDR
                                    133 .endif
                                    134 ; ROM_POPOLON
                         00000000   135 .ifeq ROM_MAPPER-ROM_POPOLON
                                    136 	BANK0_ADDR = #0x5000
                                    137 	BANK1_ADDR = #0x7000
                                    138 	BANK2_ADDR = #0x9000
                                    139 	BANK3_ADDR = #0xB000
                                    140 	BANKED_ADDR = BANK2_ADDR
                                    141 .endif
                                    142 
                                    143 ;==============================================================================
                                    144 ; HELPER
                                    145 ;==============================================================================
                                    146 
                                    147 ;------------------------------------------------------------------------------
                                    148 ; Initialize globals
                                    149 ;------------------------------------------------------------------------------
                                    150 .macro INIT_GLOBALS
                                    151 
                                    152 	crt0_init_globals::
                                    153 		ld		bc, #l__INITIALIZER
                                    154 		ld		a, b
                                    155 		or		a, c
                                    156 		jp		z, crt0_skip_globals
                                    157 		ld		de, #s__INITIALIZED
                                    158 		ld		hl, #s__INITIALIZER
                                    159 		ldir
                                    160 	crt0_skip_globals:
                                    161 
                                    162 .endm
                                    163 
                                    164 ;------------------------------------------------------------------------------
ASxxxx Assembler V05.50.4+NoICE+SDCCmods-WIP-R14  (Zilog Z80 / Hitachi HD64180 / ZX-Next / eZ80 / R800)                               Page 9
Hexadecimal [32-Bits]



                                    165 ; Set page #2 at the same slot than the page #1 (for 32K ROM)
                                    166 ;------------------------------------------------------------------------------
                                    167 .macro INIT_P1_TO_P2
                                    168 
                                    169 	crt0_p1_to_p2::
                                    170 		in		a, (PPI_A)				; A=[P3|P2|P1|P0] Get primary slots info
                                    171 		rrca
                                    172 		rrca							; A=[P0|P3|P2|P1]
                                    173 		and		a, #0b00000011			; A=[00|00|00|P1] Save Page 1 primary slot
                                    174 		ld		c, a					; C=[00|00|00|P1]
                                    175 		ld		hl, #EXPTBL				; HL=&EXPTBL
                                    176 		add		a, l
                                    177 		ld		l, a
                                    178 		ld		a, (hl)					; A=EXPTBL[P1]    See if the slot is expanded or not
                                    179 		and		a, #0x80				; A=[X|000|00|00] Keep only expansion flag
                                    180 		or		a, c					; A=[X|000|00|P1] Set MSB if so
                                    181 		ld		c, a					; C=[X|000|00|P1] Save it to [C]
                                    182 		inc		l						;                 Point to primary slot's SLTTBL entry
                                    183 		inc		l
                                    184 		inc		l
                                    185 		inc		l
                                    186 		ld		a, (hl)					; A=SLTTBL[P1]    Get what is currently output to expansion slot register
                                    187 		and		a, #0b00001100			; A=[00|00|S1|00]
                                    188 		or		c						; A=[X|000|S1|P1] Finally form slot address
                                    189 		ld		h, #0x80				; H=Page 2
                                    190 		call	ENASLT					;                 Enable page 1's slot in page 2
                                    191 .endm
                                    192 
                                    193 ;------------------------------------------------------------------------------
                                    194 ; Set pages #0 and #2 at the same slot than the page #1 (for 48K ROM)
                                    195 ;------------------------------------------------------------------------------
                                    196 .macro INIT_P1_TO_P02
                                    197 
                                    198 	; Backup Page 0 (Main-ROM) information
                                    199 	BACKUP_ROMINFO
                                    200 
                                    201 	; Call event before BIOS release
                                    202 	ON_BIOS_RELEASE
                                    203 
                                    204 	crt0_p1_to_p02::
                                    205 		; Set all pages primary slot equal to page #1 one
                                    206 		in		a, (PPI_A)				; A=[P3|P2|P1|P0] Get primary slots info
                                    207 		ld		d, a					; D=[P3|P2|P1|P0] Backup full slots info
                                    208 		and		a, #0b00001100			; A=[00|00|P1|00] Mask all pages slots but P1 
                                    209 		ld		c, a					; C=[00|00|P1|00] Backup P1
                                    210 		rrca							;                 A>>1
                                    211 		rrca							; A=[00|00|00|P1] A>>1
                                    212 		or		a, c					; A=[00|00|P1|P1]
                                    213 		ld		c, a					; C=[00|00|P1|P1] Backup 
                                    214 		add		a, a					;                 A<<1
                                    215 		add		a, a					; A=[00|P1|P1|00] A<<1
                                    216 		add		a, a					;                 A<<1
                                    217 		add		a, a					; A=[P1|P1|00|00] A<<1
                                    218 		or		a, c					; A=[P1|P1|P1|P1] Merge
                                    219 		out		(PPI_A), a				;                 Set primary slots info
ASxxxx Assembler V05.50.4+NoICE+SDCCmods-WIP-R14  (Zilog Z80 / Hitachi HD64180 / ZX-Next / eZ80 / R800)                                Page 10
Hexadecimal [32-Bits]



                                    220 		ld		e, a					; E=[P1|P1|P1|P1] Backup new slots
                                    221 
                                    222 		; Set page #0 and 2 at the same secondary slot than page #1 one
                                    223 		ld		a, (SLTSL)				; A=[~3|~2|~1|~0] Read secondary slots register of selected primary slot
                                    224 		cpl								; A=[S3|S2|S1|S0] Reverses the bits
                                    225 		ld		b, a					; B=[S3|S2|S1|S0] Backup secondary slot
                                    226 		and		a, #0b00001100			; A=[00|00|S1|00] Mask all pages secondary slots but P1 
                                    227 		ld		c, a					; C=[00|00|S1|00] Backup
                                    228 		rrca							;                 A>>1
                                    229 		rrca							; A=[00|00|00|S1] A>>1
                                    230 		or		a, c					; A=[00|00|S1|S1] Merge
                                    231 		ld		c, a					; C=[00|00|S1|S1] Backup
                                    232 		add		a, a					;                 A<<1
                                    233 		add		a, a					; A=[00|S1|S1|00] A<<1
                                    234 		or		a, c					; A=[00|S1|S1|S1] Merge
                                    235 		ld		c, a					; C=[00|S1|S1|S1] Backup
                                    236 		ld		a, b					; A=[S3|S2|S1|S0] Restore primary slots info 
                                    237 		and		a, #0b11000000			; A=[S3|00|00|00] Mask all pages slots but P0 
                                    238 		or		a, c					; A=[S3|S1|S1|S0] Merge original P0 and P1 in all other page
                                    239 		ld		(SLTSL), a				;                 Set secondary slot info
                                    240 
                                    241 		; Restore initial Page 3 slot
                                    242 		ld		a, d					; A=[P3|P2|P1|P0] Restore initiale primary slots
                                    243 		and		a, #0b11000000			; A=[P3|00|00|00] Keep page #3 primary slot
                                    244 		ld		c, a					; C=[P3|00|00|00] Backup
                                    245 		ld		a, e					; A=[P1|P1|P1|P1] Restore new primary slots
                                    246 		and		a, #0b00111111			; A=[00|P1|P1|P1] Keep all pages but page #3
                                    247 		or		a, c					; A=[P3|P1|P1|P1] Merge
                                    248 		out		(PPI_A), a				;                 Set primary slots info
                                    249 .endm
                                    250 
                                    251 ;------------------------------------------------------------------------------
                                    252 ; Set page #0 at the same slot than the page #3 (replace Main-ROM by RAM)
                                    253 ; /!\ Need 64 KB of RAM
                                    254 ;------------------------------------------------------------------------------
                                    255 .macro INIT_P3_TO_P0
                                    256 
                                    257 	; Backup Page 0 (Main-ROM) information
                                    258 	BACKUP_ROMINFO
                                    259 
                                    260 	; Call event before BIOS release
                                    261 	ON_BIOS_RELEASE
                                    262 
                                    263 	crt0_p3_to_p0::
                                    264 
                                    265 		; Code by retrocanada76
                                    266 		; https://msx.org/forum/msx-talk/development/msxgl-%E2%80%93-a-new-c-game-library-for-msx?page=28
                                    267 
                                    268 		; D = current SLOT config (P3|P2|P1|P0)
                                    269 		; E = current SLTSL reg (P3)
                                    270 		in		a, (PPI_A)				; get current SLOTs
                                    271 		ld		e, a					; save for later (E)
                                    272 		ld		a, (SLTSL)				
                                    273 		cpl								; get current SSLOTs (P3)
                                    274 		ld		d,a						; save for later (D)
ASxxxx Assembler V05.50.4+NoICE+SDCCmods-WIP-R14  (Zilog Z80 / Hitachi HD64180 / ZX-Next / eZ80 / R800)                                Page 11
Hexadecimal [32-Bits]



                                    275 
                                    276 		; Set pages #0 primary slot equal to page #3 one
                                    277 		in		a, (PPI_A)				; A=[P3|P2|P1|P0] Get primary slots info 
                                    278 		and		a, #0b11111100			; A=[P3|P2|P1|00] Mask P0 slot 
                                    279 		ld		b, a					; B=[P3|P2|P1|00] Backup
                                    280 		and		a, #0b11000000			; A=[P3|00|00|00] Mask all pages slots but P3 
                                    281 		rlca							;                 A<<1
                                    282 		rlca							; A=[00|00|00|P3] A<<1
                                    283 		or		a, b					; A=[P3|P2|P1|P3] Merge
                                    284 		out		(PPI_A), a				;                 Set primary slots info
                                    285 
                                    286 		; Set page #0 seconday slot equal to page #3 one
                                    287 		ld		a, (SLTSL)				; A=[~3|~2|~1|~0] Read secondary slots register of selected primary slot
                                    288 		cpl								; A=[S3|S2|S1|S0] Reverses the bits
                                    289 		and		a, #0b11111100			; A=[S3|S2|S1|00] Mask S0 slot 
                                    290 		ld		b, a					; B=[S3|S2|S1|00] Backup
                                    291 		and		a, #0b11000000			; A=[S3|00|00|00] Mask all pages slots but S3 
                                    292 		rlca							;                 A<<1
                                    293 		rlca							; A=[00|00|00|S3] A<<1
                                    294 		or		a, b					; A=[S3|S2|S1|S3] Merge
                                    295 		ld		(SLTSL), a				;                 Set secondary slot info
                                    296 
                                    297 		ld		a,(0)					; read from P0
                                    298 		ld		h,a						; save for comparison
                                    299 		cpl								; make it inverse
                                    300 		ld		(0),a					; write back to P0
                                    301 		ld		a,(0)					; read again
                                    302 		cp		h						; compare against original
                                    303 		jr		nz, #ram_found			; not the same ? RAM found here
                                    304 
                                    305 		; RAM deep search
                                    306 		; this routine search for RAM on P0. It searches each subslot as the RAM might be fragmented (Victor HC-80 or Sony HB-F900 rev1)
                                    307 		; it could be also MSX1s with RAM expansion cards
                                    308 		; into several 16K chunks.
                                    309 		; B = probing SSLOT (3 - 0)
                                    310 		; C = probing SLOT (3 - 0) (P3|P0)
                                    311 		; L = saved SLTSL reg for probing SLOT
                                    312 
                                    313 		ld		a,#0b11000011			; set probing SLOTs P0 and P3 to SLOT 3
                                    314 
                                    315 	slot_loop:
                                    316 		ld		c,a						; save probing P0 and P3
                                    317 
                                    318 		in		a, (PPI_A)				; read current SLOTs
                                    319 		and		#0b00111100				; mask out P0 and P3
                                    320 		or		c						; set P0 and P3 to current probing SLOTs
                                    321 		out		(PPI_A),a				
                                    322 
                                    323 		ld		b, #4					; probe for 4 SSLOTs	
                                    324 	sslot_loop:
                                    325 		ld		a, (SLTSL)				; read SSLOT reg
                                    326 		cpl								; get current SSLOTs for probing SLOT
                                    327 		ld		l, a					; save for later (L)
                                    328 		and		#0b11111100				; mask out P0
                                    329 		dec		b						; dec probing SSLOT (started on #4)
ASxxxx Assembler V05.50.4+NoICE+SDCCmods-WIP-R14  (Zilog Z80 / Hitachi HD64180 / ZX-Next / eZ80 / R800)                                Page 12
Hexadecimal [32-Bits]



                                    330 		or		b						; set probing P0 SSLOT
                                    331 		ld		(SLTSL), a				; write SSLOT reg
                                    332 
                                    333 		ld		a,(0)					; read from P0
                                    334 		ld		h,a						; save for comparison
                                    335 		cpl								; make it inverse
                                    336 		ld		(0),a					; write back to P0
                                    337 		ld		a,(0)					; read again
                                    338 		cp		h						; compare against original
                                    339 		jr		nz, #ram_found			; not the same ? RAM found here
                                    340 
                                    341 		xor		a						; this SSLOT is not RAM
                                    342 		or 		b 						; check SSLOT counter
                                    343 		jr		nz, #sslot_loop			; repeat if still SSLOT left
                                    344 
                                    345 		ld		a,l						; no more SSLOTs for this SLOT
                                    346 		ld 		(SLTSL), a				; restore saved SSLOT for probing SLOT (L)
                                    347 
                                    348 		ld		a, e
                                    349 		out		(PPI_A), a 				; restore saved SLOT (E)
                                    350 		ld		a, d
                                    351 		ld		(SLTSL), a 				; restore saved SSLOT (D)
                                    352 
                                    353 		xor		a
                                    354 		or		c						; has ended ?
                                    355 		jr		z, #ram_not_found
                                    356 		sub		#0b01000001				; dec SLOTS P0 and P3
                                    357 		jr		#slot_loop				; repeat next slot
                                    358 
                                    359 	ram_found:
                                    360 		cpl								; ram has been found
                                    361 		ld		(0),a 					; restore original RAM content
                                    362 
                                    363 		ld		a,e						; now we found P0 ram lets 
                                    364 		and		#0b11000000				; extract P3 original SLOT
                                    365 		ld		e,a						; keep only original P3
                                    366 
                                    367 		in		a,(PPI_A)				; read actual SLOT config
                                    368 		and		#0b00111111				; mask out P3 from current config
                                    369 		or		e
                                    370 		out		(PPI_A),a				; set back original P3 SLOT
                                    371 
                                    372 		ld		a, d					; do the same now with SSLOT
                                    373 		and		#0b11000000				; extract P3 from original SSLOT
                                    374 		ld		d,a
                                    375 		ld		a,(SLTSL)				; read actual SSLOT
                                    376 		cpl
                                    377 		and		#0b00111111				; mask out P3
                                    378 		or		d						; set back original P3 SSLOT
                                    379 		ld		(SLTSL), a 				; restore orig sslot
                                    380 
                                    381 	ram_not_found:
                                    382 
                                    383 .endm
                                    384 
ASxxxx Assembler V05.50.4+NoICE+SDCCmods-WIP-R14  (Zilog Z80 / Hitachi HD64180 / ZX-Next / eZ80 / R800)                                Page 13
Hexadecimal [32-Bits]



                                    385 ;------------------------------------------------------------------------------
                                    386 ; Call event before BIOS release
                                    387 ;------------------------------------------------------------------------------
                                    388 .macro ON_BIOS_RELEASE
                                    389 
                                    390 	.if BIOS_RELEASE
                                    391 	.globl _BIOS_OnRelease
                                    392 	crt0_bios_release::
                                    393 		call _BIOS_OnRelease
                                    394 	.endif
                                    395 
                                    396 .endm
                                    397 
                                    398 ;------------------------------------------------------------------------------
                                    399 ; Check for skip key press
                                    400 ;------------------------------------------------------------------------------
                                    401 .macro SKIP_BOOT
                                    402 	.if ROM_SKIP
                                    403 	; Check for 'ESC' key press
                                    404 	ctr0_check_rom_skip:
                                    405 		in		a, (PPI_C)
                                    406 		and		#0xF0					; only change bits 0-3
                                    407 		or		#7						; check row number 7
                                    408 		out		(PPI_C), a
                                    409 		in		a, (PPI_B)				; read row into A
                                    410 		and		#ROM_SKIP_KEY
                                    411 		ret		z
                                    412 	.endif
                                    413 .endm
                                    414 
                                    415 ;------------------------------------------------------------------------------
                                    416 ; Delay boot using STKE hook
                                    417 ;------------------------------------------------------------------------------
                                    418 .macro DELAY_BOOT
                                    419 	.if ROM_DELAY
                                    420 	; Setup the hook H.STKE to run the ROM with disk support
                                    421 	crt0_bdos_install::
                                    422 		ld		a, c					; Get the ROM slot number
                                    423 		ld		hl, #crt0_bdos_hook
                                    424 		ld		de, #H_STKE
                                    425 		ld		bc, #4
                                    426 		ldir							; Copy the routine to execute the ROM to the hook
                                    427 		ld		(H_STKE+1), a			; Put the ROM slot number to the hook
                                    428 		ret								; Back to slots scanning
                                    429 
                                    430 	; Routine to execute the ROM
                                    431 	crt0_bdos_hook:
                                    432 		rst		0x30					; Inter-slot call
                                    433 		.db		1						; This byte will be replaced by the slot number of ROM
                                    434 		.dw		crt0_bdos_end			; Address to execute the ROM
                                    435 
                                    436 	; Remove the hook and resume the ROM boot sequence
                                    437 	crt0_bdos_end:
                                    438 		ld		a, #0xC9				; 'ret' instruction
                                    439 		ld		(H_STKE), a
ASxxxx Assembler V05.50.4+NoICE+SDCCmods-WIP-R14  (Zilog Z80 / Hitachi HD64180 / ZX-Next / eZ80 / R800)                                Page 14
Hexadecimal [32-Bits]



                                    440 	.endif
                                    441 .endm
                                    442 
                                    443 ;------------------------------------------------------------------------------
                                    444 ; Check MSX version
                                    445 ;------------------------------------------------------------------------------
                                    446 .macro DO_CHECK_MSX
                                    447 	.ifne CHECK_MSX-MSX1
                                    448 	; Check for minimal MSX version and display message if not correct
                                    449 	crt0_check_msx::
                                    450 		ld		a, (MSXVER)
                                    451 		cp		#CHECK_MSX
                                    452 		jp		nc, crt0_check_msx_end ; Version must be equal or higher
                                    453 
                                    454 		ld		a, #40
                                    455 		ld		(LINL40), a			; Set number of columns
                                    456 		call	INITXT				; Switch to Screen 0 (text mode)
                                    457 
                                    458 		ld		hl, #crt0_check_msx_message
                                    459 		call	crt0_check_msx_print ; Display error message
                                    460 
                                    461 	crt0_check_msx_loop:
                                    462 		call	CHGET				; Waiting for user to press a key
                                    463 		cp		#67 				; Character 'C'
                                    464 		jp		z, crt0_check_msx_end
                                    465 		cp		#99 				; Character 'c'
                                    466 		jp		z, crt0_check_msx_end
                                    467 		jr		crt0_check_msx_loop
                                    468 
                                    469 	crt0_check_msx_print:
                                    470 		ld		a, (hl)
                                    471 		or		a
                                    472 		ret		z
                                    473 		call	CHPUT
                                    474 		inc		hl
                                    475 		jr		crt0_check_msx_print
                                    476 
                                    477 	crt0_check_msx_message:
                                    478 		.ascii	"Error: A "
                                    479 		.ifeq CHECK_MSX-MSX2
                                    480 		.ascii	"MSX2"
                                    481 		.endif
                                    482 		.ifeq CHECK_MSX-MSX2P
                                    483 		.ascii	"MSX2+"
                                    484 		.endif
                                    485 		.ifeq CHECK_MSX-MSXTR
                                    486 		.ascii	"MSX turbo R"
                                    487 		.endif
                                    488 		.ascii	" is required!\n\n\n\rPress [C] to continue anyway.\0"
                                    489 
                                    490 	crt0_check_msx_end:
                                    491 	.endif
                                    492 .endm
                                    493 
                                    494 ;------------------------------------------------------------------------------
ASxxxx Assembler V05.50.4+NoICE+SDCCmods-WIP-R14  (Zilog Z80 / Hitachi HD64180 / ZX-Next / eZ80 / R800)                                Page 15
Hexadecimal [32-Bits]



                                    495 ; Interrupt Service Routine
                                    496 ;------------------------------------------------------------------------------
                                    497 
                                    498 ;..............................................................................
                                    499 ; All interruption ISR
                         00000000   500 .ifeq ROM_ISR-ISR_ALL
                                    501 .macro INCLUDE_ISR
                                    502 		.globl	_VDP_InterruptHandler
                                    503 	crt0_interrupt_start::
                                    504 	; Backup registers
                                    505 		push	af
                                    506 		push	hl
                                    507 		push	de
                                    508 		push	bc
                                    509 		exx
                                    510 		ex		af, af'
                                    511 		push	af
                                    512 		push	hl
                                    513 		push	de
                                    514 		push	bc
                                    515 		push	iy
                                    516 		push	ix
                                    517 	; Call interruption handler
                                    518 		call	_VDP_InterruptHandler
                                    519 	; Restore registers
                                    520 		pop		ix
                                    521 		pop		iy
                                    522 		pop		bc
                                    523 		pop		de
                                    524 		pop		hl
                                    525 		pop		af
                                    526 		ex		af, af'
                                    527 		exx
                                    528 		pop		bc
                                    529 		pop		de
                                    530 		pop		hl
                                    531 		pop		af
                                    532 		ei
                                    533 		reti
                                    534 	crt0_interrupt_end:
                                    535 .endm
                                    536 .endif
                                    537 
                                    538 ;..............................................................................
                                    539 ; V-Blank ISR
                         00000001   540 .ifeq ROM_ISR-ISR_VBLANK
                                    541 .macro INCLUDE_ISR
                                    542 		.globl	_VDP_InterruptHandler
                                    543 	crt0_interrupt_start::
                                    544 	; Skip interruptions that do not come from the VDP.
                                    545 		push	af
                                    546 	; Reset R#15 to S#0
                                    547 	.if ISR_SET_S0
                                    548 		xor		a
                                    549 		out		(VDP_A), a
ASxxxx Assembler V05.50.4+NoICE+SDCCmods-WIP-R14  (Zilog Z80 / Hitachi HD64180 / ZX-Next / eZ80 / R800)                                Page 16
Hexadecimal [32-Bits]



                                    550 		ld		a, #(0x80 + 15)
                                    551 		out		(VDP_A),a
                                    552 	.endif
                                    553 		in		a, (VDP_S)
                                    554 		rlca
                                    555 		jr		nc, crt0_interrupt_skip
                                    556 	; Backup registers
                                    557 		push	hl
                                    558 		push	de
                                    559 		push	bc
                                    560 		exx
                                    561 		ex		af, af'
                                    562 		push	af
                                    563 		push	hl
                                    564 		push	de
                                    565 		push	bc
                                    566 		push	iy
                                    567 		push	ix
                                    568 	; Call VDP interruption handler
                                    569 		call	_VDP_InterruptHandler
                                    570 	; Restore registers
                                    571 		pop		ix
                                    572 		pop		iy
                                    573 		pop		bc
                                    574 		pop		de
                                    575 		pop		hl
                                    576 		pop		af
                                    577 		ex		af, af'
                                    578 		exx
                                    579 		pop		bc
                                    580 		pop		de
                                    581 		pop		hl
                                    582 	; Restore registers
                                    583 	crt0_interrupt_skip:
                                    584 		pop		af
                                    585 		ei
                                    586 		reti
                                    587 	crt0_interrupt_end:
                                    588 .endm
                                    589 .endif
                                    590 
                                    591 ;..............................................................................
                                    592 ; V-Blank & H-Blank ISR
                         00000000   593 .ifeq ROM_ISR-ISR_VHBLANK
                                    594 .macro INCLUDE_ISR
                                    595 		.globl	_VDP_InterruptHandler
                                    596 		.globl	_VDP_HBlankHandler
                                    597 
                                    598 	crt0_interrupt_start::
                                    599 	; Backup registers
                                    600 		push	af
                                    601 		push	hl
                                    602 		push	de
                                    603 		push	bc
                                    604 		exx
ASxxxx Assembler V05.50.4+NoICE+SDCCmods-WIP-R14  (Zilog Z80 / Hitachi HD64180 / ZX-Next / eZ80 / R800)                                Page 17
Hexadecimal [32-Bits]



                                    605 		ex		af, af'
                                    606 		push	af
                                    607 		push	hl
                                    608 		push	de
                                    609 		push	bc
                                    610 		push	iy
                                    611 		push	ix
                                    612 	; Reset R#15 to S#0
                                    613 	.if ISR_SET_S0
                                    614 		xor		a
                                    615 		out		(VDP_A), a
                                    616 		ld		a, #(0x80 + 15)
                                    617 		out		(VDP_A),a
                                    618 	.endif
                                    619 	; Check V-Blank
                                    620 		in		a, (VDP_S)					; Get S#0 value
                                    621 		rlca
                                    622 		call	c, _VDP_InterruptHandler 	; Call VDP interruption handler
                                    623 	; Check H-Blank
                                    624 		ld		a, #1
                                    625 		out		(VDP_A), a
                                    626 		ld		a, #(0x80 + 15)
                                    627 		out		(VDP_A), a
                                    628 		in		a, (VDP_S)
                                    629 		rrca								; Call H-Blank if bit #0 of S#1 is set 
                                    630 		call	c, _VDP_HBlankHandler		; call to C function HBlankHook()
                                    631 	; Reset R#15 to S#0
                                    632 		xor		a
                                    633 		out		(VDP_A), a
                                    634 		ld		a, #(0x80 + 15)
                                    635 		out		(VDP_A),a
                                    636 	; Restore registers
                                    637 		pop		ix
                                    638 		pop		iy
                                    639 		pop		bc
                                    640 		pop		de
                                    641 		pop		hl
                                    642 		pop		af
                                    643 		ex		af, af'
                                    644 		exx
                                    645 		pop		bc
                                    646 		pop		de
                                    647 		pop		hl
                                    648 		pop		af
                                    649 		ei
                                    650 		reti
                                    651 	crt0_interrupt_end:
                                    652 .endm
                                    653 .endif
                                    654 
                                    655 ;..............................................................................
                                    656 ; V9990 ISR
                         00000000   657 .ifeq ROM_ISR-ISR_V9990
                                    658 .macro INCLUDE_ISR
                                    659 		.globl	_V9_InterruptVBlank
ASxxxx Assembler V05.50.4+NoICE+SDCCmods-WIP-R14  (Zilog Z80 / Hitachi HD64180 / ZX-Next / eZ80 / R800)                                Page 18
Hexadecimal [32-Bits]



                                    660 		.globl	_V9_InterruptHBlank
                                    661 		.globl	_V9_InterruptCommand
                                    662 
                                    663 	crt0_interrupt_start::
                                    664 	; Skip interruptions that do not come from the VDP.
                                    665 		push	af
                                    666 		in		a, (V9_P06)
                                    667 		or		a
                                    668 		jr		z, crt0_interrupt_skip ; Quick skip (before full register backup)
                                    669 	; Backup registers
                                    670 		push	hl
                                    671 		push	de
                                    672 		push	bc
                                    673 		exx
                                    674 		ex		af, af'
                                    675 		push	af
                                    676 		push	hl
                                    677 		push	de
                                    678 		push	bc
                                    679 		push	iy
                                    680 		push	ix
                                    681 	; Call VDP interruption handler
                                    682 		in		a, (V9_P06)			; Get P#6 again (quicker than push/pop the value)
                                    683 		out		(V9_P06), a			; Reset interrupt bits
                                    684 	; V-Blank interruption
                                    685 		rra
                                    686 		call	c, _V9_InterruptVBlank
                                    687 	; H-Blank interruption
                                    688 		rra
                                    689 		call	c, _V9_InterruptHBlank
                                    690 	; Command end interruption
                                    691 		rra
                                    692 		call	c, _V9_InterruptCommand
                                    693 	; Restore registers
                                    694 		pop		ix
                                    695 		pop		iy
                                    696 		pop		bc
                                    697 		pop		de
                                    698 		pop		hl
                                    699 		pop		af
                                    700 		ex		af, af'
                                    701 		exx
                                    702 		pop		bc
                                    703 		pop		de
                                    704 		pop		hl
                                    705 	; Restore registers
                                    706 	crt0_interrupt_skip:
                                    707 		pop		af
                                    708 		ei
                                    709 		reti
                                    710 	crt0_interrupt_end:
                                    711 .endm
                                    712 .endif
                                    713 
                                    714 ;------------------------------------------------------------------------------
ASxxxx Assembler V05.50.4+NoICE+SDCCmods-WIP-R14  (Zilog Z80 / Hitachi HD64180 / ZX-Next / eZ80 / R800)                                Page 19
Hexadecimal [32-Bits]



                                    715 ; Backup Main-ROM's MSX info before switching out the BIOS from page 0
                                    716 ;------------------------------------------------------------------------------
                                    717 .macro ALLOC_ROMINFO
                                    718 	_g_VersionROM::
                                    719 		.ds		1
                                    720 	_g_VersionMSX::
                                    721 		.ds		1
                                    722 .endm
                                    723 
                                    724 .macro BACKUP_ROMINFO
                                    725 	ld		a, (ROMVER)
                                    726 	ld		(_g_VersionROM), a
                                    727 	ld		a, (MSXVER)
                                    728 	ld		(_g_VersionMSX), a
                                    729 .endm
                                    730 
                                    731 ;------------------------------------------------------------------------------
                                    732 ; Install ISR in RAM
                                    733 ; (needs 64 KB of RAM)
                                    734 ;------------------------------------------------------------------------------
                                    735 .macro INSTALL_RAM_ISR
                                    736 
                                    737 	;..........................................................................
                                    738 	; Install ISR in RAM in page 3
                                    739 	.ifeq ROM_RAMISR-RAMISR_PAGE3
                                    740 
                                    741 	crt0_install_ram_isr::
                                    742 		jp		crt0_interrupt_end
                                    743 
                                    744 	; Jump code to be install
                                    745 	crt0_jump_code_start:
                                    746 		jp		0xC101
                                    747 	crt0_jump_code_end:
                                    748 
                                    749 	; ISR code to be install
                                    750 		INCLUDE_ISR
                                    751 
                                    752 	; Copy ISR to RAM
                                    753 	crt0_install_isr::
                                    754 		; Install vector table (257 bytes with 0xC1)
                                    755 		ld		hl, #0xC000
                                    756 		ld		(hl), #0xC1
                                    757 		ld		d, h
                                    758 		ld		e, l
                                    759 		inc		de
                                    760 		ld		bc, #256
                                    761 		ldir
                                    762 
                                    763 		; Install ISR
                                    764 		ld		hl, #crt0_interrupt_start
                                    765 		ld		de, #0xC101
                                    766 		ld		bc, #crt0_interrupt_end-crt0_interrupt_start
                                    767 		ldir
                                    768 
                                    769 		; Install Jump
ASxxxx Assembler V05.50.4+NoICE+SDCCmods-WIP-R14  (Zilog Z80 / Hitachi HD64180 / ZX-Next / eZ80 / R800)                                Page 20
Hexadecimal [32-Bits]



                                    770 		ld		hl, #crt0_jump_code_start
                                    771 		ld		de, #0xC1C1
                                    772 		ld		bc, #crt0_jump_code_end-crt0_jump_code_start
                                    773 		ldir
                                    774 
                                    775 		; Setup Interrupt mode 2
                                    776 		ld		a, #0xC0 ; Vector table MSB
                                    777 		ld		i, a
                                    778 		im		2
                                    779 
                                    780 	;..........................................................................
                                    781 	; Install ISR in RAM in page 0
                                    782 	.else
                                    783 	.ifne ROM_RAMISR-RAMISR_NONE
                                    784 
                                    785 	crt0_install_ram_isr::
                                    786 		jp		crt0_interrupt_end
                                    787 
                                    788 	; ISR
                                    789 		INCLUDE_ISR
                                    790 
                                    791 	; Switch page 0 to RAM
                                    792 		INIT_P3_TO_P0
                                    793 
                                    794 	; Copy ISR to RAM
                                    795 	crt0_install_isr::
                                    796 		ld		hl, #crt0_interrupt_start
                                    797 		ld		de, #0x0038
                                    798 		ld		bc, #crt0_interrupt_end-crt0_interrupt_start
                                    799 		ldir
                                    800 
                                    801 		.ifeq ROM_RAMISR-RAMISR_SEGMENT0
                                    802 	crt0_install_seg::
                                    803 
                                    804 			.ifeq ROM_MAPPER-ROM_ASCII8
                                    805 				ld		a, #4
                                    806 				ld		(BANK2_ADDR), a ; Segment 4 in Bank 2
                                    807 				inc		a
                                    808 				ld		(BANK3_ADDR), a ; Segment 5 in Bank 3
                                    809 			.endif
                                    810 			.ifeq ROM_MAPPER-ROM_ASCII16
                                    811 				ld		a, #2
                                    812 				ld		(BANK1_ADDR), a ; Segment 2 in Bank 1
                                    813 			.endif
                                    814 			.ifeq ROM_MAPPER-ROM_KONAMI
                                    815 				ld		a, #4
                                    816 				ld		(BANK2_ADDR), a ; Segment 4 in Bank 2
                                    817 				inc		a
                                    818 				ld		(BANK3_ADDR), a ; Segment 5 in Bank 3
                                    819 			.endif
                                    820 			.ifeq ROM_MAPPER-ROM_KONAMI_SCC
                                    821 				ld		a, #4
                                    822 				ld		(BANK2_ADDR), a ; Segment 4 in Bank 2
                                    823 				inc		a
                                    824 				ld		(BANK3_ADDR), a ; Segment 5 in Bank 3
ASxxxx Assembler V05.50.4+NoICE+SDCCmods-WIP-R14  (Zilog Z80 / Hitachi HD64180 / ZX-Next / eZ80 / R800)                                Page 21
Hexadecimal [32-Bits]



                                    825 			.endif
                                    826 			.ifeq ROM_MAPPER-ROM_NEO8
                                    827 				ld		a, #6
                                    828 				ld		(BANK4_ADDR), a ; Segment 6 in Bank 4
                                    829 				inc		a
                                    830 				ld		(BANK5_ADDR), a ; Segment 7 in Bank 5
                                    831 			.endif
                                    832 			.ifeq ROM_MAPPER-ROM_NEO16
                                    833 				ld		a, #3
                                    834 				ld		(BANK2_ADDR), a ; Segment 3 in Bank 2
                                    835 			.endif
                                    836 			.ifeq ROM_MAPPER-ROM_YAMANOOTO
                                    837 				ld		a, #4
                                    838 				ld		(BANK2_ADDR), a ; Segment 4 in Bank 2
                                    839 				inc		a
                                    840 				ld		(BANK3_ADDR), a ; Segment 5 in Bank 3
                                    841 			.endif
                                    842 			.ifeq ROM_MAPPER-ROM_ASCII16X
                                    843 				ld		a, #2
                                    844 				ld		(BANK1_ADDR), a ; Segment 2 in Bank 1
                                    845 			.endif
                                    846 			.ifeq ROM_MAPPER-ROM_POPOLON
                                    847 				ld		a, #4
                                    848 				ld		(BANK2_ADDR), a ; Segment 4 in Bank 2
                                    849 				inc		a
                                    850 				ld		(BANK3_ADDR), a ; Segment 5 in Bank 3
                                    851 			.endif
                                    852 
                                    853 		; Copy Segment content to RAM
                                    854 			ld		hl, #0x8100 ; Page 2
                                    855 			ld		de, #0x0100 ; Page 0 (after ISR)
                                    856 			ld		bc, #0x3F00 ; 16 KB - 100h
                                    857 			ldir
                                    858 		.endif
                                    859 
                                    860 	.endif
                                    861 	.endif
                                    862 .endm
                                    863 
                                    864 ;------------------------------------------------------------------------------
                                    865 ; Add banked call trampoline
                                    866 ;------------------------------------------------------------------------------
                                    867 .macro SUPPORT_BANKED_CALL
                                    868 	.if ROM_BCALL
                                    869 	; Set segment (get value from register A)
                                    870 	set_bank::
                                    871 		ld		(BANKED_ADDR), a ; Address used to switch defaut bank for banked call
                                    872 		ld		(_g_CurrentSegment), a
                                    873 		ret
                                    874 
                                    875 	; Get segment (return value in register A)
                                    876 	get_bank::
                                    877 		ld		a, (_g_CurrentSegment)
                                    878 		ret
                                    879 	.endif
ASxxxx Assembler V05.50.4+NoICE+SDCCmods-WIP-R14  (Zilog Z80 / Hitachi HD64180 / ZX-Next / eZ80 / R800)                                Page 22
Hexadecimal [32-Bits]



                                    880 .endm
                                    881 
                                    882 ;==============================================================================
                                    883 ; ROM MAPPER
                                    884 ;==============================================================================
                                    885 
                                    886 ;------------------------------------------------------------------------------
                                    887 ; ROM_PLAIN
                                    888 ;------------------------------------------------------------------------------
                         00000001   889 .ifeq ROM_MAPPER-ROM_PLAIN
                                    890 
                                    891 	.macro ALLOC_MAPPER
                                    892 	.endm
                                    893 
                                    894 	.macro INIT_MAPPER
                                    895 	.endm
                                    896 
                                    897 .endif
                                    898 
                                    899 ;------------------------------------------------------------------------------
                                    900 ; ROM_ASCII8
                                    901 ;------------------------------------------------------------------------------
                         00000000   902 .ifeq ROM_MAPPER-ROM_ASCII8
                                    903 
                                    904 	.macro ALLOC_MAPPER
                                    905 		_g_Bank0Segment::
                                    906 			.ds 1
                                    907 		_g_Bank1Segment::
                                    908 			.ds 1
                                    909 		_g_CurrentSegment::
                                    910 		_g_Bank2Segment::
                                    911 			.ds 1
                                    912 		_g_Bank3Segment::
                                    913 			.ds 1
                                    914 	.endm
                                    915 
                                    916 	.macro INIT_MAPPER
                                    917 		ctr0_init_mapper::
                                    918 			xor		a
                                    919 			ld		(BANK0_ADDR), a ; Segment 0 in Bank 0
                                    920 			ld		(_g_Bank0Segment), a
                                    921 			inc		a
                                    922 			ld		(BANK1_ADDR), a ; Segment 1 in Bank 1
                                    923 			ld		(_g_Bank1Segment), a
                                    924 			inc		a
                                    925 			ld		(BANK2_ADDR), a ; Segment 2 in Bank 2
                                    926 			ld		(_g_Bank2Segment), a
                                    927 			inc		a
                                    928 			ld		(BANK3_ADDR), a ; Segment 3 in Bank 3
                                    929 			ld		(_g_Bank3Segment), a
                                    930 	.endm
                                    931 
                                    932 .endif
                                    933 
                                    934 ;------------------------------------------------------------------------------
ASxxxx Assembler V05.50.4+NoICE+SDCCmods-WIP-R14  (Zilog Z80 / Hitachi HD64180 / ZX-Next / eZ80 / R800)                                Page 23
Hexadecimal [32-Bits]



                                    935 ; ROM_ASCII16
                                    936 ;------------------------------------------------------------------------------
                         00000000   937 .ifeq ROM_MAPPER-ROM_ASCII16
                                    938 
                                    939 	.macro ALLOC_MAPPER
                                    940 		_g_Bank0Segment::
                                    941 			.ds 1
                                    942 		_g_CurrentSegment::
                                    943 		_g_Bank1Segment::
                                    944 			.ds 1
                                    945 	.endm
                                    946 
                                    947 	.macro INIT_MAPPER
                                    948 		ctr0_init_mapper::
                                    949 			xor		a
                                    950 			ld		(BANK0_ADDR), a ; Segment 0 in Bank 0
                                    951 			ld		(_g_Bank0Segment), a
                                    952 			inc		a
                                    953 			ld		(BANK1_ADDR), a ; Segment 1 in Bank 1
                                    954 			ld		(_g_Bank1Segment), a
                                    955 	.endm
                                    956 
                                    957 .endif
                                    958 
                                    959 ;------------------------------------------------------------------------------
                                    960 ; ROM_KONAMI
                                    961 ;------------------------------------------------------------------------------
                         00000000   962 .ifeq ROM_MAPPER-ROM_KONAMI
                                    963 
                                    964 	.macro ALLOC_MAPPER
                                    965 		_g_Bank0Segment::
                                    966 			.ds 1
                                    967 		_g_Bank1Segment::
                                    968 			.ds 1
                                    969 		_g_CurrentSegment::
                                    970 		_g_Bank2Segment::
                                    971 			.ds 1
                                    972 		_g_Bank3Segment::
                                    973 			.ds 1
                                    974 	.endm
                                    975 
                                    976 	.macro INIT_MAPPER
                                    977 		ctr0_init_mapper::
                                    978 			xor		a
                                    979 			ld		(_g_Bank0Segment), a
                                    980 			inc		a
                                    981 			ld		(BANK1_ADDR), a ; Segment 1 in Bank 1
                                    982 			ld		(_g_Bank1Segment), a
                                    983 			inc		a
                                    984 			ld		(BANK2_ADDR), a ; Segment 2 in Bank 2
                                    985 			ld		(_g_Bank2Segment), a
                                    986 			inc		a
                                    987 			ld		(BANK3_ADDR), a ; Segment 3 in Bank 3
                                    988 			ld		(_g_Bank3Segment), a
                                    989 	.endm
ASxxxx Assembler V05.50.4+NoICE+SDCCmods-WIP-R14  (Zilog Z80 / Hitachi HD64180 / ZX-Next / eZ80 / R800)                                Page 24
Hexadecimal [32-Bits]



                                    990 
                                    991 .endif
                                    992 
                                    993 ;------------------------------------------------------------------------------
                                    994 ; ROM_KONAMI_SCC
                                    995 ;------------------------------------------------------------------------------
                         00000000   996 .ifeq ROM_MAPPER-ROM_KONAMI_SCC
                                    997 
                                    998 	.macro ALLOC_MAPPER
                                    999 		_g_Bank0Segment::
                                   1000 			.ds 1
                                   1001 		_g_Bank1Segment::
                                   1002 			.ds 1
                                   1003 		_g_CurrentSegment::
                                   1004 		_g_Bank2Segment::
                                   1005 			.ds 1
                                   1006 		_g_Bank3Segment::
                                   1007 			.ds 1
                                   1008 	.endm
                                   1009 
                                   1010 	.macro INIT_MAPPER
                                   1011 		ctr0_init_mapper::
                                   1012 			xor		a
                                   1013 			ld		(BANK0_ADDR), a ; Segment 0 in Bank 0
                                   1014 			ld		(_g_Bank0Segment), a
                                   1015 			inc		a
                                   1016 			ld		(BANK1_ADDR), a ; Segment 1 in Bank 1
                                   1017 			ld		(_g_Bank1Segment), a
                                   1018 			inc		a
                                   1019 			ld		(BANK2_ADDR), a ; Segment 2 in Bank 2
                                   1020 			ld		(_g_Bank2Segment), a
                                   1021 			inc		a
                                   1022 			ld		(BANK3_ADDR), a ; Segment 3 in Bank 3
                                   1023 			ld		(_g_Bank3Segment), a
                                   1024 	.endm
                                   1025 
                                   1026 .endif
                                   1027 
                                   1028 ;------------------------------------------------------------------------------
                                   1029 ; ROM_NEO8
                                   1030 ;------------------------------------------------------------------------------
                         00000000  1031 .ifeq ROM_MAPPER-ROM_NEO8
                                   1032 
                                   1033 	.macro ALLOC_MAPPER
                                   1034 		_g_Bank0Segment::
                                   1035 			.ds 2
                                   1036 		_g_Bank1Segment::
                                   1037 			.ds 2
                                   1038 		_g_Bank2Segment::
                                   1039 			.ds 2
                                   1040 		_g_Bank3Segment::
                                   1041 			.ds 2
                                   1042 		_g_CurrentSegment::
                                   1043 		_g_Bank4Segment::
                                   1044 			.ds 2
ASxxxx Assembler V05.50.4+NoICE+SDCCmods-WIP-R14  (Zilog Z80 / Hitachi HD64180 / ZX-Next / eZ80 / R800)                                Page 25
Hexadecimal [32-Bits]



                                   1045 		_g_Bank5Segment::
                                   1046 			.ds 2
                                   1047 	.endm
                                   1048 
                                   1049 	.macro INIT_MAPPER
                                   1050 		ctr0_init_mapper::
                                   1051 			ld		hl, #0x0000
                                   1052 			ld		(BANK2_ADDR), hl ; Segment 0 in Bank 2
                                   1053 			ld		(_g_Bank2Segment), hl
                                   1054 			inc		hl
                                   1055 			ld		(BANK3_ADDR), hl ; Segment 1 in Bank 3
                                   1056 			ld		(_g_Bank3Segment), hl
                                   1057 			inc		hl
                                   1058 			ld		(BANK4_ADDR), hl ; Segment 2 in Bank 4
                                   1059 			ld		(_g_Bank4Segment), hl
                                   1060 			inc		hl
                                   1061 			ld		(BANK5_ADDR), hl ; Segment 3 in Bank 5
                                   1062 			ld		(_g_Bank5Segment), hl
                                   1063 			inc		hl
                                   1064 			ld		(BANK0_ADDR), hl ; Segment 4 in Bank 0
                                   1065 			ld		(_g_Bank0Segment), hl
                                   1066 			inc		hl
                                   1067 			ld		(BANK1_ADDR), hl ; Segment 5 in Bank 1
                                   1068 			ld		(_g_Bank1Segment), hl
                                   1069 	.endm
                                   1070 
                                   1071 .endif
                                   1072 
                                   1073 ;------------------------------------------------------------------------------
                                   1074 ; ROM_NEO16
                                   1075 ;------------------------------------------------------------------------------
                         00000000  1076 .ifeq ROM_MAPPER-ROM_NEO16
                                   1077 
                                   1078 	.macro ALLOC_MAPPER
                                   1079 		_g_Bank0Segment::
                                   1080 			.ds 2
                                   1081 		_g_Bank1Segment::
                                   1082 			.ds 2
                                   1083 		_g_CurrentSegment::
                                   1084 		_g_Bank2Segment::
                                   1085 			.ds 2
                                   1086 	.endm
                                   1087 
                                   1088 	.macro INIT_MAPPER
                                   1089 		ctr0_init_mapper::
                                   1090 			ld		hl, #0x0000
                                   1091 			ld		(BANK1_ADDR), hl ; Segment 0 in Bank 1
                                   1092 			ld		(_g_Bank1Segment), hl
                                   1093 			inc		hl
                                   1094 			ld		(BANK2_ADDR), hl ; Segment 1 in Bank 2
                                   1095 			ld		(_g_Bank2Segment), hl
                                   1096 			inc		hl
                                   1097 			ld		(BANK0_ADDR), hl ; Segment 2 in Bank 0
                                   1098 			ld		(_g_Bank0Segment), hl
                                   1099 	.endm
ASxxxx Assembler V05.50.4+NoICE+SDCCmods-WIP-R14  (Zilog Z80 / Hitachi HD64180 / ZX-Next / eZ80 / R800)                                Page 26
Hexadecimal [32-Bits]



                                   1100 
                                   1101 .endif
                                   1102 
                                   1103 ;------------------------------------------------------------------------------
                                   1104 ; ROM_YAMANOOTO
                                   1105 ;------------------------------------------------------------------------------
                         00000000  1106 .ifeq ROM_MAPPER-ROM_YAMANOOTO
                                   1107 
                                   1108 	.macro ALLOC_MAPPER
                                   1109 		_g_Bank0Segment::
                                   1110 			.ds 2
                                   1111 		_g_Bank1Segment::
                                   1112 			.ds 2
                                   1113 		_g_CurrentSegment::
                                   1114 		_g_Bank2Segment::
                                   1115 			.ds 2
                                   1116 		_g_Bank3Segment::
                                   1117 			.ds 2
                                   1118 	.endm
                                   1119 
                                   1120 	.macro INIT_MAPPER
                                   1121 		ctr0_init_mapper::
                                   1122 			ld		a, #YAMA_ENAR_REGEN
                                   1123 			ld		(YAMA_ENAR), a ; Enable mapper
                                   1124 
                                   1125 			xor		a
                                   1126 			ld		(YAMA_OFFR), a ; Set mapper offset to 0
                                   1127 			ld		(YAMA_CFGR), a ; Clear configuration
                                   1128 			ld		(BANK0_ADDR), a ; Segment 0 in Bank 0
                                   1129 			inc		a
                                   1130 			ld		(BANK1_ADDR), a ; Segment 1 in Bank 1
                                   1131 			inc		a
                                   1132 			ld		(BANK2_ADDR), a ; Segment 2 in Bank 2
                                   1133 			inc		a
                                   1134 			ld		(BANK3_ADDR), a ; Segment 3 in Bank 3
                                   1135 
                                   1136 			ld		hl, #0x0000
                                   1137 			ld		(_g_Bank0Segment), hl
                                   1138 			inc		hl
                                   1139 			ld		(_g_Bank1Segment), hl
                                   1140 			inc		hl
                                   1141 			ld		(_g_Bank2Segment), hl
                                   1142 			inc		hl
                                   1143 			ld		(_g_Bank3Segment), hl
                                   1144 	.endm
                                   1145 
                                   1146 .endif
                                   1147 
                                   1148 ;------------------------------------------------------------------------------
                                   1149 ; ROM_ASCII16-X
                                   1150 ;------------------------------------------------------------------------------
                         00000000  1151 .ifeq ROM_MAPPER-ROM_ASCII16X
                                   1152 
                                   1153 	.macro ALLOC_MAPPER
                                   1154 		_g_Bank0Segment::
ASxxxx Assembler V05.50.4+NoICE+SDCCmods-WIP-R14  (Zilog Z80 / Hitachi HD64180 / ZX-Next / eZ80 / R800)                                Page 27
Hexadecimal [32-Bits]



                                   1155 			.ds 2
                                   1156 		_g_CurrentSegment::
                                   1157 		_g_Bank1Segment::
                                   1158 			.ds 2
                                   1159 	.endm
                                   1160 
                                   1161 	.macro INIT_MAPPER
                                   1162 		ctr0_init_mapper::
                                   1163 			xor		a
                                   1164 			ld		(BANK0_ADDR), a ; Segment 0 in Bank 0
                                   1165 			ld		(_g_Bank0Segment), a
                                   1166 			inc		a
                                   1167 			ld		(BANK1_ADDR), a ; Segment 1 in Bank 1
                                   1168 			ld		(_g_Bank1Segment), a
                                   1169 	.endm
                                   1170 
                                   1171 .endif
                                   1172 
                                   1173 ;------------------------------------------------------------------------------
                                   1174 ; ROM_POPOLON_SCC
                                   1175 ;------------------------------------------------------------------------------
                         00000000  1176 .ifeq ROM_MAPPER-ROM_POPOLON
                                   1177 
                                   1178 	.macro ALLOC_MAPPER
                                   1179 		_g_Bank0Segment::
                                   1180 			.ds 2
                                   1181 		_g_Bank1Segment::
                                   1182 			.ds 2
                                   1183 		_g_CurrentSegment::
                                   1184 		_g_Bank2Segment::
                                   1185 			.ds 2
                                   1186 		_g_Bank3Segment::
                                   1187 			.ds 2
                                   1188 	.endm
                                   1189 
                                   1190 	.macro INIT_MAPPER
                                   1191 		ctr0_init_mapper::
                                   1192 			; Disable offset
                                   1193 			ld		a, (_g_ROMSlotID)
                                   1194 			ld		hl, #POPOLON_CFGR
                                   1195 			ld		e, #POPOLON_CFGR_OD
                                   1196 			call	WRSLT
                                   1197 
                                   1198 			; Initialize banks register
                                   1199 			xor		a
                                   1200 			ld		(BANK0_ADDR), a ; Segment 0 in Bank 0
                                   1201 			ld		(_g_Bank0Segment), a
                                   1202 			inc		a
                                   1203 			ld		(BANK1_ADDR), a ; Segment 1 in Bank 1
                                   1204 			ld		(_g_Bank1Segment), a
                                   1205 			inc		a
                                   1206 			ld		(BANK2_ADDR), a ; Segment 2 in Bank 2
                                   1207 			ld		(_g_Bank2Segment), a
                                   1208 			inc		a
                                   1209 			ld		(BANK3_ADDR), a ; Segment 3 in Bank 3
ASxxxx Assembler V05.50.4+NoICE+SDCCmods-WIP-R14  (Zilog Z80 / Hitachi HD64180 / ZX-Next / eZ80 / R800)                                Page 28
Hexadecimal [32-Bits]



                                   1210 			ld		(_g_Bank3Segment), a
                                   1211 	.endm
                                   1212 
                                   1213 .endif
ASxxxx Assembler V05.50.4+NoICE+SDCCmods-WIP-R14  (Zilog Z80 / Hitachi HD64180 / ZX-Next / eZ80 / R800)                                Page 29
Hexadecimal [32-Bits]



                                     17 
                                     18 ;==============================================================================
                                     19 ; ROM
                                     20 ;==============================================================================
                                     21 	.area	_HEADER (ABS)
    00004000                         22 	.org	0x4000
                                     23 
                                     24 ;------------------------------------------------------------------------------
                                     25 ; Header
                                     26 	.area	_HOME
                                     27 	.area	_CODE
                                     28 
    00000000                         29 _g_FirstAddr::
    00000000                         30 _g_HeaderAddr::
                                     31 	; ROM header
    00000000                         32 	ROM_HEADER crt0_init
                                      1 
    00000000                          2 	crt0_rom_header::
    00000000 41 42                    3 		.ascii	"AB"
    00000002 14 00                    4 		.dw		crt0_init
    00000004 00 00                    5 		.dw		0x0000
    00000006 00 00                    6 		.dw		0x0000
    00000008 00 00                    7 		.dw		0x0000
    0000000A 00 00                    8 		.dw		0x0000
    0000000C 00 00                    9 		.dw		0x0000
    0000000E 00 00                   10 		.dw		0x0000
                                     11 
    00000010                         12 		ROM_SIGN_MACRO ; empty if AddROMSignature build option is set to false
                                     13 
                         00000001    14 	.if APP_SIGN
    00000010                         15 	_g_AppSignature::
    00000010 47 4C                   16 		.dw		APP_SIGN_NAME
    00000012 54 31                   17 		.dw		APP_SIGN_ID
                                     18 	.endif
                                     19 	; .ifdef APP_SIGN_EXTRA
                                     20 		; .db		APP_SIGN_EXTRA
                                     21 	; .endif
                                     22 
                                     33 
                                     34 ;------------------------------------------------------------------------------
                                     35 ; Initialization code
    00000014                         36 crt0_init:
                                     37 	; Backup ROM's slot ID
    00000014 79               [ 4]   38 	ld		a, c
    00000015 32 02 00         [13]   39 	ld		(_g_ROMSlotID), a
                                     40 
                                     41 	; Check for minimum MSX version required (if CHECK_MSX is set)
    00000018                         42 	DO_CHECK_MSX
                         00000000     1 	.ifne CHECK_MSX-MSX1
                                      2 	; Check for minimal MSX version and display message if not correct
                                      3 	crt0_check_msx::
                                      4 		ld		a, (MSXVER)
                                      5 		cp		#CHECK_MSX
                                      6 		jp		nc, crt0_check_msx_end ; Version must be equal or higher
                                      7 
ASxxxx Assembler V05.50.4+NoICE+SDCCmods-WIP-R14  (Zilog Z80 / Hitachi HD64180 / ZX-Next / eZ80 / R800)                                Page 30
Hexadecimal [32-Bits]



                                      8 		ld		a, #40
                                      9 		ld		(LINL40), a			; Set number of columns
                                     10 		call	INITXT				; Switch to Screen 0 (text mode)
                                     11 
                                     12 		ld		hl, #crt0_check_msx_message
                                     13 		call	crt0_check_msx_print ; Display error message
                                     14 
                                     15 	crt0_check_msx_loop:
                                     16 		call	CHGET				; Waiting for user to press a key
                                     17 		cp		#67 				; Character 'C'
                                     18 		jp		z, crt0_check_msx_end
                                     19 		cp		#99 				; Character 'c'
                                     20 		jp		z, crt0_check_msx_end
                                     21 		jr		crt0_check_msx_loop
                                     22 
                                     23 	crt0_check_msx_print:
                                     24 		ld		a, (hl)
                                     25 		or		a
                                     26 		ret		z
                                     27 		call	CHPUT
                                     28 		inc		hl
                                     29 		jr		crt0_check_msx_print
                                     30 
                                     31 	crt0_check_msx_message:
                                     32 		.ascii	"Error: A "
                                     33 		.ifeq CHECK_MSX-MSX2
                                     34 		.ascii	"MSX2"
                                     35 		.endif
                                     36 		.ifeq CHECK_MSX-MSX2P
                                     37 		.ascii	"MSX2+"
                                     38 		.endif
                                     39 		.ifeq CHECK_MSX-MSXTR
                                     40 		.ascii	"MSX turbo R"
                                     41 		.endif
                                     42 		.ascii	" is required!\n\n\n\rPress [C] to continue anyway.\0"
                                     43 
                                     44 	crt0_check_msx_end:
                                     45 	.endif
                                     43 
                                     44 	; Check for skip key press (if ROM_SKIP is set to 1)
    00000018                         45 	SKIP_BOOT
                         00000000     1 	.if ROM_SKIP
                                      2 	; Check for 'ESC' key press
                                      3 	ctr0_check_rom_skip:
                                      4 		in		a, (PPI_C)
                                      5 		and		#0xF0					; only change bits 0-3
                                      6 		or		#7						; check row number 7
                                      7 		out		(PPI_C), a
                                      8 		in		a, (PPI_B)				; read row into A
                                      9 		and		#ROM_SKIP_KEY
                                     10 		ret		z
                                     11 	.endif
                                     46 
                                     47 	; Delay startup using STKE hook (if ROM_DELAY is set to 1)
    00000018                         48 	DELAY_BOOT
ASxxxx Assembler V05.50.4+NoICE+SDCCmods-WIP-R14  (Zilog Z80 / Hitachi HD64180 / ZX-Next / eZ80 / R800)                                Page 31
Hexadecimal [32-Bits]



                         00000000     1 	.if ROM_DELAY
                                      2 	; Setup the hook H.STKE to run the ROM with disk support
                                      3 	crt0_bdos_install::
                                      4 		ld		a, c					; Get the ROM slot number
                                      5 		ld		hl, #crt0_bdos_hook
                                      6 		ld		de, #H_STKE
                                      7 		ld		bc, #4
                                      8 		ldir							; Copy the routine to execute the ROM to the hook
                                      9 		ld		(H_STKE+1), a			; Put the ROM slot number to the hook
                                     10 		ret								; Back to slots scanning
                                     11 
                                     12 	; Routine to execute the ROM
                                     13 	crt0_bdos_hook:
                                     14 		rst		0x30					; Inter-slot call
                                     15 		.db		1						; This byte will be replaced by the slot number of ROM
                                     16 		.dw		crt0_bdos_end			; Address to execute the ROM
                                     17 
                                     18 	; Remove the hook and resume the ROM boot sequence
                                     19 	crt0_bdos_end:
                                     20 		ld		a, #0xC9				; 'ret' instruction
                                     21 		ld		(H_STKE), a
                                     22 	.endif
                                     49 
    00000018 F3               [ 4]   50 	di
                                     51 	; Set stack address at the top of free memory
    00000019 ED 7B 4A FC      [20]   52 	ld		sp, (HIMEM)
                                     53 
                                     54 	; Initialize heap address
    0000001D 21 00 00         [10]   55 	ld		hl, #s__HEAP
    00000020 22 00 00         [16]   56 	ld		(_g_HeapStartAddress), hl
                                     57 
                                     58 	; Set Page 2 slot equal to Page 1 slot
    00000023                         59 	INIT_P1_TO_P2
                                      1 
    00000023                          2 	crt0_p1_to_p2::
    00000023 DB A8            [11]    3 		in		a, (PPI_A)				; A=[P3|P2|P1|P0] Get primary slots info
    00000025 0F               [ 4]    4 		rrca
    00000026 0F               [ 4]    5 		rrca							; A=[P0|P3|P2|P1]
    00000027 E6 03            [ 7]    6 		and		a, #0b00000011			; A=[00|00|00|P1] Save Page 1 primary slot
    00000029 4F               [ 4]    7 		ld		c, a					; C=[00|00|00|P1]
    0000002A 21 C1 FC         [10]    8 		ld		hl, #EXPTBL				; HL=&EXPTBL
    0000002D 85               [ 4]    9 		add		a, l
    0000002E 6F               [ 4]   10 		ld		l, a
    0000002F 7E               [ 7]   11 		ld		a, (hl)					; A=EXPTBL[P1]    See if the slot is expanded or not
    00000030 E6 80            [ 7]   12 		and		a, #0x80				; A=[X|000|00|00] Keep only expansion flag
    00000032 B1               [ 4]   13 		or		a, c					; A=[X|000|00|P1] Set MSB if so
    00000033 4F               [ 4]   14 		ld		c, a					; C=[X|000|00|P1] Save it to [C]
    00000034 2C               [ 4]   15 		inc		l						;                 Point to primary slot's SLTTBL entry
    00000035 2C               [ 4]   16 		inc		l
    00000036 2C               [ 4]   17 		inc		l
    00000037 2C               [ 4]   18 		inc		l
    00000038 7E               [ 7]   19 		ld		a, (hl)					; A=SLTTBL[P1]    Get what is currently output to expansion slot register
    00000039 E6 0C            [ 7]   20 		and		a, #0b00001100			; A=[00|00|S1|00]
    0000003B B1               [ 4]   21 		or		c						; A=[X|000|S1|P1] Finally form slot address
    0000003C 26 80            [ 7]   22 		ld		h, #0x80				; H=Page 2
ASxxxx Assembler V05.50.4+NoICE+SDCCmods-WIP-R14  (Zilog Z80 / Hitachi HD64180 / ZX-Next / eZ80 / R800)                                Page 32
Hexadecimal [32-Bits]



    0000003E CD 24 00         [17]   23 		call	ENASLT					;                 Enable page 1's slot in page 2
                                     60 
                                     61 	; Initialize globals
    00000041                         62 	INIT_GLOBALS
                                      1 
    00000041                          2 	crt0_init_globals::
    00000041 01 00 00         [10]    3 		ld		bc, #l__INITIALIZER
    00000044 78               [ 4]    4 		ld		a, b
    00000045 B1               [ 4]    5 		or		a, c
    00000046 CA 51 00         [10]    6 		jp		z, crt0_skip_globals
    00000049 11 00 00         [10]    7 		ld		de, #s__INITIALIZED
    0000004C 21 00 00         [10]    8 		ld		hl, #s__INITIALIZER
    0000004F ED B0            [21]    9 		ldir
    00000051                         10 	crt0_skip_globals:
                                     11 
                                     63 	
                                     64 	; Install ISR in RAM (if ROM_RAMISR is set)
    00000051                         65 	INSTALL_RAM_ISR
                                      1 
                                      2 	;..........................................................................
                                      3 	; Install ISR in RAM in page 3
                         00000000     4 	.ifeq ROM_RAMISR-RAMISR_PAGE3
                                      5 
                                      6 	crt0_install_ram_isr::
                                      7 		jp		crt0_interrupt_end
                                      8 
                                      9 	; Jump code to be install
                                     10 	crt0_jump_code_start:
                                     11 		jp		0xC101
                                     12 	crt0_jump_code_end:
                                     13 
                                     14 	; ISR code to be install
                                     15 		INCLUDE_ISR
                                     16 
                                     17 	; Copy ISR to RAM
                                     18 	crt0_install_isr::
                                     19 		; Install vector table (257 bytes with 0xC1)
                                     20 		ld		hl, #0xC000
                                     21 		ld		(hl), #0xC1
                                     22 		ld		d, h
                                     23 		ld		e, l
                                     24 		inc		de
                                     25 		ld		bc, #256
                                     26 		ldir
                                     27 
                                     28 		; Install ISR
                                     29 		ld		hl, #crt0_interrupt_start
                                     30 		ld		de, #0xC101
                                     31 		ld		bc, #crt0_interrupt_end-crt0_interrupt_start
                                     32 		ldir
                                     33 
                                     34 		; Install Jump
                                     35 		ld		hl, #crt0_jump_code_start
                                     36 		ld		de, #0xC1C1
                                     37 		ld		bc, #crt0_jump_code_end-crt0_jump_code_start
ASxxxx Assembler V05.50.4+NoICE+SDCCmods-WIP-R14  (Zilog Z80 / Hitachi HD64180 / ZX-Next / eZ80 / R800)                                Page 33
Hexadecimal [32-Bits]



                                     38 		ldir
                                     39 
                                     40 		; Setup Interrupt mode 2
                                     41 		ld		a, #0xC0 ; Vector table MSB
                                     42 		ld		i, a
                                     43 		im		2
                                     44 
                                     45 	;..........................................................................
                                     46 	; Install ISR in RAM in page 0
                         00000001    47 	.else
                         00000000    48 	.ifne ROM_RAMISR-RAMISR_NONE
                                     49 
                                     50 	crt0_install_ram_isr::
                                     51 		jp		crt0_interrupt_end
                                     52 
                                     53 	; ISR
                                     54 		INCLUDE_ISR
                                     55 
                                     56 	; Switch page 0 to RAM
                                     57 		INIT_P3_TO_P0
                                     58 
                                     59 	; Copy ISR to RAM
                                     60 	crt0_install_isr::
                                     61 		ld		hl, #crt0_interrupt_start
                                     62 		ld		de, #0x0038
                                     63 		ld		bc, #crt0_interrupt_end-crt0_interrupt_start
                                     64 		ldir
                                     65 
                                     66 		.ifeq ROM_RAMISR-RAMISR_SEGMENT0
                                     67 	crt0_install_seg::
                                     68 
                                     69 			.ifeq ROM_MAPPER-ROM_ASCII8
                                     70 				ld		a, #4
                                     71 				ld		(BANK2_ADDR), a ; Segment 4 in Bank 2
                                     72 				inc		a
                                     73 				ld		(BANK3_ADDR), a ; Segment 5 in Bank 3
                                     74 			.endif
                                     75 			.ifeq ROM_MAPPER-ROM_ASCII16
                                     76 				ld		a, #2
                                     77 				ld		(BANK1_ADDR), a ; Segment 2 in Bank 1
                                     78 			.endif
                                     79 			.ifeq ROM_MAPPER-ROM_KONAMI
                                     80 				ld		a, #4
                                     81 				ld		(BANK2_ADDR), a ; Segment 4 in Bank 2
                                     82 				inc		a
                                     83 				ld		(BANK3_ADDR), a ; Segment 5 in Bank 3
                                     84 			.endif
                                     85 			.ifeq ROM_MAPPER-ROM_KONAMI_SCC
                                     86 				ld		a, #4
                                     87 				ld		(BANK2_ADDR), a ; Segment 4 in Bank 2
                                     88 				inc		a
                                     89 				ld		(BANK3_ADDR), a ; Segment 5 in Bank 3
                                     90 			.endif
                                     91 			.ifeq ROM_MAPPER-ROM_NEO8
                                     92 				ld		a, #6
ASxxxx Assembler V05.50.4+NoICE+SDCCmods-WIP-R14  (Zilog Z80 / Hitachi HD64180 / ZX-Next / eZ80 / R800)                                Page 34
Hexadecimal [32-Bits]



                                     93 				ld		(BANK4_ADDR), a ; Segment 6 in Bank 4
                                     94 				inc		a
                                     95 				ld		(BANK5_ADDR), a ; Segment 7 in Bank 5
                                     96 			.endif
                                     97 			.ifeq ROM_MAPPER-ROM_NEO16
                                     98 				ld		a, #3
                                     99 				ld		(BANK2_ADDR), a ; Segment 3 in Bank 2
                                    100 			.endif
                                    101 			.ifeq ROM_MAPPER-ROM_YAMANOOTO
                                    102 				ld		a, #4
                                    103 				ld		(BANK2_ADDR), a ; Segment 4 in Bank 2
                                    104 				inc		a
                                    105 				ld		(BANK3_ADDR), a ; Segment 5 in Bank 3
                                    106 			.endif
                                    107 			.ifeq ROM_MAPPER-ROM_ASCII16X
                                    108 				ld		a, #2
                                    109 				ld		(BANK1_ADDR), a ; Segment 2 in Bank 1
                                    110 			.endif
                                    111 			.ifeq ROM_MAPPER-ROM_POPOLON
                                    112 				ld		a, #4
                                    113 				ld		(BANK2_ADDR), a ; Segment 4 in Bank 2
                                    114 				inc		a
                                    115 				ld		(BANK3_ADDR), a ; Segment 5 in Bank 3
                                    116 			.endif
                                    117 
                                    118 		; Copy Segment content to RAM
                                    119 			ld		hl, #0x8100 ; Page 2
                                    120 			ld		de, #0x0100 ; Page 0 (after ISR)
                                    121 			ld		bc, #0x3F00 ; 16 KB - 100h
                                    122 			ldir
                                    123 		.endif
                                    124 
                                    125 	.endif
                                    126 	.endif
                                     66 
    00000051                         67 crt0_start:
                                     68 	; start main() function
    00000051 FB               [ 4]   69 	ei
    00000052 CD 00 00         [17]   70 	call	_main
    00000055 C7               [11]   71 	rst		0
                                     72 
                                     73 ;------------------------------------------------------------------------------
                                     74 ; Ordering of segments for the linker
                                     75 	.area	_RODATA
                                     76 	.area	_INITIALIZER 
                                     77 	.area	_GSINIT
                                     78 	.area	_GSFINAL
    00000000                         79 _g_LastAddr::
                                     80 
                                     81 ;==============================================================================
                                     82 ; RAM
                                     83 ;==============================================================================
                                     84 	.area	_DATA
                                     85 
    00000000                         86 _g_HeapStartAddress::
ASxxxx Assembler V05.50.4+NoICE+SDCCmods-WIP-R14  (Zilog Z80 / Hitachi HD64180 / ZX-Next / eZ80 / R800)                                Page 35
Hexadecimal [32-Bits]



    00000000                         87 	.ds		2
                                     88 
    00000002                         89 _g_ROMSlotID::
    00000002                         90 	.ds		1
                                     91 
                         00000000    92 	.if ROM_RAMISR
                                     93 		ALLOC_ROMINFO
                                     94 	.endif
                                     95 
                                     96 ;------------------------------------------------------------------------------
                                     97 ; Ordering of segments for the linker
                                     98 	.area	_INITIALIZED
                                     99 	.area	_BSEG
                                    100 	.area	_BSS
                                    101 	.area	_HEAP
